frame,frame_time_ns
1,285737400
2,723100
3,538200
4,537100
5,797300
6,670700
7,483300
8,654500
9,622801
10,615200
11,712799
12,524700
13,452001
14,438599
15,411500
16,366399
17,369201
18,378500
19,427200
20,336400
21,287499
22,565499
23,642700
24,443200
25,541801
26,468300
27,554399
28,532601
29,705401
30,563801
31,692200
32,613200
33,481101
34,283501
35,260300
36,388601
37,437601
38,501600
39,394700
40,347999
41,365799
42,405699
43,522499
44,630200
45,490400
46,553200
47,477099
48,407000
49,399800
50,261800
51,221900
52,190800
53,177601
54,172000
55,196800
56,194400
57,485200
58,413399
59,351399
60,274599
61,273800
62,271799
63,261100
64,261200
65,266600
66,260700
67,320300
68,259500
69,268700
70,256599
71,275300
72,280500
73,499899
74,691100
75,412600
76,344500
77,268500
78,221499
79,228500
80,241700
81,235400
82,218100
83,226500
84,244399
85,230400
86,388900
87,571501
88,431400
89,319999
90,209300
91,243800
92,248901
93,224899
94,268801
95,245200
96,223001
97,204200
98,247100
99,235701
100,200700
101,206200
102,232699
103,204900
104,388700
105,463501
106,387600
107,294700
108,306600
109,284701
110,285100
111,300700
112,771600
113,396100
114,287700
115,238499
116,248100
117,240001
118,245000
119,332600
120,335100
121,342800
122,327100
123,312301
124,294900
125,291001
126,241400
127,244700
128,212800
129,219800
130,226799
131,210300
132,169500
133,204199
134,189001
135,204400
136,264600
137,297600
138,249799
139,257500
140,263899
141,218099
142,208200
143,214800
144,212999
145,229900
146,218000
147,223699
148,208900
149,252799
150,221301
151,223101
152,167299
153,204401
154,178499
155,169300
156,193800
157,219700
158,189501
159,214600
160,237600
161,262499
162,252801
163,217599
164,202701
165,196301
166,185000
167,170999
168,202801
169,162099
170,179800
171,198000
172,164100
173,175799
174,238000
175,199200
176,174899
177,220900
178,224400
179,167501
180,200199
181,211199
182,509899
183,277400
184,253699
185,187000
186,212200
187,177499
188,186400
189,222800
190,189500
191,166800
192,201200
193,199301
194,203800
195,230100
196,175300
197,200900
198,238900
199,239600
200,261100
201,200900
202,185800
203,166600
204,195800
205,196800
206,246000
207,218700
208,230700
209,221199
210,173200
211,251100
212,222899
213,205400
214,157501
215,199400
216,151400
217,149400
218,149900
219,149200
220,194300
221,158400
222,182700
223,221699
224,198999
225,183400
226,173801
227,159100
228,158000
229,164899
230,154900
231,154700
232,221400
233,160200
234,164300
235,353399
236,167800
237,165000
238,163399
239,156900
240,211300
241,322600
242,167200
243,396399
244,272599
245,284101
246,404300
247,339701
248,292701
249,274100
250,283300
251,273400
252,276501
253,264600
254,219400
255,254200
256,219500
257,191100
258,220301
259,223400
260,228899
261,200800
262,202000
263,246000
264,276700
265,281400
266,272400
267,216600
268,187201
269,174800
270,157500
271,164300
272,159900
273,162700
274,153500
275,202500
276,176900
277,158900
278,158900
279,161501
280,158300
281,155800
282,152199
283,180800
284,154600
285,150600
286,174799
287,261399
288,470199
289,341400
290,214999
291,300700
292,208800
293,184300
294,389601
295,315499
296,267599
297,241400
298,238300
299,237200
300,249701
301,233300
302,209700
303,219200
304,235399
305,250401
306,548001
307,275900
308,253700
309,220100
310,302800
311,246600
312,219600
313,232400
314,215200
315,212800
316,236099
317,243401
318,225900
319,215500
320,236200
321,248201
322,256700
323,264200
324,210899
325,216400
326,196800
327,233899
328,228001
329,205300
330,232500
331,217501
332,222101
333,220601
334,213300
335,207600
336,218100
337,262899
338,197000
339,217301
340,209800
341,226100
342,226901
343,298700
344,244800
345,228699
346,208900
347,204200
348,216700
349,260700
350,334800
351,246800
352,363699
353,237100
354,223001
355,215100
356,258700
357,192601
358,390400
359,232500
360,206800
361,239900
362,346000
363,237100
364,293399
365,244999
366,182400
367,202700
368,185900
369,227100
370,190900
371,218300
372,170700
373,176900
374,194999
375,195500
376,208901
377,196499
378,199499
379,195901
380,217800
381,198200
382,232300
383,257500
384,204000
385,231901
386,163900
387,154400
388,151200
389,210199
390,151500
391,149100
392,198400
393,149600
394,148800
395,149701
396,150001
397,149500
398,148801
399,192200
400,149699
401,186500
402,150300
403,150000
404,148200
405,148500
406,154699
407,149600
408,148601
409,153500
410,314200
411,292500
412,245801
413,195200
414,228900
415,238700
416,220401
417,205500
418,206201
419,217001
420,196800
421,219100
422,218201
423,216800
424,189201
425,208800
426,199400
427,245399
428,282700
429,206700
430,210900
431,413400
432,237400
433,220601
434,208300
435,221000
436,200600
437,208800
438,209800
439,203601
440,204600
441,213100
442,216201
443,213100
444,166300
445,165499
446,156800
447,160100
448,158900
449,160500
450,175199
451,190300
452,251300
453,243101
454,224799
455,224000
456,225300
457,259700
458,210000
459,219401
460,223700
461,200300
462,214399
463,221100
464,232301
465,200400
466,221400
467,205200
468,187901
469,233500
470,243800
471,240800
472,194400
473,175700
474,154200
475,147200
476,146000
477,148999
478,146400
479,148601
480,193800
481,160500
482,152099
483,152701
484,215600
485,158500
486,217000
487,146200
488,144799
489,180200
490,146300
491,146000
492,143400
493,200701
494,145501
495,148599
496,152300
497,159101
498,228399
499,193300
500,279199
501,223699
502,220200
503,218600
504,221800
505,238300
506,202001
507,214699
508,215399
509,221699
510,204600
511,220600
512,211900
513,236400
514,217599
515,224299
516,210300
517,206700
518,266700
519,224600
520,245200
521,207600
522,212000
523,223800
524,194801
525,258600
526,201900
527,180800
528,202400
529,158299
530,157599
531,189400
532,148301
533,154801
534,150401
535,148100
536,150101
537,149600
538,148000
539,149499
540,242700
541,191400
542,179100
543,187100
544,179701
545,197600
546,166900
547,159200
548,149900
549,181800
550,152500
551,147101
552,187501
553,152000
554,146799
555,151200
556,152900
557,152101
558,160299
559,153300
560,160901
561,154399
562,154100
563,153300
564,178901
565,166200
566,157101
567,156500
568,164901
569,192300
570,418101
571,332800
572,323000
573,234700
574,190600
575,192799
576,167299
577,157901
578,157200
579,159700
580,175200
581,161301
582,156799
583,207999
584,174999
585,161599
586,152700
587,158899
588,196100
589,200601
590,193100
591,197300
592,175400
593,151200
594,152799
595,288001
596,177901
597,158400
598,229400
599,176800
600,172299
601,159900
602,181500
603,176900
604,201700
605,187999
606,192000
607,210801
608,175301
609,187299
610,184100
611,215500
612,249001
613,246900
614,321800
615,371701
616,262301
617,234899
618,205701
619,221499
620,215000
621,231000
622,176200
623,208700
624,244199
625,185599
626,176400
627,160500
628,162800
629,196900
630,203600
631,233100
632,187400
633,229499
634,240800
635,283800
636,229300
637,193400
638,215000
639,169499
640,216499
641,238401
642,166300
643,185700
644,172999
645,175799
646,212500
647,220900
648,207900
649,165400
650,211100
651,182801
652,212600
653,165900
654,172100
655,179700
656,490099
657,471000
658,327500
659,274600
660,255200
661,187199
662,236099
663,246800
664,227799
665,229299
666,214199
667,523399
668,476001
669,485000
670,465400
671,638201
672,643201
673,463400
674,395700
675,417300
676,512400
677,521100
678,604800
679,542600
680,941600
681,788300
682,564999
683,514400
684,428800
685,500100
686,671000
687,806500
688,635900
689,533200
690,572001
691,595999
692,458101
693,484300
694,488800
695,791701
696,719701
697,786800
698,859800
699,876999
700,1034700
701,815301
702,753799
703,644800
704,764500
705,713500
706,754800
707,904899
708,995800
709,724099
710,665200
711,640299
712,560400
713,515600
714,576801
715,618300
716,635700
717,523900
718,533900
719,721599
720,635500
721,715500
722,554800
723,909700
724,646401
725,559700
726,582599
727,616400
728,696700
729,749299
730,617699
731,578800
732,642300
733,763601
734,611700
735,471500
736,877200
737,751499
738,540800
739,591099
740,583301
741,752399
742,751800
743,996800
744,937600
745,757900
746,701999
747,659800
748,585400
749,614201
750,919699
751,756500
752,767000
753,579001
754,466000
755,435100
756,546399
757,548001
758,974100
759,866100
760,774900
761,717400
762,1034301
763,687201
764,815501
765,595900
766,445201
767,720200
768,468401
769,452601
770,1013899
771,488300
772,422701
773,330999
774,294200
775,327400
776,381800
777,407100
778,354700
779,357001
780,362799
781,482099
782,467801
783,294501
784,255600
785,250600
786,449101
787,545000
788,531100
789,520600
790,518700
791,522401
792,685000
793,432000
794,355700
795,271900
796,335401
797,263600
798,353099
799,352899
800,312600
801,243300
802,269000
803,197000
804,216700
805,235299
806,199600
807,238001
808,311400
809,294100
810,333899
811,261299
812,227200
813,284101
814,313400
815,310199
816,257300
817,261000
818,219301
819,266900
820,296601
821,273700
822,277200
823,216699
824,361500
825,423100
826,403799
827,323400
828,240100
829,249000
830,220700
831,240800
832,264901
833,259600
834,330400
835,361800
836,304300
837,297799
838,270300
839,219600
840,251199
841,270700
842,727699
843,671599
844,739200
845,316999
846,252300
847,259600
848,245800
849,240500
850,222500
851,207300
852,219500
853,233000
854,368901
855,290500
856,277101
857,219500
858,175001
859,191000
860,180100
861,181500
862,260601
863,235501
864,201400
865,250300
866,219399
867,191800
868,225201
869,188000
870,211400
871,222399
872,221701
873,198299
874,257299
875,255700
876,292000
877,223401
878,218500
879,209600
880,222400
881,214000
882,260399
883,281700
884,283700
885,362700
886,349900
887,384900
888,272900
889,207200
890,167400
891,188000
892,236000
893,232100
894,354400
895,310700
896,269400
897,273000
898,211900
899,219001
900,235801
901,240900
902,212500
903,249800
904,234000
905,208201
906,220001
907,233300
908,205900
909,235501
910,236100
911,276000
912,341300
913,476700
914,257800
915,198999
916,168200
917,158800
918,158400
919,183500
920,387000
921,265601
922,299000
923,263900
924,251699
925,262299
926,249101
927,248100
928,304100
929,413500
930,366600
931,357001
932,414600
933,275899
934,268100
935,237799
936,285100
937,254400
938,214400
939,214299
940,231001
941,206799
942,212500
943,207300
944,221600
945,220700
946,229100
947,221101
948,600001
949,362000
950,274100
951,325400
952,261000
953,225900
954,258199
955,229700
956,213901
957,279400
958,236901
959,281500
960,178299
961,253300
962,280600
963,305099
964,283800
965,244400
966,226399
967,242400
968,228600
969,222101
970,223400
971,216100
972,199299
973,213701
974,223899
975,232500
976,213800
977,208601
978,239301
979,274901
980,295500
981,266199
982,325500
983,397099
984,255099
985,205300
986,193600
987,173600
988,184999
989,162300
990,160800
991,192400
992,165100
993,150499
994,152400
995,149299
996,146901
997,146399
998,151501
999,149900
1000,148501
1001,146199
1002,153999
1003,149399
1004,146500
1005,145600
1006,152500
1007,163600
1008,157899
1009,158099
1010,169700
1011,169700
1012,236100
1013,244300
1014,223200
1015,171600
1016,172300
1017,173600
1018,196901
1019,228999
1020,189900
1021,218499
1022,167899
1023,257300
1024,169999
1025,177500
1026,223501
1027,181701
1028,171000
1029,190501
1030,287600
1031,247299
1032,397999
1033,206501
1034,203900
1035,194600
1036,183600
1037,158601
1038,186699
1039,201600
1040,250101
1041,225200
1042,225200
1043,220301
1044,222900
1045,209299
1046,202900
1047,192900
1048,180101
1049,165501
1050,188800
1051,188399
1052,220900
1053,232399
1054,232900
1055,219500
1056,209300
1057,203300
1058,178400
1059,182801
1060,191400
1061,202600
1062,190699
1063,180600
1064,173401
1065,165500
1066,211100
1067,168899
1068,170100
1069,258000
1070,171600
1071,229901
1072,222099
1073,221200
1074,188100
1075,196199
1076,409200
1077,198000
1078,214700
1079,228500
1080,227300
1081,224400
1082,220400
1083,156900
1084,165799
1085,233100
1086,193900
1087,190500
1088,201400
1089,172400
1090,166600
1091,170299
1092,185100
1093,166201
1094,200800
1095,241400
1096,246500
1097,231700
1098,221100
1099,203400
1100,193401
1101,171400
1102,171900
1103,203599
1104,214399
1105,184201
1106,168099
1107,230400
1108,210500
1109,216800
1110,204600
1111,211499
1112,159201
1113,207401
1114,194900
1115,161901
1116,214900
1117,314100
1118,309800
1119,233200
1120,224300
1121,261600
1122,186100
1123,204499
1124,174500
1125,264899
1126,192700
1127,175499
1128,181900
1129,152100
1130,149501
1131,152000
1132,189301
1133,170401
1134,174099
1135,155600
1136,144400
1137,160100
1138,144100
1139,188600
1140,159300
1141,169900
1142,170200
1143,156900
1144,157900
1145,165700
1146,233800
1147,179700
1148,186999
1149,212600
1150,173801
1151,167500
1152,213501
1153,148300
1154,179400
1155,261001
1156,222800
1157,216100
1158,222401
1159,218401
1160,195500
1161,216400
1162,227400
1163,229699
1164,259600
1165,241100
1166,214600
1167,188901
1168,232101
1169,188200
1170,205600
1171,223899
1172,193700
1173,208801
1174,209500
1175,204200
1176,232299
1177,229299
1178,222301
1179,210600
1180,196899
1181,312399
1182,217101
1183,177101
1184,218900
1185,256201
1186,292500
1187,190900
1188,260300
1189,230800
1190,214800
1191,216100
1192,207699
1193,208601
1194,226800
1195,211300
1196,171301
1197,155001
1198,200900
1199,150700
1200,175500
1201,222899
1202,225399
1203,260299
1204,185699
1205,171999
1206,172500
1207,227801
1208,438200
1209,242100
1210,248800
1211,169400
1212,204799
1213,173600
1214,175499
1215,170000
1216,218500
1217,202000
1218,165600
1219,164900
1220,155301
1221,173401
1222,163000
1223,208800
1224,195699
1225,226400
1226,210601
1227,299700
1228,255599
1229,208199
1230,163500
1231,188099
1232,175700
1233,178499
1234,181400
1235,210000
1236,200801
1237,192900
1238,172799
1239,231600
1240,207799
1241,231800
1242,196301
1243,163800
1244,168100
1245,231099
1246,211399
1247,173600
1248,226099
1249,197600
1250,205899
1251,270900
1252,226299
1253,215300
1254,162799
1255,172600
1256,214100
1257,190400
1258,170500
1259,165500
1260,169300
1261,170099
1262,195600
1263,222801
1264,189601
1265,144600
1266,292200
1267,204399
1268,200600
1269,220900
1270,167700
1271,217799
1272,191500
1273,256600
1274,221900
1275,221301
1276,170001
1277,177800
1278,192700
1279,158899
1280,173199
1281,175100
1282,197800
1283,190099
1284,148200
1285,191500
1286,159099
1287,177101
1288,166700
1289,173900
1290,214600
1291,157999
1292,175700
1293,193400
1294,245801
1295,233600
1296,246201
1297,181301
1298,194801
1299,173399
1300,161200
1301,225300
1302,173201
1303,224599
1304,223199
1305,343100
1306,170500
1307,180199
1308,210899
1309,184200
1310,171900
1311,213600
1312,157001
1313,170399
1314,171200
1315,189500
1316,174500
1317,164901
1318,313500
1319,261301
1320,187801
1321,188300
1322,215600
1323,172599
1324,246499
1325,176099
1326,182400
1327,202000
1328,167800
1329,206599
1330,205699
1331,218900
1332,190400
1333,164801
1334,198399
1335,178400
1336,168901
1337,273300
1338,210000
1339,179799
1340,183199
1341,162000
1342,427700
1343,284400
1344,209500
1345,190700
1346,210599
1347,225600
1348,166600
1349,206100
1350,182700
1351,181000
1352,252201
1353,211700
1354,190999
1355,153699
1356,286201
1357,188800
1358,168300
1359,256101
1360,197400
1361,163200
1362,240500
1363,191200
1364,249099
1365,203001
1366,144500
1367,175800
1368,245200
1369,185201
1370,169400
1371,209400
1372,189900
1373,214399
1374,159199
1375,162501
1376,212699
1377,155201
1378,245300
1379,175800
1380,150200
1381,182201
1382,201900
1383,226899
1384,201700
1385,237301
1386,233100
1387,219899
1388,167200
1389,170100
1390,184800
1391,192800
1392,180400
1393,194500
1394,171600
1395,179300
1396,201701
1397,170799
1398,239101
1399,234600
1400,192100
1401,231199
1402,162599
1403,158601
1404,189700
1405,185400
1406,255101
1407,301100
1408,249000
1409,170701
1410,170200
1411,230601
1412,155799
1413,170801
1414,171100
1415,174099
1416,173199
1417,204900
1418,168600
1419,163200
1420,161700
1421,168700
1422,177900
1423,169100
1424,150301
1425,194100
1426,178901
1427,180499
1428,176801
1429,168601
1430,232800
1431,300699
1432,182500
1433,187800
1434,218600
1435,160700
1436,159401
1437,161800
1438,169599
1439,180500
1440,175100
1441,183500
1442,184400
1443,188701
1444,282001
1445,277700
1446,228100
1447,210501
1448,215700
1449,211300
1450,205300
1451,221900
1452,256100
1453,272301
1454,241900
1455,206901
1456,202599
1457,204300
1458,209700
1459,223600
1460,213901
1461,205501
1462,290100
1463,172400
1464,292000
1465,224100
1466,208600
1467,189900
1468,227500
1469,219699
1470,247401
1471,243600
1472,236300
1473,639800
1474,398499
1475,286001
1476,230400
1477,204200
1478,255399
1479,242500
1480,243999
1481,205400
1482,231800
1483,203199
1484,232801
1485,167800
1486,171401
1487,168400
1488,214401
1489,241301
1490,214701
1491,217100
1492,277100
1493,208600
1494,199700
1495,229900
1496,206300
1497,206400
1498,208699
1499,220199
1500,213100
1501,192300
1502,210300
1503,186101
1504,202001
1505,205999
1506,202600
1507,217701
1508,219401
1509,282600
1510,243500
1511,265100
1512,212200
1513,203100
1514,172899
1515,227700
1516,231299
1517,169200
1518,348801
1519,263099
1520,238800
1521,239500
1522,239801
1523,215099
1524,308900
1525,228600
1526,248300
1527,206000
1528,176200
1529,231500
1530,301800
1531,189499
1532,200100
1533,271400
1534,194899
1535,163900
1536,150301
1537,149600
1538,209600
1539,206300
1540,201600
1541,182800
1542,162201
1543,209301
1544,163301
1545,162199
1546,163200
1547,177200
1548,164399
1549,181200
1550,192701
1551,185601
1552,214401
1553,163500
1554,237100
1555,176200
1556,243700
1557,225400
1558,202000
1559,212700
1560,169600
1561,243300
1562,151300
1563,153500
1564,190200
1565,222300
1566,182700
1567,181401
1568,214600
1569,158300
1570,200800
1571,201901
1572,190499
1573,208399
1574,190100
1575,152300
1576,181901
1577,171800
1578,217700
1579,173700
1580,176700
1581,187300
1582,187299
1583,165400
1584,152900
1585,147899
1586,146100
1587,178800
1588,194300
1589,145300
1590,144600
1591,159000
1592,145200
1593,145700
1594,144200
1595,144700
1596,143399
1597,146000
1598,145699
1599,154200
1600,182201
1601,148300
1602,147800
1603,620599
1604,517400
1605,367700
1606,289499
1607,220900
1608,205500
1609,185399
1610,212500
1611,194300
1612,175000
1613,156400
1614,214899
1615,251301
1616,263800
1617,479701
1618,371600
1619,257900
1620,246501
1621,229300
1622,241600
1623,196500
1624,197900
1625,195801
1626,189700
1627,170700
1628,192000
1629,247199
1630,202801
1631,232400
1632,214900
1633,214599
1634,190900
1635,261400
1636,324001
1637,288301
1638,278901
1639,240301
1640,205700
1641,223801
1642,230901
1643,238801
1644,279100
1645,276799
1646,305899
1647,476801
1648,220301
1649,256399
1650,227400
1651,365900
1652,213301
1653,196900
1654,193901
1655,260401
1656,216701
1657,209901
1658,220299
1659,150099
1660,215001
1661,194300
1662,209300
1663,200599
1664,227001
1665,196500
1666,198001
1667,209000
1668,308700
1669,292000
1670,164400
1671,156801
1672,271699
1673,227700
1674,248599
1675,218000
1676,255900
1677,190000
1678,203900
1679,158700
1680,206300
1681,256501
1682,155900
1683,207000
1684,160899
1685,190000
1686,182500
1687,199000
1688,209800
1689,203900
1690,178299
1691,200600
1692,340100
1693,221500
1694,234600
1695,216300
1696,246600
1697,404899
1698,332000
1699,273100
1700,241299
1701,225600
1702,193000
1703,204201
1704,206801
1705,205200
1706,220700
1707,223600
1708,205400
1709,167199
1710,178999
1711,160200
1712,202100
1713,256200
1714,181999
1715,222600
1716,209300
1717,576201
1718,350600
1719,289300
1720,255300
1721,236800
1722,220201
1723,209200
1724,218900
1725,233200
1726,222201
1727,226099
1728,223999
1729,219800
1730,262399
1731,331201
1732,321601
1733,267500
1734,227900
1735,247300
1736,203100
1737,229399
1738,376601
1739,277900
1740,258800
1741,241599
1742,380900
1743,277299
1744,236100
1745,220800
1746,213100
1747,221800
1748,290100
1749,346900
1750,302601
1751,288400
1752,252800
1753,240699
1754,264999
1755,259200
1756,246600
1757,251400
1758,293199
1759,300000
1760,313699
1761,240900
1762,260200
1763,228200
1764,223001
1765,280100
1766,434500
1767,607100
1768,420999
1769,345900
1770,329001
1771,290601
1772,360999
1773,415800
1774,453900
1775,327601
1776,274501
1777,276099
1778,624100
1779,667400
1780,542800
1781,481300
1782,427700
1783,445499
1784,357500
1785,408301
1786,434200
1787,372901
1788,437300
1789,559001
1790,594601
1791,584800
1792,456900
1793,364900
1794,421800
1795,402800
1796,398201
1797,380200
1798,338599
1799,450399
1800,704601
1801,635100
1802,504100
1803,435100
1804,501300
1805,408400
1806,391400
1807,465600
1808,647901
1809,523900
1810,536400
1811,397900
1812,416600
1813,362499
1814,355300
1815,363700
1816,497300
1817,514700
1818,665300
1819,516301
1820,379699
1821,436000
1822,409701
1823,574701
1824,646800
1825,573799
1826,529200
1827,811000
1828,874899
1829,552200
1830,433300
1831,374300
1832,328799
1833,338799
1834,336000
1835,335199
1836,396801
1837,287300
1838,287201
1839,335600
1840,273900
1841,244400
1842,229601
1843,228300
1844,245400
1845,257901
1846,508600
1847,348799
1848,367301
1849,379999
1850,318500
1851,299500
1852,460299
1853,561800
1854,699101
1855,422100
1856,348301
1857,296800
1858,262100
1859,317499
1860,312000
1861,249199
1862,218900
1863,188500
1864,229501
1865,223601
1866,211799
1867,210400
1868,581300
1869,432500
1870,307300
1871,245199
1872,242000
1873,243500
1874,248801
1875,233199
1876,321100
1877,424501
1878,556100
1879,1268500
1880,553100
1881,451500
1882,325900
1883,293799
1884,296199
1885,274200
1886,236999
1887,230299
1888,219500
1889,432300
1890,472000
1891,609700
1892,598200
1893,574600
1894,694000
1895,572400
1896,616800
1897,664900
1898,783500
1899,567400
1900,509600
1901,638600
1902,522701
1903,607599
1904,522101
1905,520400
1906,675500
1907,593899
1908,570399
1909,460000
1910,257100
1911,343900
1912,291799
1913,335300
1914,442600
1915,316500
1916,274200
1917,255400
1918,321400
1919,355299
1920,366399
1921,294400
1922,251000
1923,244599
1924,246199
1925,212600
1926,237300
1927,231800
1928,255500
1929,268301
1930,266600
1931,257001
1932,250900
1933,311499
1934,278700
1935,320599
1936,697900
1937,406599
1938,442600
1939,349200
1940,314500
1941,228201
1942,260501
1943,258400
1944,242701
1945,268101
1946,224700
1947,310200
1948,337500
1949,386900
1950,307801
1951,268999
1952,278900
1953,238401
1954,216500
1955,291300
1956,272899
1957,307099
1958,214899
1959,239700
1960,228900
1961,224100
1962,244800
1963,303700
1964,300100
1965,315001
1966,236300
1967,343900
1968,330800
1969,271200
1970,286100
1971,290600
1972,423000
1973,221999
1974,208500
1975,182300
1976,198001
1977,469500
1978,269000
1979,249499
1980,218300
1981,337300
1982,281800
1983,300300
1984,278700
1985,219600
1986,181800
1987,179200
1988,166300
1989,163200
1990,178801
1991,200099
1992,146001
1993,158901
1994,218099
1995,202601
1996,162000
1997,183101
1998,179100
1999,170200
2000,206400
2001,214800
2002,196501
2003,156400
2004,295100
2005,272100
2006,284000
2007,240999
2008,220500
2009,167100
2010,169999
2011,198600
2012,166199
2013,215100
2014,173501
2015,205101
2016,226500
2017,185500
2018,154401
2019,163300
2020,186200
2021,188100
2022,167999
2023,179600
2024,157400
2025,186599
2026,242100
2027,248299
2028,237601
2029,182200
2030,324800
2031,255399
2032,228601
2033,226800
2034,214200
2035,228800
2036,210300
2037,215700
2038,205400
2039,206300
2040,213000
2041,198500
2042,224700
2043,221199
2044,264800
2045,256699
2046,304900
2047,581900
2048,316600
2049,280900
2050,188200
2051,162299
2052,148499
2053,147301
2054,218199
2055,154600
2056,150200
2057,148600
2058,182100
2059,150601
2060,146401
2061,146200
2062,150001
2063,146299
2064,179500
2065,167200
2066,167100
2067,247300
2068,234199
2069,270100
2070,241100
2071,191401
2072,179799
2073,219400
2074,171600
2075,205200
2076,197400
2077,270600
2078,209501
2079,167600
2080,165800
2081,177400
2082,208501
2083,214600
2084,188900
2085,168301
2086,214600
2087,176200
2088,154300
2089,152601
2090,159900
2091,164600
2092,149000
2093,144200
2094,167401
2095,147400
2096,143500
2097,144499
2098,163599
2099,147301
2100,145501
2101,146800
2102,216099
2103,145201
2104,150100
2105,162600
2106,143299
2107,144501
2108,143001
2109,252400
2110,145600
2111,142900
2112,142399
2113,146600
2114,145000
2115,148700
2116,210300
2117,172600
2118,209600
2119,279899
2120,220200
2121,220299
2122,144400
2123,139599
2124,145601
2125,155199
2126,144301
2127,251600
2128,242999
2129,225699
2130,206300
2131,249499
2132,249700
2133,223701
2134,223300
2135,211000
2136,224300
2137,208101
2138,208700
2139,215501
2140,232001
2141,199500
2142,189400
2143,184900
2144,233900
2145,211399
2146,219699
2147,212500
2148,202399
2149,194200
2150,193800
2151,185100
2152,194500
2153,190000
2154,202901
2155,182400
2156,200800
2157,200101
2158,155401
2159,192301
2160,221800
2161,216899
2162,258199
2163,261301
2164,223000
2165,219700
2166,188100
2167,219099
2168,187000
2169,222200
2170,192599
2171,179700
2172,201300
2173,208400
2174,168000
2175,218300
2176,227499
2177,297100
2178,206399
2179,211900
2180,190500
2181,183701
2182,201799
2183,515800
2184,290500
2185,219099
2186,236600
2187,214000
2188,199400
2189,143200
2190,160300
2191,185599
2192,161100
2193,162301
2194,189799
2195,156900
2196,197700
2197,173000
2198,190400
2199,222300
2200,151500
2201,237400
2202,261700
2203,213000
2204,167600
2205,286899
2206,249800
2207,275999
2208,277600
2209,255300
2210,212399
2211,206100
2212,216900
2213,225299
2214,231600
2215,186799
2216,166600
2217,190701
2218,211801
2219,221600
2220,201699
2221,289300
2222,281099
2223,300100
2224,244200
2225,191300
2226,204300
2227,210000
2228,212300
2229,281600
2230,294799
2231,312100
2232,282899
2233,264901
2234,241301
2235,231499
2236,246000
2237,221499
2238,177200
2239,247600
2240,220100
2241,236100
2242,274999
2243,250999
2244,202999
2245,201001
2246,201801
2247,241799
2248,263801
2249,278500
2250,225300
2251,211401
2252,287400
2253,252900
2254,239800
2255,236500
2256,229800
2257,212800
2258,223600
2259,220199
2260,217400
2261,233700
2262,242699
2263,246200
2264,245700
2265,210200
2266,189700
2267,215700
2268,222301
2269,178000
2270,173600
2271,208400
2272,205700
2273,242101
2274,225700
2275,217099
2276,216500
2277,215599
2278,172300
2279,227000
2280,164600
2281,176000
2282,215500
2283,202000
2284,237401
2285,425099
2286,220299
2287,194099
2288,155299
2289,151300
2290,151000
2291,155399
2292,146300
2293,215700
2294,164101
2295,167700
2296,152201
2297,145900
2298,140300
2299,141600
2300,140401
2301,154500
2302,141400
2303,179400
2304,140700
2305,140600
2306,141000
2307,141600
2308,158100
2309,415600
2310,236699
2311,176199
2312,211600
2313,223099
2314,201700
2315,196900
2316,177201
2317,168000
2318,190499
2319,191800
2320,179600
2321,152300
2322,160900
2323,149501
2324,200300
2325,183401
2326,193700
2327,180900
2328,205499
2329,189900
2330,400301
2331,253900
2332,231401
2333,215900
2334,186700
2335,202301
2336,207000
2337,203101
2338,197199
2339,176100
2340,191800
2341,180600
2342,214800
2343,193299
2344,195299
2345,194000
2346,218600
2347,191999
2348,173701
2349,218400
2350,166701
2351,177100
2352,196799
2353,273300
2354,198499
2355,169700
2356,183700
2357,218499
2358,167901
2359,210200
2360,210001
2361,199600
2362,187300
2363,173600
2364,168899
2365,270900
2366,210700
2367,173400
2368,164101
2369,184100
2370,187900
2371,274900
2372,247099
2373,255901
2374,207501
2375,274500
2376,242199
2377,226700
2378,252399
2379,238900
2380,216400
2381,192000
2382,213299
2383,180100
2384,203000
2385,202500
2386,215900
2387,201800
2388,166300
2389,172200
2390,159300
2391,213600
2392,207600
2393,191300
2394,368400
2395,398901
2396,387000
2397,294600
2398,226000
2399,185500
2400,197199
2401,195600
2402,230199
2403,204900
2404,181101
2405,216799
2406,212500
2407,226600
2408,261000
2409,237601
2410,173300
2411,187601
2412,196501
2413,201200
2414,192000
2415,196500
2416,175600
2417,185200
2418,240000
2419,202400
2420,178899
2421,224599
2422,177399
2423,207700
2424,195500
2425,191200
2426,163701
2427,197201
2428,257200
2429,260100
2430,156300
2431,194401
2432,197300
2433,226300
2434,173900
2435,178300
2436,249800
2437,430400
2438,213501
2439,212200
2440,189800
2441,206300
2442,176600
2443,177000
2444,173201
2445,203599
2446,191299
2447,157700
2448,162900
2449,160899
2450,199501
2451,235400
2452,162300
2453,161200
2454,162100
2455,147801
2456,171599
2457,308900
2458,206100
2459,296601
2460,189300
2461,175500
2462,189400
2463,178999
2464,219001
2465,192599
2466,153600
2467,149799
2468,190900
2469,184101
2470,193001
2471,152000
2472,146399
2473,181500
2474,177300
2475,166099
2476,171100
2477,188700
2478,153700
2479,197201
2480,202600
2481,245200
2482,316001
2483,189400
2484,203499
2485,183201
2486,171900
2487,185500
2488,182900
2489,275000
2490,316200
2491,441200
2492,218600
2493,216200
2494,175900
2495,208800
2496,201401
2497,171600
2498,352699
2499,203000
2500,197200
2501,195599
2502,464099
2503,538400
2504,364800
2505,341400
2506,306799
2507,272200
2508,293800
2509,331700
2510,358500
2511,328500
2512,303200
2513,372500
2514,378900
2515,482300
2516,497900
2517,405500
2518,313300
2519,382800
2520,227300
2521,226300
2522,293100
2523,181700
2524,174200
2525,162800
2526,196300
2527,166000
2528,158900
2529,175300
2530,155700
2531,151700
2532,150200
2533,146800
2534,175700
2535,177000
2536,178600
2537,301000
2538,225500
2539,192100
2540,166800
2541,150100
2542,149000
2543,159000
2544,152200
2545,149700
2546,148700
2547,157200
2548,148200
2549,155100
2550,151800
2551,149000
2552,190800
2553,160000
2554,188100
2555,149500
2556,158600
2557,146900
2558,145200
2559,145600
2560,149500
2561,146300
2562,373000
2563,209700
2564,341700
2565,269900
2566,245600
2567,245200
2568,241200
2569,242000
2570,237200
2571,241200
2572,240900
2573,242000
2574,239900
2575,232500
2576,241200
2577,222800
2578,273600
2579,282800
2580,254500
2581,245000
2582,289500
2583,235700
2584,231100
2585,215000
2586,188900
2587,217500
2588,222900
2589,214600
2590,194800
2591,199200
2592,196400
2593,208300
2594,228800
2595,193500
2596,184100
2597,216800
2598,194300
2599,214700
2600,214300
2601,477100
2602,274400
2603,270100
2604,243800
2605,268900
2606,260800
2607,224700
2608,197500
2609,192800
2610,219000
2611,223200
2612,188200
2613,227000
2614,256000
2615,213100
2616,202400
2617,223800
2618,240000
2619,250700
2620,282400
2621,268800
2622,207800
2623,209700
2624,208500
2625,228400
2626,181800
2627,216100
2628,209000
2629,223500
2630,220300
2631,178800
2632,179600
2633,169800
2634,175600
2635,204600
2636,183300
2637,210200
2638,201100
2639,253000
2640,300100
2641,334000
2642,243300
2643,219200
2644,193600
2645,164200
2646,277800
2647,236200
2648,214200
2649,202900
2650,186100
2651,258900
2652,192800
2653,232800
2654,186300
2655,179400
2656,172900
2657,186500
2658,175100
2659,199200
2660,160200
2661,197000
2662,178300
2663,166700
2664,190200
2665,193500
2666,190700
2667,164500
2668,208000
2669,206100
2670,199800
2671,218400
2672,158100
2673,242900
2674,187900
2675,267000
2676,162800
2677,206600
2678,221300
2679,197300
2680,230100
2681,174800
2682,191600
2683,174800
2684,404300
2685,237800
2686,172000
2687,197700
2688,181800
2689,195200
2690,173400
2691,206900
2692,359600
2693,228900
2694,198000
2695,202700
2696,198200
2697,175500
2698,199400
2699,190300
2700,174200
2701,168500
2702,202200
2703,182100
2704,183500
2705,208300
2706,183800
2707,165400
2708,208600
2709,189600
2710,194700
2711,204600
2712,196000
2713,217600
2714,199400
2715,196400
2716,268300
2717,216100
2718,210600
2719,192400
2720,199000
2721,212400
2722,197900
2723,202100
2724,215100
2725,281300
2726,385600
2727,242400
2728,202400
2729,205100
2730,231600
2731,192000
2732,203800
2733,217200
2734,206300
2735,224100
2736,208800
2737,242600
2738,192100
2739,197800
2740,214800
2741,211400
2742,213000
2743,196100
2744,220900
2745,216400
2746,220800
2747,239900
2748,338900
2749,272500
2750,273000
2751,260300
2752,268900
2753,226500
2754,220600
2755,185200
2756,205900
2757,201000
2758,271300
2759,187600
2760,189000
2761,177600
2762,218800
2763,215300
2764,159200
2765,182000
2766,204900
2767,199900
2768,337900
2769,287200
2770,215600
2771,205800
2772,169600
2773,195000
2774,210100
2775,160600
2776,177000
2777,162700
2778,207100
2779,174000
2780,170200
2781,186000
2782,199500
2783,196400
2784,188200
2785,216400
2786,214900
2787,210400
2788,209100
2789,179800
2790,177500
2791,291300
2792,230700
2793,154400
2794,188800
2795,259900
2796,206600
2797,245800
2798,230700
2799,210900
2800,226300
2801,262800
2802,224800
2803,244700
2804,178000
2805,201200
2806,213400
2807,210600
2808,183000
2809,222300
2810,205100
2811,488300
2812,289800
2813,209300
2814,220800
2815,220900
2816,183300
2817,233600
2818,206400
2819,211400
2820,226100
2821,201200
2822,201200
2823,152200
2824,142700
2825,223200
2826,215500
2827,220300
2828,234600
2829,407300
2830,268800
2831,256500
2832,200600
2833,180900
2834,153200
2835,207800
2836,205500
2837,176300
2838,168500
2839,176400
2840,184200
2841,165500
2842,157300
2843,163900
2844,168700
2845,171600
2846,207900
2847,165000
2848,177800
2849,144200
2850,174500
2851,162900
2852,161100
2853,165700
2854,201200
2855,186600
2856,220400
2857,219900
2858,237400
2859,186700
2860,181100
2861,202300
2862,314400
2863,191600
2864,180100
2865,209900
2866,161400
2867,151600
2868,172100
2869,177500
2870,211500
2871,203400
2872,216800
2873,186600
2874,149100
2875,178400
2876,163000
2877,182500
2878,220000
2879,250100
2880,217600
2881,211300
2882,182800
2883,196400
2884,207200
2885,213500
2886,197500
2887,184800
2888,193700
2889,221800
2890,177500
2891,196200
2892,271400
2893,172900
2894,242500
2895,170300
2896,172000
2897,228100
2898,198800
2899,287600
2900,186500
2901,237900
2902,174500
2903,189300
2904,161600
2905,203300
2906,184700
2907,203200
2908,177900
2909,194000
2910,184300
2911,221300
2912,192200
2913,204400
2914,162800
2915,167000
2916,169100
2917,266400
2918,234700
2919,265500
2920,267000
2921,283900
2922,362500
2923,317400
2924,205300
2925,203400
2926,286100
2927,248600
2928,219500
2929,210300
2930,183000
2931,217300
2932,227800
2933,217000
2934,237200
2935,200000
2936,215700
2937,198100
2938,212600
2939,518700
2940,293100
2941,242900
2942,224000
2943,217300
2944,225400
2945,223700
2946,277500
2947,292400
2948,230800
2949,198800
2950,209300
2951,189000
2952,195700
2953,185800
2954,227700
2955,252100
2956,305000
2957,232800
2958,178000
2959,208200
2960,195400
2961,211200
2962,197500
2963,191000
2964,174500
2965,229700
2966,185700
2967,209500
2968,163700
2969,193600
2970,196500
2971,214000
2972,245200
2973,210900
2974,191600
2975,243300
2976,235700
2977,232700
2978,270300
2979,217000
2980,229000
2981,199300
2982,155800
2983,215200
2984,201900
2985,251900
2986,215500
2987,233100
2988,257000
2989,213400
2990,243400
2991,236700
2992,205500
2993,188400
2994,238300
2995,216200
2996,267500
2997,262000
2998,289700
2999,211300
3000,204700
3001,195800
3002,211500
3003,220300
3004,204700
3005,270700
3006,218700
3007,188300
3008,205500
3009,198800
3010,193600
3011,199500
3012,197600
3013,218500
3014,168700
3015,161200
3016,231500
3017,185200
3018,179800
3019,270400
3020,272900
3021,214300
3022,210700
3023,227600
3024,165600
3025,177100
3026,185200
3027,152300
3028,288400
3029,152900
3030,149500
3031,146600
3032,178900
3033,151800
3034,146200
3035,190600
3036,145900
3037,144200
3038,143400
3039,142000
3040,139800
3041,140100
3042,140800
3043,144100
3044,152400
3045,158800
3046,215600
3047,166800
3048,164600
3049,191000
3050,158900
3051,150700
3052,191600
3053,148600
3054,141400
3055,138300
3056,140100
3057,152900
3058,140100
3059,140800
3060,139500
3061,140200
3062,139700
3063,142500
3064,139200
3065,146500
3066,142200
3067,156000
3068,142100
3069,142600
3070,143000
3071,172800
3072,403800
3073,228700
3074,165200
3075,148300
3076,141400
3077,147400
3078,140500
3079,159800
3080,141500
3081,181500
3082,141800
3083,145200
3084,166400
3085,139900
3086,141700
3087,148200
3088,146500
3089,140800
3090,139700
3091,139800
3092,139600
3093,144600
3094,139700
3095,146500
3096,151700
3097,172700
3098,184300
3099,167100
3100,245400
3101,180500
3102,174500
3103,163000
3104,169900
3105,185800
3106,200600
3107,175800
3108,186000
3109,165000
3110,216700
3111,189700
3112,219600
3113,309200
3114,216700
3115,193900
3116,287500
3117,241100
3118,293500
3119,230100
3120,211400
3121,175000
3122,181000
3123,275500
3124,198500
3125,203700
3126,229300
3127,193400
3128,148000
3129,154500
3130,184700
3131,201700
3132,166600
3133,182600
3134,147700
3135,155800
3136,151700
3137,196400
3138,195800
3139,198200
3140,150200
3141,168000
3142,219600
3143,156400
3144,223100
3145,192900
3146,195600
3147,209300
3148,155600
3149,205500
3150,157500
3151,167400
3152,201100
3153,188200
3154,209100
3155,177400
3156,179800
3157,172400
3158,174000
3159,273600
3160,180300
3161,164300
3162,274500
3163,166400
3164,190000
3165,182300
3166,300100
3167,209000
3168,199400
3169,307400
3170,203000
3171,230600
3172,186600
3173,167000
3174,226800
3175,282600
3176,180900
3177,291800
3178,214800
3179,244200
3180,211300
3181,168700
3182,206600
3183,187200
3184,148600
3185,205900
3186,197100
3187,163200
3188,175300
3189,161800
3190,159000
3191,214100
3192,240400
3193,213700
3194,272700
3195,168800
3196,199200
3197,209700
3198,204600
3199,209700
3200,213200
3201,199700
3202,294000
3203,194500
3204,203900
3205,192500
3206,206600
3207,245400
3208,199900
3209,530600
3210,286800
3211,212800
3212,201200
3213,223100
3214,215500
3215,195700
3216,167700
3217,198800
3218,175100
3219,192100
3220,210500
3221,182000
3222,222800
3223,213900
3224,236300
3225,202500
3226,162300
3227,219300
3228,259500
3229,258400
3230,263800
3231,217700
3232,186700
3233,162100
3234,170900
3235,218500
3236,169300
3237,232700
3238,226800
3239,218500
3240,160200
3241,164700
3242,170600
3243,165100
3244,149800
3245,136500
3246,156100
3247,136100
3248,149300
3249,158900
3250,153100
3251,153900
3252,160400
3253,165700
3254,179600
3255,242600
3256,264700
3257,276900
3258,238700
3259,213800
3260,426500
3261,210800
3262,296200
3263,157900
3264,221100
3265,392000
3266,307400
3267,227800
3268,273400
3269,210000
3270,216900
3271,224000
3272,302100
3273,254700
3274,221200
3275,211400
3276,236600
3277,175800
3278,165100
3279,145800
3280,145000
3281,148800
3282,153500
3283,138700
3284,138000
3285,137700
3286,159800
3287,138900
3288,139900
3289,138800
3290,144400
3291,186500
3292,212000
3293,152900
3294,152500
3295,141900
3296,183500
3297,260500
3298,317700
3299,303500
3300,233500
3301,205500
3302,225000
3303,219700
3304,213800
3305,201000
3306,217100
3307,195500
3308,207700
3309,194600
3310,216300
3311,229900
3312,208400
3313,193500
3314,210800
3315,222800
3316,219400
3317,200400
3318,237200
3319,225400
3320,231200
3321,241000
3322,223100
3323,270600
3324,209900
3325,229700
3326,200000
3327,206200
3328,187400
3329,208200
3330,228900
3331,201100
3332,242900
3333,216000
3334,180300
3335,340500
3336,259000
3337,186700
3338,389300
3339,258900
3340,192500
3341,169300
3342,174600
3343,255300
3344,179200
3345,162500
3346,160500
3347,175300
3348,166900
3349,157200
3350,208700
3351,165900
3352,158000
3353,233900
3354,190900
3355,165400
3356,216100
3357,168000
3358,187100
3359,221500
3360,249900
3361,174300
3362,230100
3363,176200
3364,154300
3365,162400
3366,145600
3367,144200
3368,142900
3369,163400
3370,145600
3371,144600
3372,143200
3373,155600
3374,146300
3375,297900
3376,232500
3377,212500
3378,202000
3379,206600
3380,201600
3381,162200
3382,283900
3383,342300
3384,277200
3385,285800
3386,231000
3387,247700
3388,251300
3389,322600
3390,225900
3391,225800
3392,208900
3393,198800
3394,189600
3395,208200
3396,344200
3397,211800
3398,229500
3399,232700
3400,192400
3401,243600
3402,248100
3403,311800
3404,254900
3405,214200
3406,214900
3407,216100
3408,196500
3409,191800
3410,206200
3411,197300
3412,211700
3413,228100
3414,212400
3415,209100
3416,194500
3417,251300
3418,207000
3419,211700
3420,185000
3421,190300
3422,298000
3423,300800
3424,191500
3425,223100
3426,226000
3427,208800
3428,197200
3429,160900
3430,213400
3431,172800
3432,176700
3433,234600
3434,158500
3435,176300
3436,203600
3437,200000
3438,167100
3439,200500
3440,154500
3441,204200
3442,197900
3443,241000
3444,185100
3445,174800
3446,211300
3447,177600
3448,237800
3449,235600
3450,184300
3451,203100
3452,207100
3453,171600
3454,198300
3455,199300
3456,198600
3457,207100
3458,169500
3459,190600
3460,170700
3461,201100
3462,217200
3463,190400
3464,216700
3465,184400
3466,214300
3467,198900
3468,445400
3469,210700
3470,207600
3471,180400
3472,197700
3473,204800
3474,188200
3475,272300
3476,222000
3477,165800
3478,195200
3479,181500
3480,141100
3481,253200
3482,157700
3483,263600
3484,197400
3485,183200
3486,229400
3487,182300
3488,189600
3489,282900
3490,209100
3491,176600
3492,166000
3493,214600
3494,243500
3495,191900
3496,211000
3497,226500
3498,205000
3499,188800
3500,175000
3501,181000
3502,173200
3503,181500
3504,175600
3505,172300
3506,154700
3507,275100
3508,170800
3509,163700
3510,249900
3511,192600
3512,164400
3513,302800
3514,176300
3515,203700
3516,199600
3517,189200
3518,202500
3519,156300
3520,213000
3521,178700
3522,158200
3523,324100
3524,293700
3525,246100
3526,350800
3527,217400
3528,198400
3529,207900
3530,219800
3531,227800
3532,220000
3533,186000
3534,206800
3535,269600
3536,239300
3537,217900
3538,260200
3539,221700
3540,208300
3541,220700
3542,211100
3543,216600
3544,181400
3545,192100
3546,202600
3547,204500
3548,234200
3549,213300
3550,224300
3551,245100
3552,202500
3553,192900
3554,216400
3555,257200
3556,231700
3557,248100
3558,210200
3559,210700
3560,221900
3561,248600
3562,214200
3563,201300
3564,226000
3565,202600
3566,208500
3567,304100
3568,219100
3569,210500
3570,242900
3571,208900
3572,151300
3573,177800
3574,213800
3575,218300
3576,182900
3577,235200
3578,169000
3579,178000
3580,198600
3581,177700
3582,209700
3583,175700
3584,212000
3585,194100
3586,145200
3587,213200
3588,219200
3589,220000
3590,185100
3591,184000
3592,215400
3593,200100
3594,194000
3595,179600
3596,207000
3597,172800
3598,483900
3599,316900
3600,271700
3601,240900
3602,263700
3603,200000
3604,217400
3605,210000
3606,197500
3607,200700
3608,212900
3609,228600
3610,199300
3611,199000
3612,214100
3613,195200
3614,233300
3615,219400
3616,296600
3617,247800
3618,318300
3619,219700
3620,218600
3621,226300
3622,201400
3623,205400
3624,219600
3625,178200
3626,212200
3627,185700
3628,212800
3629,218200
3630,225500
3631,221100
3632,209100
3633,221700
3634,188300
3635,209500
3636,229400
3637,351400
3638,240400
3639,225700
3640,219600
3641,224600
3642,236500
3643,251900
3644,225700
3645,224700
3646,228000
3647,179500
3648,205500
3649,207100
3650,229300
3651,203600
3652,162100
3653,212300
3654,210900
3655,201400
3656,220900
3657,210500
3658,241400
3659,349600
3660,228900
3661,259800
3662,261500
3663,226500
3664,200400
3665,188000
3666,225000
3667,224400
3668,192400
3669,206200
3670,241200
3671,248300
3672,192000
3673,192200
3674,209500
3675,214500
3676,183800
3677,234700
3678,342900
3679,273400
3680,273500
3681,217300
3682,218400
3683,210400
3684,221400
3685,208000
3686,223600
3687,220300
3688,208700
3689,230400
3690,214500
3691,169800
3692,213900
3693,217100
3694,270300
3695,222800
3696,219400
3697,201200
3698,224300
3699,281100
3700,307600
3701,201000
3702,235600
3703,206700
3704,234700
3705,202200
3706,194500
3707,209300
3708,158700
3709,178800
3710,194900
3711,179600
3712,228000
3713,198800
3714,216000
3715,184400
3716,204800
3717,199300
3718,183300
3719,209200
3720,482200
3721,273200
3722,221200
3723,208100
3724,263800
3725,228100
3726,177900
3727,220700
3728,207000
3729,205100
3730,218700
3731,196500
3732,189600
3733,210500
3734,174200
3735,296500
3736,299900
3737,269200
3738,171400
3739,163700
3740,167500
3741,206800
3742,211100
3743,205800
3744,146400
3745,143200
3746,151400
3747,150700
3748,192300
3749,328200
3750,262100
3751,263100
3752,222300
3753,208100
3754,202600
3755,215300
3756,271400
3757,236600
3758,247500
3759,228600
3760,207000
3761,261600
3762,256900
3763,213700
3764,241600
3765,230700
3766,220700
3767,205100
3768,228700
3769,228000
3770,240000
3771,208400
3772,212300
3773,220000
3774,179600
3775,220200
3776,196900
3777,245300
3778,259900
3779,203800
3780,214000
3781,262900
3782,283500
3783,233600
3784,227900
3785,207500
3786,217100
3787,205400
3788,276100
3789,206400
3790,215200
3791,224700
3792,218200
3793,219800
3794,292700
3795,278500
3796,228300
3797,233800
3798,248900
3799,228900
3800,240600
3801,418100
3802,295000
3803,248700
3804,222900
3805,222200
3806,249500
3807,225500
3808,238600
3809,183800
3810,199800
3811,209800
3812,202200
3813,215600
3814,177100
3815,220000
3816,202800
3817,213300
3818,202600
3819,182800
3820,259300
3821,210700
3822,233200
3823,232300
3824,221600
3825,223600
3826,202100
3827,218600
3828,202400
3829,217300
3830,234100
3831,193600
3832,227500
3833,213800
3834,220500
3835,209800
3836,228300
3837,194900
3838,209300
3839,192500
3840,168600
3841,197200
3842,562000
3843,317400
3844,195500
3845,214900
3846,166000
3847,149300
3848,178100
3849,157100
3850,275500
3851,167200
3852,202400
3853,157300
3854,199700
3855,163800
3856,164900
3857,215600
3858,166100
3859,149700
3860,194000
3861,200100
3862,280500
3863,207900
3864,163300
3865,169800
3866,202500
3867,191100
3868,179100
3869,292300
3870,261200
3871,173300
3872,152700
3873,153500
3874,163800
3875,142800
3876,141300
3877,144200
3878,165500
3879,142800
3880,142500
3881,140900
3882,185300
3883,144700
3884,143000
3885,151200
3886,264200
3887,247800
3888,263800
3889,240800
3890,240600
3891,274200
3892,272900
3893,284000
3894,265800
3895,271000
3896,251000
3897,210100
3898,198800
3899,203900
3900,186900
3901,172300
3902,213600
3903,189900
3904,347800
3905,293400
3906,284700
3907,262200
3908,235100
3909,258600
3910,292900
3911,267200
3912,261500
3913,279600
3914,267700
3915,167900
3916,168500
3917,166900
3918,171800
3919,165000
3920,192000
3921,158100
3922,200000
3923,167300
3924,169800
3925,188000
3926,177900
3927,189900
3928,306000
3929,214900
3930,210300
3931,201000
3932,248000
3933,198800
3934,170200
3935,172900
3936,183500
3937,172600
3938,166200
3939,330000
3940,217500
3941,211800
3942,186800
3943,182500
3944,171100
3945,171200
3946,194100
3947,190300
3948,233600
3949,277200
3950,423900
3951,408200
3952,285600
3953,211100
3954,236700
3955,175000
3956,173400
3957,172800
3958,171100
3959,166300
3960,195600
3961,167100
3962,166500
3963,222400
3964,185500
3965,182700
3966,176600
3967,645000
3968,329700
3969,258600
3970,171600
3971,209700
3972,192200
3973,169500
3974,156300
3975,153100
3976,199500
3977,186700
3978,157700
3979,179600
3980,202100
3981,174900
3982,158500
3983,157400
3984,166600
3985,164400
3986,153900
3987,245200
3988,244200
3989,229700
3990,367300
3991,290300
3992,330100
3993,298000
3994,310300
3995,257900
3996,253800
3997,269100
3998,308200
3999,294200
4000,304600
4001,256000
4002,255700
4003,238100
4004,312200
4005,315300
4006,268300
4007,241900
4008,284600
4009,245400
4010,243500
4011,356000
4012,294100
4013,240400
4014,187500
4015,169200
4016,188000
4017,179900
4018,198400
4019,187100
4020,209300
4021,209100
4022,191600
4023,233300
4024,208000
4025,279900
4026,275800
4027,286400
4028,234700
4029,218200
4030,214900
4031,214000
4032,212300
4033,209600
4034,208800
4035,208600
4036,207100
4037,231600
4038,171700
4039,156100
4040,221800
4041,149700
4042,149600
4043,147300
4044,171800
4045,153700
4046,161700
4047,152300
4048,171200
4049,171200
4050,162600
4051,163200
4052,162600
4053,199600
4054,224800
4055,189000
4056,200300
4057,219200
4058,214700
4059,197700
4060,185600
4061,213400
4062,235400
4063,223500
4064,219500
4065,193600
4066,207800
4067,215900
4068,198400
4069,193500
4070,358300
4071,312300
4072,330800
4073,255500
4074,250700
4075,204100
4076,229800
4077,205200
4078,259900
4079,224000
4080,230300
4081,241200
4082,253900
4083,226300
4084,222900
4085,192500
4086,193400
4087,663900
4088,457800
4089,243700
4090,235500
4091,173600
4092,177800
4093,170300
4094,204900
4095,171000
4096,158900
4097,165400
4098,177000
4099,162200
4100,200300
4101,150200
4102,176500
4103,146300
4104,150300
4105,151500
4106,185700
4107,158900
4108,174600
4109,198000
4110,161000
4111,162800
4112,196400
4113,167900
4114,156600
4115,148200
4116,144600
4117,146900
4118,148000
4119,144600
4120,142200
4121,144400
4122,154100
4123,156800
4124,147900
4125,145900
4126,143900
4127,168400
4128,146000
4129,144500
4130,145200
4131,157600
4132,195300
4133,159700
4134,173900
4135,166200
4136,159400
4137,157300
4138,239000
4139,259500
4140,263900
4141,249500
4142,238800
4143,235300
4144,566100
4145,354300
4146,269200
4147,341800
4148,243700
4149,212900
4150,209900
4151,216800
4152,233800
4153,240400
4154,268600
4155,232500
4156,211800
4157,214200
4158,209000
4159,241600
4160,188700
4161,164600
4162,206900
4163,231600
4164,196700
4165,200600
4166,162600
4167,163300
4168,173000
4169,228400
4170,166300
4171,180400
4172,170300
4173,182600
4174,184800
4175,212300
4176,294400
4177,286400
4178,196200
4179,209100
4180,181700
4181,149900
4182,145000
4183,143700
4184,151700
4185,149400
4186,310600
4187,246400
4188,235000
4189,220800
4190,221100
4191,164500
4192,226300
4193,190900
4194,202600
4195,282900
4196,217200
4197,215100
4198,373200
4199,226800
4200,175900
4201,171200
4202,148000
4203,158100
4204,159700
4205,209600
4206,216000
4207,180800
4208,198000
4209,213000
4210,215300
4211,216000
4212,187200
4213,206400
4214,222000
4215,213500
4216,215800
4217,212400
4218,501000
4219,288200
4220,240700
4221,216300
4222,215600
4223,214200
4224,178400
4225,223600
4226,218800
4227,228400
4228,281500
4229,175800
4230,164900
4231,163400
4232,171200
4233,160600
4234,162300
4235,161300
4236,193700
4237,259300
4238,248900
4239,296500
4240,252600
4241,228600
4242,183500
4243,147400
4244,149100
4245,144400
4246,143200
4247,142100
4248,142300
4249,142200
4250,141900
4251,142600
4252,141700
4253,141400
4254,147500
4255,2551900
4256,231000
4257,303600
4258,210500
4259,194700
4260,196300
4261,168700
4262,178800
4263,154200
4264,170800
4265,178500
4266,151700
4267,151500
4268,150500
4269,145000
4270,145100
4271,144700
4272,145700
4273,150300
4274,146200
4275,144300
4276,141000
4277,141300
4278,141100
4279,141300
4280,141600
4281,141800
4282,144400
4283,144000
4284,146200
4285,167700
4286,153700
4287,158000
4288,149500
4289,148300
4290,142400
4291,146300
4292,282100
4293,153100
4294,148500
4295,142300
4296,141900
4297,144100
4298,142100
4299,142400
4300,142200
4301,142400
4302,141300
4303,141700
4304,141800
4305,143600
4306,140800
4307,143100
4308,142000
4309,141500
4310,140900
4311,286800
4312,288200
4313,271500
4314,287500
4315,250900
4316,232400
4317,218400
4318,217800
4319,220100
4320,220700
4321,210900
4322,217900
4323,218300
4324,262700
4325,221300
4326,227200
4327,216400
4328,216300
4329,217700
4330,212700
4331,213300
4332,258900
4333,348300
4334,291800
4335,260400
4336,223400
4337,215000
4338,211200
4339,213500
4340,214000
4341,215600
4342,217600
4343,215300
4344,213900
4345,214600
4346,229100
4347,215800
4348,210200
4349,222500
4350,250200
4351,631700
4352,356400
4353,276100
4354,293900
4355,248500
4356,224800
4357,237300
4358,345600
4359,284000
4360,230700
4361,225900
4362,220400
4363,219600
4364,220100
4365,254400
4366,283100
4367,303000
4368,255500
4369,230200
4370,217800
4371,222100
4372,222900
4373,217700
4374,213300
4375,214300
4376,214700
4377,216100
4378,212600
4379,211100
4380,211300
4381,226900
4382,258900
4383,315600
4384,249400
4385,281200
4386,384500
4387,321900
4388,294300
4389,257700
4390,225200
4391,241600
4392,201400
4393,247400
4394,246400
4395,221200
4396,235200
4397,244300
4398,201200
4399,222500
4400,203100
4401,206700
4402,219500
4403,218300
4404,260300
4405,430900
4406,316500
4407,310600
4408,184400
4409,209600
4410,202200
4411,210300
4412,193400
4413,203400
4414,244700
4415,222600
4416,224400
4417,210800
4418,283400
4419,254800
4420,229400
4421,234400
4422,337800
4423,261800
4424,302100
4425,317300
4426,203600
4427,198600
4428,179500
4429,158800
4430,156100
4431,197800
4432,167200
4433,149600
4434,256400
4435,188800
4436,157400
4437,168600
4438,234600
4439,170500
4440,207500
4441,200600
4442,171100
4443,170900
4444,154800
4445,179600
4446,212400
4447,227800
4448,286400
4449,411200
4450,267300
4451,251200
4452,256500
4453,239900
4454,243600
4455,237600
4456,345500
4457,286500
4458,294200
4459,259000
4460,242200
4461,234900
4462,240200
4463,915900
4464,287600
4465,197500
4466,197900
4467,191100
4468,180500
4469,215500
4470,186800
4471,199200
4472,177500
4473,193900
4474,205600
4475,316300
4476,198400
4477,178500
4478,215900
4479,222700
4480,403500
4481,184300
4482,172600
4483,213400
4484,147200
4485,144000
4486,144800
4487,193500
4488,147800
4489,325500
4490,261500
4491,251200
4492,229200
4493,228000
4494,238900
4495,222200
4496,219500
4497,217300
4498,221400
4499,226400
4500,222200
4501,233400
4502,290700
4503,254200
4504,210600
4505,183600
4506,202500
4507,201700
4508,334200
4509,220100
4510,242200
4511,204000
4512,276900
4513,230300
4514,248700
4515,217700
4516,225200
4517,218700
4518,238900
4519,199300
4520,202300
4521,255000
4522,349900
4523,270200
4524,227700
4525,220000
4526,313300
4527,301800
4528,258300
4529,200400
4530,194700
4531,281000
4532,287600
4533,249900
4534,195500
4535,219400
4536,253400
4537,181100
4538,2352000
4539,208400
4540,328700
4541,284900
4542,257900
4543,272700
4544,293900
4545,202200
4546,228600
4547,161700
4548,154300
4549,159400
4550,163600
4551,216200
4552,161700
4553,194200
4554,159300
4555,207100
4556,173500
4557,213000
4558,341900
4559,312700
4560,289300
4561,265600
4562,198400
4563,211500
4564,214200
4565,210500
4566,199400
4567,206700
4568,218800
4569,227500
4570,185400
4571,211900
4572,211400
4573,167200
4574,164200
4575,244500
4576,572200
4577,317900
4578,263500
4579,250900
4580,211200
4581,208700
4582,208400
4583,185400
4584,199400
4585,196300
4586,201300
4587,238600
4588,168900
4589,158800
4590,184900
4591,189300
4592,160400
4593,220800
4594,248100
4595,326400
4596,274900
4597,213900
4598,173800
4599,149400
4600,166900
4601,198800
4602,211200
4603,178700
4604,233000
4605,277400
4606,171100
4607,157000
4608,179400
4609,150100
4610,147500
4611,147500
4612,149100
4613,208300
4614,164100
4615,165100
4616,169700
4617,273600
4618,259500
4619,267900
4620,182700
4621,196700
4622,281600
4623,262800
4624,208600
4625,226800
4626,209400
4627,166600
4628,183200
4629,208900
4630,177600
4631,158000
4632,160900
4633,155500
4634,167000
4635,175400
4636,269000
4637,184100
4638,154600
4639,195600
4640,548600
4641,463900
4642,288900
4643,246300
4644,240100
4645,239100
4646,226500
4647,218400
4648,196600
4649,231600
4650,215800
4651,225000
4652,215800
4653,226700
4654,236700
4655,244500
4656,215900
4657,258000
4658,267700
4659,330600
4660,341000
4661,251700
4662,228600
4663,222900
4664,204600
4665,214200
4666,214400
4667,207100
4668,280600
4669,198200
4670,210800
4671,214600
4672,203800
4673,215800
4674,225800
4675,323800
4676,268100
4677,279900
4678,251000
4679,231800
4680,227300
4681,216500
4682,205700
4683,218600
4684,234900
4685,227600
4686,205900
4687,192200
4688,277200
4689,264900
4690,230900
4691,206400
4692,198400
4693,201800
4694,214200
4695,227000
4696,570700
4697,300400
4698,2775900
4699,369700
4700,233100
4701,190300
4702,177000
4703,172500
4704,167200
4705,165500
4706,202300
4707,181300
4708,191900
4709,294000
4710,190400
4711,154600
4712,161500
4713,170800
4714,169600
4715,171400
4716,168700
4717,171000
4718,177300
4719,169300
4720,170400
4721,170200
4722,171700
4723,241100
4724,194100
4725,174500
4726,173700
4727,173200
4728,176800
4729,193900
4730,215000
4731,173600
4732,176000
4733,193000
4734,269300
4735,224300
4736,214800
4737,191500
4738,178100
4739,174100
4740,176000
4741,179800
4742,189400
4743,193100
4744,164200
4745,247600
4746,196300
4747,207300
4748,167800
4749,187400
4750,228600
4751,165100
4752,189000
4753,225500
4754,178000
4755,204900
4756,187300
4757,275600
4758,171100
4759,180800
4760,304400
4761,314500
4762,254500
4763,266500
4764,225000
4765,205300
4766,230800
4767,222400
4768,191400
4769,221400
4770,178200
4771,224900
4772,217500
4773,218700
4774,203200
4775,203400
4776,234700
4777,212700
4778,282600
4779,224800
4780,230800
4781,195300
4782,222200
4783,224000
4784,241200
4785,298100
4786,191700
4787,166000
4788,156500
4789,157400
4790,154500
4791,154000
4792,148000
4793,209800
4794,142800
4795,143600
4796,143700
4797,143500
4798,141800
4799,144600
4800,142700
4801,148200
4802,225200
4803,158300
4804,153400
4805,158100
4806,145200
4807,158900
4808,140300
4809,138600
4810,138800
4811,140200
4812,139400
4813,141500
4814,156500
4815,141500
4816,138300
4817,138400
4818,181900
4819,140600
4820,143500
4821,139700
4822,139300
4823,138900
4824,167200
4825,140400
4826,138000
4827,139400
4828,324200
4829,341500
4830,246700
4831,230700
4832,253100
4833,201900
4834,188000
4835,171400
4836,223300
4837,203800
4838,209700
4839,204500
4840,223800
4841,219400
4842,237000
4843,185400
4844,206200
4845,366900
4846,593900
4847,281500
4848,254100
4849,205700
4850,178900
4851,188800
4852,204900
4853,193900
4854,196200
4855,226100
4856,198000
4857,161300
4858,175700
4859,191400
4860,170600
4861,207800
4862,197600
4863,219000
4864,233200
4865,185400
4866,222500
4867,205400
4868,221100
4869,230000
4870,253800
4871,259100
4872,225100
4873,193900
4874,234300
4875,181500
4876,164300
4877,167900
4878,159300
4879,142900
4880,180400
4881,215000
4882,205300
4883,214200
4884,234500
4885,223000
4886,229200
4887,219200
4888,214300
4889,191600
4890,184600
4891,225000
4892,312700
4893,243600
4894,217900
4895,218600
4896,286700
4897,226100
4898,220300
4899,198600
4900,223700
4901,231200
4902,212700
4903,240400
4904,232900
4905,242000
4906,221100
4907,204300
4908,199100
4909,239600
4910,202400
4911,213700
4912,200400
4913,255700
4914,203200
4915,237900
4916,166000
4917,197900
4918,227300
4919,225200
4920,183800
4921,189100
4922,183400
4923,196800
4924,206400
4925,159700
4926,173500
4927,173400
4928,202800
4929,195100
4930,177200
4931,213000
4932,224100
4933,277500
4934,233500
4935,227100
4936,217300
4937,204400
4938,260600
4939,226900
4940,239000
4941,165400
4942,204700
4943,205200
4944,223700
4945,185400
4946,210100
4947,178500
4948,184400
4949,187900
4950,215600
4951,197200
4952,193600
4953,194600
4954,194100
4955,458600
4956,218800
4957,165300
4958,181100
4959,160900
4960,143300
4961,149200
4962,142900
4963,143700
4964,147600
4965,143700
4966,138500
4967,138500
4968,141000
4969,140900
4970,140900
4971,139900
4972,176900
4973,139400
4974,138300
4975,139800
4976,145000
4977,140700
4978,138300
4979,139000
4980,150500
4981,153800
4982,153300
4983,160500
4984,164600
4985,261700
4986,213100
4987,245800
4988,213800
4989,195900
4990,266200
4991,205100
4992,205200
4993,190700
4994,215400
4995,212200
4996,214700
4997,189200
4998,198800
4999,191300
5000,203300
5001,191800
5002,225300
5003,241100
5004,275400
5005,469400
5006,226600
5007,208000
5008,169300
5009,202800
5010,182700
5011,193000
5012,206700
5013,161300
5014,196400
5015,181200
5016,209600
5017,193200
5018,167000
5019,168600
5020,172900
5021,200700
5022,221900
5023,270600
5024,232800
5025,247500
5026,294000
5027,217000
5028,245400
5029,214100
5030,236000
5031,226300
5032,220300
5033,177000
5034,223300
5035,208000
5036,273800
5037,234100
5038,236400
5039,223400
5040,219600
5041,226800
5042,212000
5043,226200
5044,223700
5045,198600
5046,290500
5047,218300
5048,223500
5049,234000
5050,191500
5051,190200
5052,228800
5053,2622900
5054,281700
5055,215700
5056,238600
5057,215200
5058,215400
5059,230700
5060,230300
5061,275500
5062,254800
5063,208100
5064,220800
5065,209100
5066,287300
5067,213200
5068,244100
5069,256700
5070,230500
5071,194800
5072,203100
5073,221500
5074,185100
5075,230500
5076,181900
5077,187200
5078,220800
5079,562800
5080,305600
5081,242300
5082,208100
5083,281600
5084,193600
5085,181000
5086,227900
5087,225500
5088,181900
5089,229100
5090,179200
5091,236900
5092,228000
5093,222900
5094,176800
5095,208700
5096,260600
5097,262700
5098,270400
5099,208400
5100,228500
5101,193800
5102,209200
5103,166300
5104,169400
5105,168800
5106,228000
5107,214900
5108,168900
5109,191500
5110,237600
5111,166700
5112,187200
5113,181600
5114,281500
5115,210600
5116,199900
5117,176700
5118,189400
5119,189300
5120,173000
5121,205700
5122,220800
5123,194400
5124,213800
5125,201200
5126,187100
5127,154200
5128,188000
5129,161400
5130,174800
5131,190200
5132,164100
5133,162700
5134,189700
5135,202300
5136,140800
5137,179900
5138,178400
5139,202100
5140,152300
5141,148300
5142,220200
5143,174200
5144,270400
5145,203500
5146,215600
5147,212700
5148,166300
5149,148900
5150,156800
5151,139100
5152,138800
5153,138300
5154,142900
5155,140300
5156,138200
5157,140300
5158,142800
5159,140200
5160,141000
5161,140300
5162,137600
5163,146100
5164,138600
5165,139600
5166,138300
5167,146700
5168,139200
5169,138100
5170,144500
5171,149900
5172,146800
5173,161200
5174,154700
5175,273500
5176,217000
5177,186900
5178,262700
5179,194700
5180,254900
5181,191000
5182,201400
5183,252300
5184,205800
5185,165400
5186,186400
5187,202100
5188,209000
5189,209700
5190,202500
5191,179200
5192,183900
5193,457700
5194,330200
5195,228300
5196,215500
5197,202600
5198,195300
5199,202800
5200,232000
5201,214200
5202,219400
5203,211800
5204,188100
5205,187600
5206,194100
5207,196600
5208,199400
5209,212600
5210,268900
5211,482900
5212,289400
5213,249100
5214,242300
5215,194800
5216,202600
5217,198800
5218,214600
5219,218800
5220,206400
5221,203300
5222,230900
5223,204400
5224,189300
5225,243100
5226,192700
5227,191300
5228,206000
5229,186200
5230,152300
5231,193600
5232,209800
5233,169900
5234,165100
5235,248900
5236,220400
5237,219000
5238,205100
5239,213600
5240,251300
5241,206200
5242,236600
5243,187900
5244,196800
5245,223700
5246,177000
5247,202900
5248,182900
5249,200700
5250,235200
5251,209300
5252,236400
5253,208300
5254,280700
5255,217200
5256,235900
5257,290700
5258,201000
5259,167000
5260,195100
5261,221500
5262,199100
5263,210000
5264,210000
5265,194600
5266,202300
5267,198300
5268,205200
5269,199900
5270,298200
5271,326600
5272,362200
5273,323400
5274,284600
5275,282400
5276,200900
5277,222800
5278,222200
5279,190500
5280,207100
5281,217800
5282,234200
5283,209300
5284,211300
5285,209300
5286,149600
5287,233200
5288,203600
5289,204500
5290,214800
5291,203600
5292,210600
5293,227400
5294,215300
5295,248600
5296,254500
5297,219900
5298,224800
5299,211100
5300,226000
5301,247900
5302,228500
5303,216600
5304,287600
5305,227800
5306,227000
5307,244800
5308,235400
5309,215300
5310,184300
5311,208200
5312,194600
5313,201000
5314,172200
5315,216100
5316,250300
5317,224300
5318,165100
5319,206900
5320,208400
5321,210100
5322,189200
5323,211600
5324,195500
5325,183900
5326,195300
5327,212900
5328,207900
5329,194100
5330,196300
5331,182400
5332,211700
5333,205700
5334,226700
5335,560100
5336,264200
5337,215200
5338,213100
5339,257300
5340,230800
5341,182800
5342,212900
5343,204100
5344,203900
5345,207000
5346,206900
5347,2972800
5348,251300
5349,313400
5350,197500
5351,205000
5352,186300
5353,163100
5354,215600
5355,207200
5356,180200
5357,252300
5358,235300
5359,177200
5360,217600
5361,183700
5362,203700
5363,215300
5364,217900
5365,174900
5366,226600
5367,164300
5368,204200
5369,205200
5370,175000
5371,171400
5372,220200
5373,175800
5374,146200
5375,154900
5376,162300
5377,184400
5378,307900
5379,225800
5380,250300
5381,232800
5382,216900
5383,219300
5384,374900
5385,321100
5386,221700
5387,212300
5388,206700
5389,219200
5390,190600
5391,198200
5392,247300
5393,289400
5394,206500
5395,205400
5396,225900
5397,262600
5398,217500
5399,197200
5400,204700
5401,186100
5402,226500
5403,204000
5404,224600
5405,202300
5406,210900
5407,198100
5408,199000
5409,188100
5410,208700
5411,216800
5412,207200
5413,217900
5414,315300
5415,231000
5416,244900
5417,233000
5418,187800
5419,211000
5420,226900
5421,203600
5422,200200
5423,175600
5424,252700
5425,160100
5426,202400
5427,253300
5428,159100
5429,171300
5430,170400
5431,151100
5432,159000
5433,147500
5434,177700
5435,167700
5436,167500
5437,149000
5438,177000
5439,165500
5440,158500
5441,229800
5442,224800
5443,231700
5444,204400
5445,204400
5446,155000
5447,173000
5448,201800
5449,201700
5450,202200
5451,203500
5452,169600
5453,213900
5454,218900
5455,195000
5456,244000
5457,539900
5458,221100
5459,212600
5460,200600
5461,205800
5462,209400
5463,203000
5464,208700
5465,158900
5466,198100
5467,213300
5468,178400
5469,207400
5470,183900
5471,188200
5472,174300
5473,181700
5474,186000
5475,189300
5476,188500
5477,213800
5478,304000
5479,181000
5480,204100
5481,203600
5482,211300
5483,189700
5484,185200
5485,182600
5486,147000
5487,235400
5488,212500
5489,195600
5490,199600
5491,177800
5492,160400
5493,162500
5494,179100
5495,204100
5496,161400
5497,211800
5498,171800
5499,181600
5500,178000
5501,249800
5502,234000
5503,217100
5504,209200
5505,207000
5506,218400
5507,182600
5508,287000
5509,179600
5510,194400
5511,175300
5512,156700
5513,178500
5514,293200
5515,210600
5516,198900
5517,179800
5518,259500
5519,185100
5520,208700
5521,202100
5522,284800
5523,236200
5524,185400
5525,181300
5526,199400
5527,307100
5528,234400
5529,211100
5530,204200
5531,239000
5532,215100
5533,225800
5534,188900
5535,235000
5536,203400
5537,208800
5538,206400
5539,261200
5540,223000
5541,246200
5542,202400
5543,221700
5544,247400
5545,372000
5546,227000
5547,229000
5548,287700
5549,216000
5550,206600
5551,199200
5552,221800
5553,190800
5554,230200
5555,215700
5556,216200
5557,204300
5558,214600
5559,217200
5560,202400
5561,203800
5562,185100
5563,203900
5564,219400
5565,208100
5566,227400
5567,200000
5568,218200
5569,219100
5570,227500
5571,212300
5572,214900
5573,207600
5574,214800
5575,219100
5576,222100
5577,216600
5578,214500
5579,223900
5580,266200
5581,211000
5582,216400
5583,222100
5584,197800
5585,461800
5586,230300
5587,214600
5588,199600
5589,201100
5590,215700
5591,173300
5592,174200
5593,232400
5594,226300
5595,212100
5596,231900
5597,174100
5598,204600
5599,204800
5600,197500
5601,202200
5602,199400
5603,279400
5604,260900
5605,257300
5606,253600
5607,222000
5608,268700
5609,226800
5610,211400
5611,189200
5612,206000
5613,206000
5614,138800
5615,180800
5616,275800
5617,225900
5618,225100
5619,211700
5620,198600
5621,200100
5622,218800
5623,209400
5624,218100
5625,241900
5626,207700
5627,274000
5628,256400
5629,239600
5630,236800
5631,223300
5632,218200
5633,184700
5634,204100
5635,197400
5636,212600
5637,186000
5638,205200
5639,218700
5640,270000
5641,203400
5642,225800
5643,161800
5644,211100
5645,211900
5646,222000
5647,232800
5648,291800
5649,286700
5650,214800
5651,205900
5652,198600
5653,218400
5654,194500
5655,220100
5656,177800
5657,167000
5658,212600
5659,291400
5660,216100
5661,212500
5662,206800
5663,201400
5664,212400
5665,172800
5666,180200
5667,187700
5668,195300
5669,212400
5670,303400
5671,168300
5672,267700
5673,211400
5674,162000
5675,165500
5676,188300
5677,190600
5678,179700
5679,187400
5680,218400
5681,179500
5682,204900
5683,218900
5684,160500
5685,204700
5686,216100
5687,172500
5688,150300
5689,175400
5690,175200
5691,166400
5692,183700
5693,175100
5694,174400
5695,195400
5696,187300
5697,172200
5698,191600
5699,272200
5700,216100
5701,243100
5702,232100
5703,209800
5704,254100
5705,218500
5706,215900
5707,226500
5708,235200
5709,176600
5710,219600
5711,226800
5712,433500
5713,261100
5714,240300
5715,242000
5716,223300
5717,197300
5718,213900
5719,218400
5720,198000
5721,211000
5722,205900
5723,192500
5724,195300
5725,179800
5726,181400
5727,236300
5728,198800
5729,209400
5730,222300
5731,181600
5732,212300
5733,261300
5734,329000
5735,227000
5736,220400
5737,181000
5738,226300
5739,207600
5740,217700
5741,206700
5742,229400
5743,196300
5744,196700
5745,195500
5746,204700
5747,243500
5748,201500
5749,173500
5750,187500
5751,210000
5752,229600
5753,237700
5754,260900
5755,220700
5756,241800
5757,264800
5758,185200
5759,157400
5760,188500
5761,193900
5762,182400
5763,138700
5764,293100
5765,251600
5766,257800
5767,220900
5768,175100
5769,206300
5770,241100
5771,187900
5772,204300
5773,226700
5774,195000
5775,253600
5776,275600
5777,243500
5778,206800
5779,211400
5780,167500
5781,232300
5782,219500
5783,204400
5784,204100
5785,206200
5786,206200
5787,234800
5788,212900
5789,220300
5790,222000
5791,273100
5792,232400
5793,244000
5794,255200
5795,247800
5796,250100
5797,313100
5798,312700
5799,222300
5800,235200
5801,268600
5802,233300
5803,219600
5804,236300
5805,220600
5806,218500
5807,237600
5808,226900
5809,222700
5810,203400
5811,152200
5812,194200
5813,180900
5814,163200
5815,150800
5816,152400
5817,299600
5818,243600
5819,190300
5820,206300
5821,195600
5822,197400
5823,201500
5824,199600
5825,224200
5826,183200
5827,180300
5828,204700
5829,207300
5830,274100
5831,252500
5832,250800
5833,229400
5834,489500
5835,348700
5836,262100
5837,208600
5838,207500
5839,179900
5840,240100
5841,244500
5842,175600
5843,214000
5844,164800
5845,190900
5846,184400
5847,245500
5848,238800
5849,216900
5850,213800
5851,222100
5852,219400
5853,2516700
5854,326700
5855,254500
5856,205500
5857,194600
5858,212400
5859,249200
5860,208400
5861,203300
5862,189000
5863,193100
5864,163900
5865,191500
5866,192200
5867,233100
5868,222000
5869,192000
5870,267900
5871,223400
5872,247700
5873,2533000
5874,406900
5875,237700
5876,264700
5877,334500
5878,264100
5879,306100
5880,236300
5881,232800
5882,199600
5883,346900
5884,257700
5885,298500
5886,238000
5887,209300
5888,215600
5889,183500
5890,224500
5891,234300
5892,218900
5893,215200
5894,242700
5895,245900
5896,196400
5897,188200
5898,215900
5899,188800
5900,200900
5901,211800
5902,246300
5903,234800
5904,236900
5905,251600
5906,219500
5907,208700
5908,190500
5909,245100
5910,162600
5911,147000
5912,146300
5913,223800
5914,202700
5915,149700
5916,211700
5917,231200
5918,227400
5919,207300
5920,208800
5921,184400
5922,236500
5923,217000
5924,220400
5925,209800
5926,703100
5927,243100
5928,195400
5929,205900
5930,170800
5931,211200
5932,160600
5933,147300
5934,192900
5935,169600
5936,141200
5937,216900
5938,188500
5939,184900
5940,170400
5941,161000
5942,149700
5943,139800
5944,156900
5945,398000
5946,340500
5947,248900
5948,219100
5949,196200
5950,163200
5951,292600
5952,230300
5953,244600
5954,207400
5955,208500
5956,206100
5957,206500
5958,214500
5959,209600
5960,221200
5961,215300
5962,202800
5963,193800
5964,209800
5965,213700
5966,248900
5967,323800
5968,285400
5969,249100
5970,228700
5971,174300
5972,190700
5973,207600
5974,2565600
5975,206900
5976,183900
5977,240600
5978,182100
5979,233400
5980,221900
5981,366800
5982,194200
5983,226200
5984,300300
5985,311800
5986,229700
5987,267200
5988,246500
5989,221500
5990,220100
5991,177700
5992,2758900
5993,218800
5994,192600
5995,277800
5996,271100
5997,226700
5998,195200
5999,318400
6000,238400
6001,230900
6002,202000
6003,229500
6004,206600
6005,197800
6006,229500
6007,192200
6008,200000
6009,219600
6010,202000
6011,206800
6012,191900
6013,226400
6014,247200
6015,289100
6016,323900
6017,253600
6018,237500
6019,202100
6020,198000
6021,215700
6022,229500
6023,141200
6024,200100
6025,200100
6026,204300
6027,177700
6028,215900
6029,207100
6030,185900
6031,224900
6032,211300
6033,224100
6034,185200
6035,238900
6036,327000
6037,220900
6038,228200
6039,239500
6040,195200
6041,229800
6042,202700
6043,226400
6044,221300
6045,207300
6046,208300
6047,196600
6048,272800
6049,199500
6050,180000
6051,210600
6052,178900
6053,144100
6054,538800
6055,302500
6056,252700
6057,208600
6058,224400
6059,217000
6060,216600
6061,213100
6062,232200
6063,217100
6064,223200
6065,221400
6066,141400
6067,213000
6068,225200
6069,210600
6070,196300
6071,189800
6072,286900
6073,213500
6074,212000
6075,192800
6076,187900
6077,274100
6078,208800
6079,227800
6080,180700
6081,162300
6082,232200
6083,197100
6084,209500
6085,225600
6086,208200
6087,296300
6088,237600
6089,203000
6090,218700
6091,239600
6092,208900
6093,231200
6094,313800
6095,230600
6096,253900
6097,243000
6098,269700
6099,188700
6100,214700
6101,198800
6102,203500
6103,204000
6104,201700
6105,213000
6106,205600
6107,211100
6108,147400
6109,234100
6110,230300
6111,223900
6112,198800
6113,268800
6114,243900
6115,186700
6116,257700
6117,194600
6118,223900
6119,205800
6120,210500
6121,203400
6122,199100
6123,199400
6124,191900
6125,248500
6126,237500
6127,278300
6128,196800
6129,233200
6130,216300
6131,218400
6132,216700
6133,171600
6134,186700
6135,200600
6136,285500
6137,190200
6138,192800
6139,219000
6140,186200
6141,244700
6142,211000
6143,177400
6144,217600
6145,211000
6146,175100
6147,205300
6148,195400
6149,172800
6150,253900
6151,207500
6152,197300
6153,203100
6154,156000
6155,215000
6156,204000
6157,220300
6158,262800
6159,253300
6160,179600
6161,187400
6162,173400
6163,202200
6164,194800
6165,194100
6166,229400
6167,194700
6168,152600
6169,185600
6170,206500
6171,196400
6172,241200
6173,266200
6174,214500
6175,231800
6176,218600
6177,467700
6178,282900
6179,216800
6180,219900
6181,193500
6182,186300
6183,192200
6184,200600
6185,212000
6186,207600
6187,221000
6188,230300
6189,242700
6190,202000
6191,234400
6192,201500
6193,206200
6194,230600
6195,210300
6196,191300
6197,245200
6198,295800
6199,227900
6200,202300
6201,181800
6202,222700
6203,264700
6204,212800
6205,217200
6206,207300
6207,219400
6208,205300
6209,156600
6210,222300
6211,176300
6212,189800
6213,205600
6214,187500
6215,188600
6216,204800
6217,190100
6218,199700
6219,214000
6220,228900
6221,205600
6222,228500
6223,215100
6224,213200
6225,225700
6226,228700
6227,206300
6228,205800
6229,181700
6230,232900
6231,187100
6232,225800
6233,183800
6234,189300
6235,258900
6236,174000
6237,206500
6238,156700
6239,209700
6240,195500
6241,187600
6242,211500
6243,249100
6244,254700
6245,256000
6246,195700
6247,210600
6248,165200
6249,222100
6250,203000
6251,212300
6252,260200
6253,188200
6254,208800
6255,169800
6256,188800
6257,170700
6258,220600
6259,203800
6260,264100
6261,187100
6262,154100
6263,213600
6264,193500
6265,165300
6266,324100
6267,258800
6268,235800
6269,226600
6270,222800
6271,225000
6272,220700
6273,181000
6274,197500
6275,208600
6276,225200
6277,221600
6278,200300
6279,223000
6280,218200
6281,197300
6282,199700
6283,205200
6284,217300
6285,227500
6286,305800
6287,269100
6288,226900
6289,220100
6290,267500
6291,209600
6292,206600
6293,217600
6294,208300
6295,193200
6296,218200
6297,207600
6298,211700
6299,247100
6300,223900
6301,184900
6302,236100
6303,425400
6304,281200
6305,283500
6306,284000
6307,195400
6308,231300
6309,167000
6310,207100
6311,165500
6312,222000
6313,218700
6314,156200
6315,182000
6316,302600
6317,286600
6318,216400
6319,249800
6320,209000
6321,221100
6322,212800
6323,166500
6324,180100
6325,183300
6326,189700
6327,157200
6328,155200
6329,213400
6330,185300
6331,192900
6332,201200
6333,210900
6334,194200
6335,161200
6336,216200
6337,186500
6338,176300
6339,200200
6340,188700
6341,162800
6342,155200
6343,156900
6344,169900
6345,202000
6346,218300
6347,233000
6348,190500
6349,175200
6350,203900
6351,232200
6352,159500
6353,161600
6354,165900
6355,165800
6356,182400
6357,433000
6358,188000
6359,211900
6360,194800
6361,169900
6362,209100
6363,236400
6364,180800
6365,169900
6366,197900
6367,255500
6368,215200
6369,245100
6370,227900
6371,187700
6372,198900
6373,183100
6374,200300
6375,174100
6376,162800
6377,185600
6378,185500
6379,163000
6380,162400
6381,162200
6382,215700
6383,167200
6384,163800
6385,163800
6386,177800
6387,161400
6388,174300
6389,191100
6390,175800
6391,199100
6392,203300
6393,170300
6394,179200
6395,176000
6396,189700
6397,171500
6398,190000
6399,170300
6400,262300
6401,201400
6402,224200
6403,181800
6404,188600
6405,152900
6406,152300
6407,328600
6408,229400
6409,221500
6410,248800
6411,222800
6412,231100
6413,214300
6414,238300
6415,239500
6416,264500
6417,226700
6418,229300
6419,247500
6420,187000
6421,273700
6422,205700
6423,196700
6424,190700
6425,200400
6426,220000
6427,216000
6428,232100
6429,219900
6430,192500
6431,209100
6432,198700
6433,387700
6434,321200
6435,228900
6436,251500
6437,202600
6438,227900
6439,221100
6440,198900
6441,207100
6442,202700
6443,208800
6444,214600
6445,184300
6446,235000
6447,178400
6448,191200
6449,208000
6450,208500
6451,238800
6452,229800
6453,202000
6454,216400
6455,233400
6456,199300
6457,189200
6458,222100
6459,185400
6460,165500
6461,197500
6462,162500
6463,154100
6464,167100
6465,207300
6466,186800
6467,206200
6468,184900
6469,170100
6470,167800
6471,194600
6472,193200
6473,171300
6474,169100
6475,167500
6476,203000
6477,218400
6478,175500
6479,192000
6480,200800
6481,184000
6482,209100
6483,269300
6484,223900
6485,176300
6486,192700
6487,204300
6488,173200
6489,261900
6490,248700
6491,236200
6492,210900
6493,178300
6494,3204400
6495,197800
6496,181100
6497,173800
6498,154600
6499,277900
6500,244400
6501,225500
6502,233700
6503,191400
6504,217100
6505,277500
6506,224700
6507,231000
6508,201500
6509,193500
6510,204600
6511,203200
6512,243500
6513,231800
6514,226300
6515,241400
6516,193600
6517,206100
6518,205200
6519,245900
6520,213400
6521,226700
6522,189300
6523,205500
6524,187100
6525,236600
6526,231100
6527,235300
6528,245500
6529,181400
6530,185200
6531,202100
6532,203300
6533,226600
6534,280400
6535,204400
6536,210900
6537,211500
6538,240200
6539,215200
6540,183100
6541,202100
6542,221400
6543,182100
6544,225300
6545,215700
6546,194500
6547,246600
6548,611000
6549,621200
6550,476500
6551,350200
6552,333400
6553,247100
6554,208200
6555,185500
6556,230300
6557,224900
6558,193900
6559,189800
6560,213600
6561,189400
6562,185000
6563,164800
6564,162100
6565,239300
6566,237400
6567,183600
6568,203000
6569,289000
6570,240200
6571,213600
6572,173600
6573,219100
6574,214900
6575,198400
6576,190200
6577,214200
6578,208600
6579,202300
6580,224700
6581,197100
6582,226100
6583,193600
6584,179100
6585,199400
6586,207500
6587,211800
6588,184900
6589,249000
6590,245200
6591,288800
6592,258000
6593,292300
6594,205000
6595,211100
6596,183500
6597,162500
6598,169900
6599,164200
6600,171100
6601,172600
6602,202200
6603,143400
6604,152100
6605,143400
6606,254300
6607,244900
6608,200300
6609,195200
6610,200000
6611,206200
6612,243200
6613,209700
6614,224300
6615,238500
6616,188000
6617,171500
6618,148400
6619,193700
6620,216600
6621,251400
6622,207400
6623,184700
6624,191700
6625,189800
6626,226900
6627,197600
6628,186400
6629,220900
6630,226600
6631,190400
6632,194600
6633,228700
6634,234500
6635,318500
6636,260400
6637,249400
6638,231200
6639,217000
6640,181400
6641,159200
6642,197000
6643,210400
6644,216200
6645,208900
6646,222900
6647,214600
6648,199900
6649,175000
6650,277000
6651,240200
6652,200000
6653,207200
6654,264500
6655,225900
6656,367800
6657,197300
6658,177300
6659,251500
6660,160500
6661,156600
6662,184500
6663,163300
6664,159900
6665,143200
6666,159500
6667,163800
6668,139500
6669,148700
6670,140000
6671,176800
6672,141700
6673,153400
6674,163400
6675,149400
6676,142000
6677,489700
6678,277600
6679,283900
6680,215900
6681,160800
6682,151500
6683,181000
6684,181500
6685,147700
6686,146700
6687,146000
6688,150000
6689,147800
6690,153600
6691,144300
6692,156400
6693,145800
6694,138400
6695,138100
6696,141600
6697,146800
6698,144600
6699,147800
6700,145200
6701,175300
6702,150700
6703,163100
6704,175300
6705,195600
6706,179700
6707,182000
6708,193500
6709,164700
6710,154700
6711,170400
6712,143600
6713,145200
6714,142000
6715,189000
6716,143400
6717,148000
6718,146000
6719,142400
6720,147100
6721,145000
6722,154400
6723,150700
6724,150400
6725,146200
6726,216700
6727,162500
6728,147000
6729,163200
6730,277300
6731,230700
6732,243500
6733,294800
6734,242800
6735,197600
6736,173100
6737,242600
6738,207700
6739,172400
6740,196700
6741,156700
6742,164400
6743,221200
6744,164000
6745,194700
6746,169600
6747,211900
6748,205700
6749,200700
6750,145000
6751,142200
6752,148800
6753,152700
6754,184700
6755,172600
6756,183800
6757,210000
6758,168200
6759,172000
6760,179900
6761,168300
6762,219000
6763,158900
6764,157700
6765,157900
6766,173700
6767,203100
6768,140300
6769,139700
6770,139900
6771,187400
6772,244900
6773,206000
6774,219300
6775,208200
6776,216600
6777,221300
6778,185900
6779,329800
6780,294700
6781,239200
6782,210700
6783,386000
6784,174000
6785,190500
6786,174000
6787,186300
6788,175900
6789,191600
6790,162100
6791,209500
6792,159000
6793,160400
6794,158400
6795,151200
6796,199100
6797,171800
6798,202200
6799,180300
6800,230800
6801,273100
6802,219500
6803,181600
6804,205100
6805,176400
6806,201600
6807,192200
6808,181000
6809,204600
6810,202100
6811,200200
6812,172300
6813,187000
6814,246800
6815,204100
6816,228600
6817,222600
6818,190500
6819,1620900
6820,2813800
6821,222600
6822,167100
6823,222800
6824,194900
6825,185100
6826,196100
6827,177400
6828,289200
6829,236500
6830,264500
6831,216400
6832,211600
6833,195700
6834,188700
6835,206300
6836,201700
6837,210400
6838,209000
6839,226000
6840,224600
6841,252700
6842,222500
6843,186800
6844,178500
6845,201700
6846,244400
6847,196300
6848,210200
6849,214300
6850,234100
6851,201500
6852,218100
6853,285100
6854,206300
6855,177100
6856,207500
6857,205000
6858,195400
6859,263400
6860,222500
6861,519600
6862,199900
6863,232200
6864,201400
6865,327000
6866,508800
6867,280800
6868,225900
6869,360500
6870,262900
6871,617500
6872,337600
6873,234400
6874,218800
6875,219200
6876,227600
6877,312800
6878,245800
6879,257700
6880,231500
6881,217000
6882,214100
6883,207500
6884,204700
6885,194100
6886,211700
6887,199500
6888,246800
6889,266000
6890,217600
6891,223600
6892,222900
6893,215900
6894,210600
6895,187800
6896,233600
6897,202100
6898,175400
6899,199800
6900,258900
6901,204800
6902,2977800
6903,235300
6904,282900
6905,259900
6906,161300
6907,152800
6908,214600
6909,222600
6910,230300
6911,233700
6912,179200
6913,312500
6914,261300
6915,201300
6916,248100
6917,191500
6918,193600
6919,247100
6920,165600
6921,342400
6922,281900
6923,215300
6924,246200
6925,198700
6926,199600
6927,163700
6928,193400
6929,205100
6930,176600
6931,206900
6932,196700
6933,157300
6934,172900
6935,185500
6936,216400
6937,183900
6938,210400
6939,178500
6940,205900
6941,205400
6942,188700
6943,240100
6944,232800
6945,277500
6946,174500
6947,213200
6948,216900
6949,188100
6950,173900
6951,179600
6952,204300
6953,211400
6954,194300
6955,184700
6956,181300
6957,175000
6958,186800
6959,213500
6960,197600
6961,187200
6962,192900
6963,186100
6964,186900
6965,181700
6966,182200
6967,210400
6968,218200
6969,193900
6970,205000
6971,222100
6972,230500
6973,176300
6974,212900
6975,316000
6976,202600
6977,210300
6978,203600
6979,224700
6980,174400
6981,168400
6982,196900
6983,207400
6984,168100
6985,190700
6986,184900
6987,200000
6988,211100
6989,207600
6990,194300
6991,214000
6992,220400
6993,277000
6994,307700
6995,190100
6996,249200
6997,195000
6998,185700
6999,173800
7000,203900
7001,160800
7002,233000
7003,214300
7004,193700
7005,206600
7006,226700
7007,196600
7008,171300
7009,190300
7010,198700
7011,226400
7012,331500
7013,167500
7014,210400
7015,224800
7016,200900
7017,221400
7018,210000
7019,235500
7020,218100
7021,238800
7022,202700
7023,218900
7024,233000
7025,207600
7026,250500
7027,202700
7028,315800
7029,238200
7030,249600
7031,243700
7032,254400
7033,296400
7034,207400
7035,234300
7036,225300
7037,229400
7038,243500
7039,219400
7040,245400
7041,221800
7042,176900
7043,205200
7044,205800
7045,207800
7046,224600
7047,347300
7048,278800
7049,325900
7050,265500
7051,178000
7052,159300
7053,288900
7054,331200
7055,224900
7056,229000
7057,162300
7058,247600
7059,213400
7060,208500
7061,217500
7062,186200
7063,201000
7064,233500
7065,217200
7066,221400
7067,221100
7068,201600
7069,241200
7070,337700
7071,248600
7072,212400
7073,175200
7074,167400
7075,166300
7076,235700
7077,218300
7078,193700
7079,204600
7080,181900
7081,186200
7082,186200
7083,209800
7084,200300
7085,217600
7086,248200
7087,204100
7088,208800
7089,181200
7090,228800
7091,231300
7092,248700
7093,268300
7094,215600
7095,221600
7096,216700
7097,168400
7098,245600
7099,205200
7100,191100
7101,202100
7102,173100
7103,185000
7104,195200
7105,172000
7106,186500
7107,155500
7108,158600
7109,198300
7110,195500
7111,186800
7112,166700
7113,174500
7114,196800
7115,193400
7116,2211700
7117,281700
7118,229600
7119,166100
7120,144600
7121,146800
7122,191900
7123,150200
7124,144400
7125,161600
7126,146100
7127,141800
7128,142000
7129,159700
7130,147500
7131,143200
7132,140900
7133,151100
7134,153200
7135,164200
7136,194200
7137,219100
7138,177100
7139,284100
7140,301900
7141,270800
7142,228700
7143,221000
7144,257300
7145,215500
7146,180700
7147,261900
7148,206600
7149,221400
7150,236900
7151,211800
7152,215500
7153,187500
7154,211600
7155,226300
7156,284100
7157,216500
7158,193000
7159,236000
7160,187000
7161,198100
7162,182500
7163,218800
7164,214400
7165,205100
7166,212700
7167,199500
7168,187100
7169,208800
7170,197000
7171,213600
7172,237400
7173,216200
7174,403200
7175,310300
7176,420500
7177,299300
7178,292100
7179,219600
7180,215600
7181,204200
7182,187000
7183,230400
7184,208800
7185,210500
7186,162200
7187,230700
7188,186500
7189,216600
7190,177100
7191,188300
7192,223500
7193,237200
7194,240700
7195,296800
7196,243000
7197,235100
7198,212700
7199,232200
7200,198000
7201,322800
7202,238300
7203,228800
7204,212200
7205,234000
7206,160100
7207,210300
7208,207600
7209,264600
7210,233300
7211,207300
7212,178900
7213,209600
7214,241700
7215,332400
7216,339900
7217,280200
7218,240100
7219,234400
7220,209600
7221,209900
7222,245500
7223,226400
7224,216400
7225,221300
7226,221700
7227,231700
7228,206300
7229,186400
7230,148300
7231,168700
7232,199800
7233,173100
7234,159000
7235,160800
7236,226100
7237,318400
7238,203800
7239,166800
7240,169100
7241,233600
7242,182300
7243,202600
7244,183000
7245,152400
7246,159600
7247,214800
7248,202500
7249,193500
7250,172500
7251,158100
7252,199100
7253,150800
7254,171700
7255,184200
7256,159700
7257,227600
7258,233100
7259,285700
7260,272200
7261,231900
7262,205100
7263,252700
7264,191300
7265,164600
7266,165300
7267,151200
7268,195100
7269,164900
7270,207100
7271,192300
7272,202500
7273,220800
7274,169400
7275,210100
7276,167700
7277,172400
7278,158500
7279,159300
7280,177200
7281,202600
7282,185400
7283,191400
7284,152300
7285,196000
7286,193600
7287,225000
7288,218500
7289,215400
7290,180000
7291,215100
7292,211100
7293,174500
7294,152600
7295,172500
7296,196500
7297,188400
7298,162200
7299,180500
7300,222600
7301,225200
7302,295000
7303,275300
7304,220300
7305,193000
7306,197900
7307,198200
7308,185300
7309,151600
7310,184300
7311,201400
7312,185600
7313,226200
7314,162000
7315,219400
7316,202100
7317,180600
7318,201600
7319,180300
7320,172800
7321,198600
7322,200100
7323,216900
7324,156600
7325,226800
7326,188600
7327,215600
7328,220600
7329,177300
7330,187400
7331,228000
7332,180600
7333,206900
7334,170000
7335,240200
7336,145300
7337,162600
7338,226200
7339,210600
7340,212300
7341,154900
7342,169200
7343,146000
7344,170300
7345,225000
7346,183800
7347,203200
7348,195100
7349,183400
7350,195100
7351,220300
7352,203800
7353,184900
7354,194600
7355,199200
7356,206800
7357,181200
7358,194100
7359,179300
7360,187300
7361,187300
7362,185800
7363,195500
7364,191300
7365,195400
7366,208200
7367,222300
7368,184700
7369,217600
7370,178400
7371,173900
7372,151400
7373,201700
7374,290300
7375,215900
7376,200000
7377,193700
7378,186800
7379,210400
7380,164800
7381,158500
7382,183400
7383,175500
7384,192800
7385,252400
7386,226200
7387,232000
7388,209900
7389,211000
7390,205900
7391,207000
7392,210900
7393,213200
7394,225000
7395,241200
7396,289700
7397,240600
7398,223400
7399,267400
7400,217600
7401,228100
7402,184600
7403,215000
7404,224400
7405,204800
7406,214600
7407,243200
7408,203500
7409,214400
7410,209300
7411,209300
7412,197900
7413,211100
7414,262500
7415,196300
7416,210600
7417,275800
7418,247100
7419,221500
7420,229000
7421,246000
7422,226100
7423,189500
7424,144300
7425,228400
7426,176200
7427,284600
7428,235000
7429,206900
7430,233900
7431,245000
7432,218900
7433,299100
7434,285900
7435,267300
7436,236300
7437,216600
7438,201800
7439,210100
7440,196100
7441,191200
7442,189200
7443,207600
7444,182800
7445,197500
7446,194900
7447,188900
7448,232600
7449,259400
7450,306600
7451,249000
7452,241200
7453,240400
7454,247500
7455,303400
7456,209400
7457,300300
7458,276500
7459,177200
7460,203700
7461,229600
7462,219300
7463,191300
7464,196800
7465,256100
7466,222700
7467,242300
7468,243900
7469,205900
7470,273600
7471,231100
7472,222900
7473,223800
7474,199100
7475,248300
7476,280300
7477,250900
7478,279100
7479,231300
7480,236400
7481,224800
7482,3028700
7483,231800
7484,171100
7485,215000
7486,207400
7487,212000
7488,212000
7489,262800
7490,231700
7491,241100
7492,195000
7493,235900
7494,199000
7495,167700
7496,187400
7497,181700
7498,222100
7499,162000
7500,219100
7501,229000
7502,176100
7503,249500
7504,220700
7505,170400
7506,194900
7507,264000
7508,262900
7509,254200
7510,240000
7511,253900
7512,189400
7513,215800
7514,243400
7515,233900
7516,215300
7517,171300
7518,167800
7519,169100
7520,229500
7521,220900
7522,247900
7523,371900
7524,268300
7525,354500
7526,261800
7527,255600
7528,275400
7529,372000
7530,358000
7531,249100
7532,169000
7533,174800
7534,148200
7535,147200
7536,142000
7537,144100
7538,142800
7539,143300
7540,169200
7541,142800
7542,168100
7543,158700
7544,231700
7545,241200
7546,246100
7547,236500
7548,2865300
7549,780600
7550,685600
7551,798000
7552,779200
7553,684500
7554,485300
7555,305600
7556,314200
7557,334000
7558,311500
7559,310500
7560,318600
7561,316300
7562,262200
7563,308700
7564,322700
7565,358900
7566,433800
7567,459200
7568,394200
7569,401500
7570,522700
7571,422800
7572,495200
7573,405500
7574,360500
7575,351400
7576,472200
7577,446600
7578,372400
7579,287800
7580,290800
7581,182500
7582,154500
7583,191800
7584,154200
7585,178100
7586,150500
7587,149600
7588,176800
7589,155200
7590,148100
7591,372500
7592,283700
7593,185900
7594,185800
7595,195200
7596,242700
7597,192600
7598,288700
7599,278200
7600,220800
7601,203200
7602,191800
7603,193400
7604,185000
7605,201000
7606,258800
7607,310200
7608,293800
7609,224500
7610,475800
7611,443400
7612,696500
7613,761300
7614,687700
7615,618300
7616,482300
7617,330900
7618,465900
7619,1003300
7620,512900
7621,415600
7622,368000
7623,308700
7624,338700
7625,488400
7626,409800
7627,453500
7628,340700
7629,269100
7630,242000
7631,356900
7632,560800
7633,464600
7634,250900
7635,190900
7636,306400
7637,291800
7638,226000
7639,189900
7640,189500
7641,192700
7642,176300
7643,204600
7644,322300
7645,216100
7646,281900
7647,362600
7648,386600
7649,392200
7650,661600
7651,638600
7652,477100
7653,548400
7654,611100
7655,541800
7656,2904000
7657,605400
7658,491400
7659,333000
7660,256800
7661,215200
7662,201000
7663,240500
7664,247800
7665,225100
7666,244600
7667,296700
7668,368200
7669,482500
7670,544100
7671,447000
7672,358100
7673,373600
7674,319900
7675,2735000
7676,518000
7677,481300
7678,425600
7679,368200
7680,525900
7681,454200
7682,432800
7683,280300
7684,222800
7685,237500
7686,716600
7687,400600
7688,325500
7689,217100
7690,198500
7691,195800
7692,178000
7693,204200
7694,173800
7695,156900
7696,149500
7697,170600
7698,179500
7699,153900
7700,151200
7701,161700
7702,158100
7703,156700
7704,271100
7705,231000
7706,248100
7707,334600
7708,465600
7709,366400
7710,273300
7711,215500
7712,186800
7713,180400
7714,185300
7715,193200
7716,182000
7717,184500
7718,192900
7719,212600
7720,203000
7721,198300
7722,225200
7723,243600
7724,304900
7725,392400
7726,418000
7727,632900
7728,338200
7729,390300
7730,301300
7731,251300
7732,195900
7733,241100
7734,238700
7735,182000
7736,214500
7737,196800
7738,163200
7739,162000
7740,249500
7741,288800
7742,285000
7743,287700
7744,226800
7745,228000
7746,187500
7747,174000
7748,177700
7749,181000
7750,177100
7751,168200
7752,158200
7753,156500
7754,157900
7755,164900
7756,155600
7757,174800
7758,219500
7759,234900
7760,194100
7761,180000
7762,171200
7763,179200
7764,203000
7765,269100
7766,231900
7767,266700
7768,238100
7769,212100
7770,194300
7771,204300
7772,193500
7773,174700
7774,159200
7775,172100
7776,158100
7777,155300
7778,153700
7779,194500
7780,157500
7781,215100
7782,282100
7783,252100
7784,241300
7785,367400
7786,260800
7787,280800
7788,238400
7789,265900
7790,214200
7791,157700
7792,167000
7793,252700
7794,191000
7795,175400
7796,230200
7797,174000
7798,192500
7799,330600
7800,224000
7801,226300
7802,197800
7803,340500
7804,268700
7805,261800
7806,194700
7807,181500
7808,167700
7809,152200
7810,155300
7811,152300
7812,151600
7813,153800
7814,149100
7815,164200
7816,147400
7817,147700
7818,151500
7819,153100
7820,146200
7821,145900
7822,161600
7823,165500
7824,161400
7825,149400
7826,149000
7827,166400
7828,144000
7829,153700
7830,157600
7831,309200
7832,184700
7833,178700
7834,256900
7835,164100
7836,146700
7837,149200
7838,144900
7839,143700
7840,153900
7841,154600
7842,145000
7843,152700
7844,178900
7845,150700
7846,168100
7847,154200
7848,149900
7849,148400
7850,147100
7851,152200
7852,148500
7853,175900
7854,148500
7855,150900
7856,164700
7857,352500
7858,338500
7859,279100
7860,209900
7861,178100
7862,191300
7863,193900
7864,162300
7865,151600
7866,185800
7867,140800
7868,139300
7869,137700
7870,144800
7871,277200
7872,284900
7873,261200
7874,231800
7875,188800
7876,185600
7877,202000
7878,242300
7879,247300
7880,267100
7881,285900
7882,243900
7883,258900
7884,238800
7885,247300
7886,205900
7887,219200
7888,231300
7889,215900
7890,219100
7891,213200
7892,197100
7893,221100
7894,232000
7895,224000
7896,199600
7897,255500
7898,286600
7899,279500
7900,226000
7901,200200
7902,226900
7903,213700
7904,225300
7905,226000
7906,164200
7907,224700
7908,218100
7909,207500
7910,194800
7911,250300
7912,261200
7913,216900
7914,206800
7915,221600
7916,223900
7917,187800
7918,206700
7919,191700
7920,205500
7921,291700
7922,276500
7923,242700
7924,252100
7925,197800
7926,188400
7927,221800
7928,189000
7929,252300
7930,234600
7931,174400
7932,176900
7933,209700
7934,178200
7935,165100
7936,210200
7937,191200
7938,448900
7939,280200
7940,222600
7941,222900
7942,168700
7943,202300
7944,171200
7945,200100
7946,167200
7947,165700
7948,193000
7949,191000
7950,166900
7951,221400
7952,162200
7953,176800
7954,181000
7955,160000
7956,230900
7957,240000
7958,241100
7959,228300
7960,275800
7961,342100
7962,294200
7963,229900
7964,197000
7965,198600
7966,256000
7967,182000
7968,208200
7969,234400
7970,183300
7971,208400
7972,204700
7973,226900
7974,220000
7975,199800
7976,152000
7977,240600
7978,247400
7979,243100
7980,254500
7981,286900
7982,301600
7983,266700
7984,231500
7985,294600
7986,232300
7987,281400
7988,233300
7989,177700
7990,225500
7991,167400
7992,168500
7993,218600
7994,207700
7995,240000
7996,225100
7997,206000
7998,204800
7999,177300
8000,149500
8001,230500
8002,205700
8003,220500
8004,186200
8005,164300
8006,155600
8007,145900
8008,147200
8009,151800
8010,144300
8011,143300
8012,142100
8013,152400
8014,146100
8015,146400
8016,147300
8017,194900
8018,160300
8019,152000
8020,186600
8021,153900
8022,151000
8023,143500
8024,150600
8025,144900
8026,147100
8027,148500
8028,173900
8029,178900
8030,297300
8031,190600
8032,180200
8033,172300
8034,193200
8035,211700
8036,174600
8037,193100
8038,189300
8039,251100
8040,244600
8041,178700
8042,247500
8043,246100
8044,197300
8045,180200
8046,183300
8047,197800
8048,221100
8049,248500
8050,265900
8051,351700
8052,301600
8053,253000
8054,176200
8055,165500
8056,177200
8057,186100
8058,230800
8059,246700
8060,235300
8061,236100
8062,230600
8063,420000
8064,269600
8065,256300
8066,323100
8067,355000
8068,265900
8069,210900
8070,162500
8071,192900
8072,170300
8073,202700
8074,197200
8075,164400
8076,252300
8077,151300
8078,179300
8079,256300
8080,170000
8081,201100
8082,170000
8083,171800
8084,186300
8085,168200
8086,154900
8087,163000
8088,196000
8089,227600
8090,296700
8091,181000
8092,189000
8093,218100
8094,174500
8095,188000
8096,184500
8097,251600
8098,277100
8099,191900
8100,188600
8101,172300
8102,175100
8103,167100
8104,203700
8105,227500
8106,159400
8107,169200
8108,219100
8109,215300
8110,226500
8111,241500
8112,176200
8113,171400
8114,280500
8115,349400
8116,438600
8117,305900
8118,324700
8119,247600
8120,344400
8121,285700
8122,238700
8123,226000
8124,239700
8125,225300
8126,180300
8127,204600
8128,265200
8129,301400
8130,218400
8131,313900
8132,268800
8133,221300
8134,191500
8135,242000
8136,401000
8137,221900
8138,197100
8139,174300
8140,163900
8141,167900
8142,186300
8143,157400
8144,147700
8145,150600
8146,156000
8147,160500
8148,179200
8149,258400
8150,201800
8151,221500
8152,219200
8153,247700
8154,219000
8155,227900
8156,244700
8157,257300
8158,224600
8159,251400
8160,250100
8161,265900
8162,218500
8163,203100
8164,213900
8165,193500
8166,237400
8167,253400
8168,257200
8169,321100
8170,327800
8171,426800
8172,325000
8173,264000
8174,240000
8175,213300
8176,200800
8177,209600
8178,228900
8179,229600
8180,209800
8181,278300
8182,253600
8183,244900
8184,895700
8185,496900
8186,422900
8187,343300
8188,330400
8189,262500
8190,229300
8191,297300
8192,272700
8193,223900
8194,237100
8195,230000
8196,231700
8197,267100
8198,264400
8199,371600
8200,302700
8201,252000
8202,489000
8203,254900
8204,237200
8205,191000
8206,250700
8207,242500
8208,235500
8209,234500
8210,216100
8211,150400
8212,168400
8213,181500
8214,262200
8215,265800
8216,265300
8217,391600
8218,562800
8219,454700
8220,484600
8221,405200
8222,560200
8223,512600
8224,411300
8225,382400
8226,336300
8227,432700
8228,427200
8229,306600
8230,325700
8231,325500
8232,337900
8233,413100
8234,245700
8235,359600
8236,312000
8237,279700
8238,374700
8239,249500
8240,239600
8241,559200
8242,621300
8243,622100
8244,850000
8245,605300
8246,547600
8247,470700
8248,410000
8249,370400
8250,432000
8251,505700
8252,379100
8253,353600
8254,372500
8255,311000
8256,306500
8257,269600
8258,204400
8259,218700
8260,233600
8261,233600
8262,246100
8263,716400
8264,555200
8265,503500
8266,326500
8267,249700
8268,194300
8269,205500
8270,160000
8271,188300
8272,150200
8273,148300
8274,177900
8275,195300
8276,194900
8277,159100
8278,167700
8279,171200
8280,191500
8281,272900
8282,369300
8283,274900
8284,222100
8285,261000
8286,185900
8287,264800
8288,177900
8289,169900
8290,202800
8291,176600
8292,156000
8293,155100
8294,213400
8295,175300
8296,374400
8297,336200
8298,337600
8299,286700
8300,283400
8301,814000
8302,563500
8303,496300
8304,285300
8305,234500
8306,213600
8307,205400
8308,192400
8309,195000
8310,223900
8311,210900
8312,217900
8313,189700
8314,162800
8315,205400
8316,356300
8317,501800
8318,357200
8319,260800
8320,211500
8321,173900
8322,157600
8323,157200
8324,146300
8325,167000
8326,224100
8327,207700
8328,255800
8329,371800
8330,272200
8331,231000
8332,235600
8333,233100
8334,216700
8335,266300
8336,263300
8337,291600
8338,225300
8339,241400
8340,189900
8341,193800
8342,207100
8343,206700
8344,234000
8345,224000
8346,199800
8347,420100
8348,270400
8349,285600
8350,221200
8351,207000
8352,228000
8353,192100
8354,264600
8355,347000
8356,292600
8357,239900
8358,242300
8359,233400
8360,232200
8361,255900
8362,257700
8363,240300
8364,193600
8365,169000
8366,165300
8367,167500
8368,152000
8369,150000
8370,210300
8371,754100
8372,541000
8373,436700
8374,280000
8375,333100
8376,320200
8377,404100
8378,343500
8379,320600
8380,367600
8381,402500
8382,343000
8383,695200
8384,645500
8385,629600
8386,524500
8387,431700
8388,443900
8389,463500
8390,417200
8391,578400
8392,583600
8393,515200
8394,504100
8395,540800
8396,453000
8397,506600
8398,498100
8399,406100
8400,414500
8401,713800
8402,349800
8403,275600
8404,234900
8405,228100
8406,330700
8407,417200
8408,444400
8409,476300
8410,409000
8411,498300
8412,418600
8413,486700
8414,504900
8415,411200
8416,2816500
8417,280500
8418,241500
8419,217700
8420,271400
8421,220000
8422,449700
8423,493100
8424,343700
8425,267700
8426,326200
8427,296200
8428,315100
8429,219800
8430,233300
8431,247900
8432,268500
8433,269900
8434,1016900
8435,359300
8436,415500
8437,326700
8438,360500
8439,306300
8440,325100
8441,280600
8442,242000
8443,228700
8444,237100
8445,277800
8446,275500
8447,332400
8448,495000
8449,398800
8450,331600
8451,259900
8452,276300
8453,269800
8454,291300
8455,259400
8456,280700
8457,326800
8458,301600
8459,277500
8460,225000
8461,204700
8462,214100
8463,243700
8464,303400
8465,420000
8466,368800
8467,276200
8468,311400
8469,265000
8470,252000
8471,295800
8472,254200
8473,198700
8474,220900
8475,261600
8476,250100
8477,247500
8478,181200
8479,187500
8480,169300
8481,441000
8482,471600
8483,345600
8484,289600
8485,221200
8486,261900
8487,243200
8488,253300
8489,208500
8490,218600
8491,209300
8492,212400
8493,203800
8494,229600
8495,256000
8496,280200
8497,259500
8498,284800
8499,445600
8500,479600
8501,370700
8502,246600
8503,291500
8504,251900
8505,266400
8506,270800
8507,397400
8508,318300
8509,283700
8510,270500
8511,277100
8512,252100
8513,243400
8514,266800
8515,423900
8516,445200
8517,357400
8518,394400
8519,289900
8520,286000
8521,238100
8522,221400
8523,199500
8524,216000
8525,222900
8526,226500
8527,550800
8528,410000
8529,318400
8530,286800
8531,252800
8532,238900
8533,311500
8534,300100
8535,256000
8536,311400
8537,269100
8538,230200
8539,240200
8540,233800
8541,268800
8542,241600
8543,275500
8544,400100
8545,478300
8546,316700
8547,319900
8548,260700
8549,266600
8550,235100
8551,247800
8552,262400
8553,294900
8554,262200
8555,240600
8556,241900
8557,229000
8558,222300
8559,281900
8560,204900
8561,314100
8562,501700
8563,521300
8564,527400
8565,563100
8566,402900
8567,238400
8568,196100
8569,169700
8570,158500
8571,175800
8572,153500
8573,149900
8574,151400
8575,147600
8576,156400
8577,176600
8578,242300
8579,539900
8580,399000
8581,283400
8582,249600
8583,250500
8584,178200
8585,258800
8586,326700
8587,300400
8588,269000
8589,273100
8590,236700
8591,225700
8592,227600
8593,223200
8594,271100
8595,333500
8596,301800
8597,400500
8598,309300
8599,231000
8600,166300
8601,153400
8602,145900
8603,144800
8604,146300
8605,146600
8606,148200
8607,145700
8608,146400
8609,147200
8610,147600
8611,146400
8612,147500
8613,145000
8614,145500
8615,145000
8616,145300
8617,162200
8618,186800
8619,197100
8620,216300
8621,185900
8622,159400
8623,150600
8624,147100
8625,146000
8626,147500
8627,169600
8628,168800
8629,260000
8630,201600
8631,199300
8632,192200
8633,190200
8634,192000
8635,182700
8636,171000
8637,853600
8638,567100
8639,391100
8640,237400
8641,188200
8642,163700
8643,177300
8644,163200
8645,155700
8646,151700
8647,178900
8648,160300
8649,160800
8650,179100
8651,155700
8652,213900
8653,234000
8654,190400
8655,2739600
8656,527700
8657,411800
8658,315200
8659,298000
8660,237900
8661,244900
8662,164900
8663,171600
8664,171900
8665,162400
8666,163400
8667,176000
8668,166700
8669,168700
8670,174000
8671,504900
8672,727400
8673,480100
8674,320400
8675,275600
8676,219900
8677,176000
8678,159600
8679,189100
8680,167800
8681,176100
8682,176800
8683,167500
8684,164100
8685,168700
8686,180100
8687,172700
8688,179100
8689,219900
8690,250000
8691,421800
8692,323700
8693,204100
8694,166100
8695,197900
8696,163300
8697,165300
8698,155000
8699,182500
8700,160900
8701,258700
8702,201800
8703,291800
8704,287800
8705,265700
8706,339300
8707,375700
8708,365600
8709,2558100
8710,512900
8711,412900
8712,316100
8713,290400
8714,221900
8715,213000
8716,218500
8717,261200
8718,249400
8719,284400
8720,401000
8721,391800
8722,322500
8723,335400
8724,313700
8725,193500
8726,210200
8727,262500
8728,229000
8729,169700
8730,241300
8731,202700
8732,154100
8733,218100
8734,555900
8735,533000
8736,297300
8737,309900
8738,262700
8739,180700
8740,167700
8741,237500
8742,239200
8743,169700
8744,233000
8745,244400
8746,187900
8747,249800
8748,213400
8749,221300
8750,249800
8751,178000
8752,328000
8753,356700
8754,411600
8755,350000
8756,359100
8757,281300
8758,170000
8759,157400
8760,212400
8761,182500
8762,158100
8763,150800
8764,212900
8765,189600
8766,210300
8767,208400
8768,270200
8769,236100
8770,218200
8771,306800
8772,527200
8773,493800
8774,447800
8775,274900
8776,234500
8777,206300
8778,202800
8779,164900
8780,165900
8781,161500
8782,253600
8783,250100
8784,257800
8785,209600
8786,253500
8787,181600
8788,253700
8789,295300
8790,255200
8791,236100
8792,277400
8793,2969000
8794,242800
8795,190000
8796,165300
8797,226200
8798,202200
8799,220400
8800,216400
8801,188400
8802,339900
8803,283000
8804,249600
8805,241700
8806,178900
8807,168000
8808,190800
8809,218200
8810,154100
8811,207400
8812,230700
8813,187900
8814,1974100
8815,247700
8816,278100
8817,201400
8818,286600
8819,258200
8820,208800
8821,169100
8822,169800
8823,271600
8824,263900
8825,258700
8826,183100
8827,168000
8828,158200
8829,213300
8830,165700
8831,158600
8832,309400
8833,206000
8834,172500
8835,584800
8836,560400
8837,352900
8838,324800
8839,284700
8840,285400
8841,243000
8842,242000
8843,190500
8844,272400
8845,243300
8846,302400
8847,227900
8848,163400
8849,254700
8850,257300
8851,267800
8852,368800
8853,449900
8854,314200
8855,220800
8856,222100
8857,223100
8858,159800
8859,376400
8860,285700
8861,188700
8862,164900
8863,235700
8864,244000
8865,195200
8866,250200
8867,255400
8868,169700
8869,268800
8870,279400
8871,421100
8872,403000
8873,421300
8874,376200
8875,227300
8876,239300
8877,227300
8878,338100
8879,299300
8880,274300
8881,194400
8882,172600
8883,3079900
8884,330700
8885,479200
8886,306500
8887,219600
8888,200700
8889,163000
8890,157700
8891,160400
8892,178400
8893,166100
8894,158800
8895,165100
8896,177100
8897,162200
8898,159900
8899,160800
8900,151700
8901,163100
8902,181300
8903,259500
8904,245300
8905,206800
8906,326000
8907,184600
8908,203200
8909,178100
8910,211200
8911,172700
8912,205800
8913,178100
8914,164100
8915,155200
8916,151100
8917,176900
8918,156100
8919,162300
8920,164300
8921,169700
8922,263800
8923,266000
8924,245200
8925,348300
8926,279900
8927,405500
8928,293100
8929,234100
8930,296800
8931,186900
8932,165600
8933,194900
8934,228000
8935,258600
8936,216300
8937,204100
8938,192500
8939,155200
8940,461200
8941,475100
8942,380100
8943,204700
8944,163900
8945,171300
8946,152700
8947,149400
8948,146700
8949,147100
8950,175900
8951,150500
8952,146900
8953,148000
8954,158700
8955,149600
8956,147400
8957,150000
8958,153900
8959,153100
8960,143300
8961,143800
8962,144200
8963,181200
8964,148600
8965,148200
8966,159900
8967,294100
8968,285200
8969,194500
8970,197300
8971,159400
8972,184700
8973,145400
8974,142300
8975,155800
8976,202500
8977,151000
8978,144600
8979,190800
8980,153400
8981,150200
8982,148500
8983,151300
8984,146800
8985,149300
8986,172700
8987,153500
8988,153100
8989,145800
8990,144000
8991,143200
8992,162900
8993,223500
8994,243300
8995,255800
8996,208400
8997,228700
8998,203300
8999,184000
9000,160800
9001,148800
9002,160700
9003,146000
9004,187100
9005,154300
9006,153300
9007,155700
9008,149200
9009,154600
9010,149900
9011,164900
9012,149000
9013,149100
9014,206300
9015,260300
9016,193100
9017,199800
9018,320900
9019,278500
9020,190800
9021,253300
9022,163500
9023,149700
9024,146000
9025,191300
9026,149200
9027,149200
9028,145700
9029,143300
9030,145400
9031,151600
9032,145000
9033,145600
9034,147200
9035,192900
9036,160600
9037,147900
9038,146200
9039,143400
9040,153500
9041,149900
9042,150500
9043,153000
9044,171500
9045,310800
9046,178600
9047,169400
9048,226900
9049,150500
9050,147300
9051,146600
9052,189200
9053,145800
9054,147200
9055,148900
9056,147400
9057,200700
9058,154700
9059,149400
9060,146300
9061,208600
9062,327700
9063,256600
9064,248600
9065,245200
9066,178600
9067,320200
9068,322100
9069,253000
9070,259500
9071,197900
9072,228500
9073,204800
9074,185700
9075,210800
9076,229400
9077,192900
9078,199000
9079,232700
9080,252200
9081,250000
9082,158800
9083,146700
9084,330800
9085,343400
9086,266800
9087,238400
9088,238400
9089,203100
9090,181100
9091,181300
9092,171200
9093,176800
9094,242000
9095,187100
9096,190400
9097,257500
9098,363700
9099,335200
9100,321900
9101,264600
9102,245400
9103,242300
9104,359000
9105,394900
9106,215700
9107,298600
9108,303400
9109,262800
9110,288400
9111,263700
9112,191700
9113,260100
9114,258500
9115,226900
9116,294600
9117,286800
9118,203500
9119,236200
9120,285200
9121,447900
9122,640400
9123,398300
9124,524600
9125,473900
9126,398200
9127,361600
9128,361400
9129,433500
9130,314900
9131,267300
9132,332400
9133,378500
9134,465000
9135,357500
9136,306000
9137,315300
9138,297100
9139,228500
9140,213000
9141,204200
9142,219600
9143,209600
9144,206200
9145,242700
9146,179900
9147,196400
9148,241900
9149,233900
9150,332100
9151,380000
9152,305500
9153,228500
9154,215700
9155,220700
9156,243700
9157,223800
9158,268500
9159,240800
9160,218900
9161,306100
9162,210700
9163,187800
9164,181700
9165,211400
9166,210100
9167,189900
9168,206700
9169,186100
9170,246600
9171,243300
9172,208600
9173,221100
9174,172900
9175,167500
9176,155200
9177,175700
9178,171600
9179,177300
9180,171000
9181,207600
9182,190400
9183,176600
9184,172500
9185,223300
9186,270500
9187,223300
9188,676100
9189,496900
9190,380900
9191,224900
9192,181300
9193,159100
9194,161500
9195,157500
9196,157600
9197,174000
9198,164200
9199,208000
9200,235700
9201,344100
9202,296400
9203,255500
9204,226900
9205,238400
9206,348000
9207,327500
9208,367200
9209,321200
9210,349800
9211,290400
9212,267200
9213,264300
9214,242400
9215,243100
9216,205500
9217,201700
9218,262800
9219,244900
9220,259600
9221,304700
9222,353000
9223,572700
9224,546300
9225,423500
9226,320700
9227,303400
9228,273800
9229,260100
9230,244900
9231,262500
9232,234900
9233,223400
9234,223900
9235,367800
9236,345100
9237,390400
9238,395800
9239,353100
9240,283300
9241,260200
9242,279300
9243,267200
9244,239700
9245,228900
9246,308700
9247,250000
9248,245800
9249,310200
9250,343500
9251,255900
9252,272800
9253,411300
9254,414200
9255,331900
9256,307600
9257,355600
9258,343200
9259,326400
9260,240000
9261,234900
9262,293600
9263,293500
9264,228200
9265,227500
9266,193300
9267,179900
9268,180600
9269,240700
9270,386100
9271,435800
9272,354900
9273,333900
9274,316800
9275,250800
9276,226900
9277,286100
9278,368600
9279,328400
9280,289900
9281,763300
9282,623700
9283,491600
9284,416500
9285,401300
9286,253100
9287,327600
9288,352500
9289,303800
9290,234300
9291,233900
9292,232000
9293,305900
9294,293800
9295,276900
9296,226800
9297,185500
9298,164400
9299,155500
9300,151700
9301,162700
9302,149000
9303,156100
9304,144700
9305,143700
9306,142500
9307,143300
9308,315800
9309,259000
9310,250100
9311,222600
9312,165800
9313,191000
9314,218800
9315,233100
9316,463500
9317,376000
9318,301900
9319,346800
9320,243000
9321,228600
9322,243500
9323,437400
9324,210000
9325,203400
9326,190500
9327,213900
9328,207200
9329,179600
9330,212100
9331,222200
9332,215800
9333,201100
9334,231800
9335,210300
9336,268000
9337,259400
9338,192900
9339,219300
9340,168000
9341,210100
9342,214300
9343,220700
9344,180300
9345,220800
9346,191900
9347,207600
9348,158500
9349,160700
9350,155900
9351,149200
9352,149500
9353,172700
9354,148400
9355,146000
9356,146800
9357,175100
9358,188200
9359,177200
9360,177100
9361,157300
9362,150200
9363,149000
9364,150000
9365,193500
9366,247600
9367,256700
9368,169600
9369,211200
9370,193800
9371,215400
9372,173100
9373,202500
9374,235600
9375,192900
9376,213500
9377,171700
9378,164400
9379,175800
9380,171700
9381,186900
9382,403300
9383,401500
9384,293400
9385,320300
9386,252200
9387,378800
9388,280500
9389,245200
9390,215400
9391,208300
9392,220100
9393,227600
9394,418700
9395,349700
9396,304600
9397,243400
9398,217900
9399,215900
9400,218500
9401,198700
9402,215500
9403,217000
9404,257000
9405,224400
9406,230800
9407,288000
9408,268600
9409,256100
9410,257300
9411,191000
9412,166000
9413,160800
9414,281800
9415,537500
9416,414100
9417,316300
9418,208500
9419,217300
9420,172700
9421,213400
9422,223300
9423,199100
9424,254500
9425,185700
9426,229500
9427,172200
9428,167800
9429,198500
9430,188000
9431,230400
9432,168500
9433,173300
9434,201900
9435,301700
9436,370900
9437,265900
9438,260000
9439,287300
9440,262400
9441,207500
9442,215800
9443,193400
9444,191600
9445,210000
9446,207200
9447,280500
9448,269700
9449,261900
9450,265200
9451,217900
9452,207900
9453,227200
9454,333000
9455,260900
9456,326600
9457,326000
9458,260400
9459,427800
9460,354100
9461,295000
9462,324700
9463,393300
9464,378000
9465,343800
9466,338900
9467,322800
9468,519900
9469,461800
9470,375500
9471,359000
9472,348900
9473,348800
9474,256500
9475,262900
9476,254200
9477,396500
9478,350100
9479,311300
9480,308900
9481,468500
9482,402200
9483,256000
9484,249400
9485,237100
9486,234200
9487,230300
9488,228400
9489,288100
9490,288600
9491,205300
9492,239900
9493,183200
9494,531800
9495,440000
9496,302700
9497,226000
9498,183600
9499,178800
9500,162200
9501,159100
9502,185000
9503,159800
9504,152800
9505,160600
9506,170100
9507,161700
9508,158000
9509,365600
9510,391600
9511,237300
9512,220400
9513,174200
9514,235400
9515,273500
9516,236400
9517,335000
9518,210100
9519,196400
9520,202500
9521,178300
9522,247400
9523,239100
9524,176100
9525,222900
9526,196600
9527,206900
9528,203000
9529,172300
9530,185300
9531,229100
9532,201200
9533,193600
9534,158500
9535,182700
9536,279400
9537,459300
9538,510300
9539,578200
9540,448700
9541,396100
9542,337400
9543,287800
9544,353300
9545,286600
9546,241000
9547,222500
9548,235300
9549,251600
9550,287900
9551,270400
9552,334700
9553,309400
9554,275000
9555,252200
9556,239600
9557,226000
9558,240100
9559,205500
9560,234000
9561,247100
9562,323600
9563,300200
9564,368300
9565,451600
9566,425100
9567,284500
9568,221300
9569,279400
9570,354900
9571,332200
9572,269500
9573,236800
9574,168800
9575,223900
9576,257500
9577,234400
9578,253900
9579,237900
9580,603300
9581,333100
9582,284800
9583,225200
9584,229800
9585,236900
9586,196900
9587,236100
9588,208800
9589,259200
9590,242400
9591,206200
9592,592700
9593,540700
9594,425100
9595,463200
9596,308700
9597,196700
9598,164500
9599,165600
9600,209300
9601,251600
9602,284600
9603,238300
9604,348300
9605,285300
9606,371100
9607,889100
9608,318200
9609,266400
9610,228100
9611,206100
9612,195800
9613,193600
9614,178200
9615,176300
9616,187500
9617,185600
9618,193300
9619,190100
9620,178000
9621,170500
9622,174000
9623,193800
9624,539200
9625,944600
9626,428300
9627,327500
9628,235500
9629,250300
9630,225500
9631,310400
9632,260100
9633,244200
9634,214400
9635,175600
9636,218200
9637,310400
9638,277700
9639,314100
9640,241900
9641,185400
9642,168000
9643,184600
9644,151900
9645,145900
9646,145500
9647,148800
9648,155700
9649,146500
9650,149200
9651,148900
9652,165600
9653,146900
9654,155800
9655,148000
9656,165500
9657,148400
9658,146000
9659,145400
9660,160800
9661,190700
9662,155500
9663,160600
9664,191100
9665,278000
9666,265800
9667,432400
9668,412000
9669,218100
9670,213700
9671,207000
9672,203600
9673,218400
9674,226700
9675,214000
9676,221200
9677,218400
9678,230100
9679,213600
9680,214100
9681,230200
9682,205500
9683,248300
9684,285700
9685,288200
9686,213000
9687,203100
9688,205200
9689,217400
9690,239500
9691,211500
9692,238600
9693,307900
9694,174900
9695,153800
9696,228400
9697,230000
9698,194000
9699,408300
9700,305200
9701,279200
9702,284900
9703,237500
9704,209800
9705,212100
9706,230100
9707,200000
9708,199100
9709,196500
9710,192200
9711,207500
9712,215900
9713,211600
9714,172600
9715,216500
9716,194800
9717,274600
9718,175300
9719,156300
9720,223100
9721,227200
9722,261300
9723,276500
9724,223700
9725,194200
9726,219900
9727,223100
9728,229600
9729,215000
9730,282400
9731,229600
9732,213100
9733,199300
9734,228900
9735,197900
9736,247700
9737,178800
9738,206100
9739,154900
9740,148500
9741,146500
9742,161800
9743,195200
9744,431700
9745,446400
9746,405500
9747,352700
9748,266700
9749,235300
9750,212100
9751,191700
9752,217100
9753,209000
9754,227900
9755,243700
9756,233600
9757,236100
9758,198000
9759,236500
9760,212700
9761,237500
9762,384600
9763,305800
9764,248400
9765,199400
9766,242600
9767,208500
9768,184500
9769,197700
9770,213500
9771,202000
9772,210400
9773,246600
9774,216200
9775,209800
9776,254000
9777,206900
9778,210800
9779,221300
9780,205600
9781,210800
9782,227300
9783,290900
9784,219400
9785,245300
9786,204900
9787,226100
9788,208700
9789,203300
9790,200800
9791,181800
9792,217300
9793,154400
9794,222100
9795,175700
9796,162900
9797,186600
9798,202400
9799,214500
9800,156800
9801,212100
9802,193700
9803,165700
9804,217400
9805,229400
9806,198500
9807,219300
9808,220900
9809,218200
9810,203700
9811,213500
9812,173900
9813,172900
9814,303800
9815,297700
9816,260600
9817,255500
9818,236900
9819,242200
9820,544900
9821,476700
9822,389800
9823,264900
9824,265000
9825,213300
9826,286700
9827,256400
9828,258600
9829,243900
9830,223300
9831,219300
9832,230300
9833,209400
9834,170100
9835,225300
9836,209300
9837,229900
9838,230600
9839,256400
9840,248600
9841,206200
9842,262100
9843,213100
9844,218500
9845,160800
9846,151900
9847,149900
9848,150300
9849,144400
9850,146200
9851,146700
9852,146600
9853,148500
9854,145200
9855,154100
9856,199400
9857,150500
9858,144500
9859,152100
9860,144100
9861,212500
9862,265000
9863,366900
9864,407500
9865,316700
9866,264900
9867,186000
9868,153700
9869,154700
9870,148600
9871,159600
9872,153200
9873,151400
9874,144300
9875,146400
9876,269100
9877,182000
9878,228400
9879,250800
9880,221300
9881,216900
9882,272800
9883,219100
9884,168300
9885,186700
9886,392800
9887,314900
9888,274700
9889,219500
9890,155000
9891,211700
9892,214500
9893,248600
9894,234100
9895,155400
9896,153200
9897,142400
9898,158100
9899,143300
9900,140900
9901,140100
9902,142400
9903,155400
9904,143200
9905,141700
9906,140200
9907,142300
9908,141000
9909,341400
9910,404300
9911,240200
9912,170600
9913,151600
9914,148300
9915,146900
9916,146500
9917,143100
9918,148900
9919,145600
9920,184300
9921,146300
9922,152200
9923,145800
9924,144700
9925,144000
9926,160900
9927,145500
9928,145100
9929,145100
9930,167500
9931,145600
9932,145400
9933,144800
9934,146400
9935,171900
9936,276300
9937,592200
9938,359100
9939,230900
9940,164900
9941,238600
9942,224200
9943,215300
9944,210300
9945,196700
9946,219200
9947,224100
9948,396500
9949,361800
9950,338700
9951,215500
9952,184500
9953,163800
9954,201600
9955,190500
9956,221000
9957,186300
9958,201500
9959,171200
9960,180400
9961,207400
9962,163600
9963,162300
9964,188900
9965,203700
9966,185400
9967,210300
9968,162300
9969,196800
9970,186800
9971,169900
9972,216100
9973,218400
9974,193900
9975,175600
9976,176500
9977,166700
9978,158700
9979,178600
9980,163600
9981,189400
9982,230800
9983,196000
9984,190800
9985,155800
9986,196700
9987,176800
9988,165400
9989,203100
9990,167500
9991,201000
9992,191900
9993,196000
9994,174200
9995,252600
9996,337500
9997,381600
9998,355500
9999,313800
10000,273600
10001,239500
10002,243300
10003,186900
10004,170900
10005,170700
10006,220500
10007,163600
10008,165400
10009,203800
10010,184900
10011,153100
10012,164700
10013,209500
10014,267700
10015,194900
10016,218300
10017,231600
10018,236400
10019,206300
10020,200500
10021,185500
10022,258500
10023,190700
10024,163600
10025,165900
10026,213100
10027,182300
10028,224200
10029,201700
10030,211500
10031,207000
10032,197600
10033,217500
10034,207100
10035,205800
10036,209800
10037,198900
10038,255300
10039,221800
10040,285000
10041,241500
10042,186400
10043,156100
10044,165100
10045,198800
10046,212400
10047,192300
10048,163300
10049,195000
10050,159300
10051,274700
10052,227700
10053,236300
10054,239200
10055,194600
10056,202600
10057,234000
10058,203100
10059,219000
10060,305300
10061,335900
10062,250700
10063,225100
10064,218900
10065,218600
10066,221900
10067,203500
10068,217700
10069,202900
10070,195500
10071,218400
10072,203700
10073,218600
10074,214400
10075,499200
10076,409100
10077,275300
10078,258200
10079,223600
10080,226100
10081,201700
10082,185000
10083,261600
10084,268100
10085,257400
10086,238100
10087,264200
10088,236300
10089,205500
10090,227800
10091,258900
10092,177200
10093,178900
10094,180700
10095,243700
10096,272600
10097,242500
10098,223700
10099,205900
10100,204900
10101,209500
10102,206700
10103,200100
10104,197400
10105,223300
10106,207900
10107,281500
10108,206000
10109,194600
10110,202600
10111,205700
10112,224600
10113,167100
10114,219900
10115,483600
10116,405100
10117,251900
10118,172500
10119,173800
10120,197200
10121,202300
10122,171700
10123,214300
10124,214700
10125,162700
10126,186000
10127,169500
10128,193600
10129,206100
10130,180900
10131,169800
10132,156100
10133,171400
10134,146300
10135,197200
10136,223200
10137,191200
10138,212200
10139,193800
10140,212600
10141,247500
10142,191300
10143,193300
10144,171100
10145,183600
10146,163100
10147,177200
10148,217300
10149,191100
10150,203600
10151,193300
10152,197400
10153,175000
10154,199800
10155,228700
10156,184300
10157,195000
10158,191900
10159,212900
10160,157200
10161,173800
10162,273900
10163,189800
10164,293900
10165,279000
10166,285000
10167,230600
10168,240500
10169,213700
10170,302400
10171,226400
10172,254800
10173,226000
10174,219300
10175,198900
10176,187700
10177,195700
10178,286700
10179,305700
10180,242000
10181,217400
10182,210500
10183,214500
10184,211400
10185,183400
10186,211500
10187,226800
10188,194000
10189,203900
10190,223600
10191,184500
10192,178900
10193,230600
10194,291200
10195,238200
10196,311800
10197,275900
10198,261400
10199,221200
10200,234000
10201,279200
10202,262500
10203,243500
10204,201900
10205,173400
10206,166600
10207,163900
10208,173700
10209,209900
10210,230200
10211,194200
10212,216000
10213,176300
10214,243600
10215,240900
10216,219500
10217,231400
10218,275000
10219,219300
10220,210600
10221,226900
10222,215900
10223,226500
10224,226800
10225,212700
10226,216700
10227,201000
10228,176600
10229,210700
10230,304400
10231,216300
10232,212700
10233,229400
10234,172100
10235,232100
10236,230400
10237,234700
10238,301600
10239,385100
10240,249900
10241,261700
10242,232200
10243,214000
10244,183400
10245,227000
10246,225000
10247,182200
10248,187800
10249,201000
10250,200900
10251,231500
10252,206100
10253,164700
10254,202100
10255,194700
10256,192700
10257,269000
10258,183400
10259,154700
10260,223000
10261,279200
10262,254100
10263,197400
10264,263100
10265,245700
10266,200300
10267,207000
10268,192400
10269,226400
10270,218700
10271,250600
10272,199500
10273,267000
10274,217200
10275,184600
10276,170200
10277,146500
10278,187200
10279,156700
10280,158000
10281,229100
10282,253700
10283,227100
10284,223100
10285,203300
10286,182200
10287,154500
10288,146000
10289,143000
10290,146000
10291,138700
10292,140800
10293,139100
10294,138900
10295,139400
10296,185900
10297,138600
10298,137600
10299,137500
10300,138800
10301,143200
10302,137600
10303,139100
10304,137600
10305,138600
10306,138500
10307,161200
10308,140200
10309,143000
10310,155100
10311,167700
10312,159900
10313,245300
10314,239700
10315,222200
10316,182400
10317,185200
10318,201600
10319,206800
10320,174000
10321,251000
10322,241100
10323,218700
10324,232900
10325,308000
10326,335500
10327,647100
10328,375500
10329,207800
10330,209000
10331,309200
10332,236700
10333,187100
10334,192400
10335,207800
10336,254900
10337,191000
10338,175900
10339,373800
10340,178800
10341,149700
10342,166900
10343,142900
10344,145500
10345,166700
10346,190200
10347,153600
10348,166700
10349,271700
10350,224500
10351,238500
10352,231700
10353,235300
10354,219400
10355,241300
10356,197600
10357,197900
10358,200800
10359,223700
10360,196500
10361,203700
10362,190600
10363,198100
10364,225800
10365,237500
10366,224800
10367,234900
10368,384300
10369,250100
10370,255600
10371,221300
10372,236100
10373,200700
10374,226000
10375,220200
10376,203500
10377,196100
10378,188300
10379,185900
10380,252400
10381,220300
10382,205800
10383,216800
10384,216400
10385,218100
10386,186300
10387,205600
10388,228000
10389,288700
10390,274300
10391,237400
10392,205500
10393,248600
10394,354200
10395,260200
10396,221500
10397,197600
10398,192900
10399,201800
10400,223900
10401,208900
10402,206200
10403,196600
10404,220400
10405,207400
10406,200300
10407,207200
10408,242900
10409,227100
10410,228700
10411,195900
10412,208900
10413,183900
10414,224900
10415,273400
10416,173500
10417,149100
10418,142500
10419,141400
10420,183300
10421,181700
10422,141400
10423,179400
10424,141100
10425,136000
10426,136300
10427,143800
10428,135800
10429,136900
10430,135400
10431,143400
10432,137400
10433,135800
10434,145700
10435,144700
10436,255100
10437,387800
10438,270400
10439,208800
10440,199600
10441,233600
10442,237200
10443,209400
10444,182200
10445,200000
10446,224400
10447,205600
10448,193800
10449,220500
10450,208400
10451,462000
10452,482900
10453,327600
10454,283100
10455,226100
10456,209500
10457,249900
10458,178900
10459,211600
10460,189000
10461,216900
10462,216000
10463,205800
10464,209600
10465,199400
10466,224700
10467,209900
10468,226800
10469,200600
10470,218400
10471,255400
10472,294500
10473,404100
10474,250500
10475,240600
10476,228500
10477,207000
10478,209700
10479,214100
10480,188700
10481,2144600
10482,195500
10483,178300
10484,219300
10485,208100
10486,240200
10487,223400
10488,474300
10489,240100
10490,267100
10491,274100
10492,362600
10493,249200
10494,249400
10495,172700
10496,226400
10497,224400
10498,239300
10499,214500
10500,233900
10501,227500
10502,179500
10503,158900
10504,152200
10505,166900
10506,143300
10507,151500
10508,152500
10509,191100
10510,2932100
10511,323400
10512,251900
10513,210100
10514,210000
10515,251500
10516,208000
10517,210500
10518,197800
10519,201100
10520,210300
10521,205500
10522,256900
10523,255700
10524,248200
10525,209600
10526,191500
10527,204800
10528,200200
10529,194200
10530,193200
10531,212900
10532,195500
10533,220900
10534,223300
10535,251000
10536,222200
10537,196500
10538,185400
10539,212100
10540,224900
10541,180500
10542,193900
10543,229300
10544,233900
10545,262500
10546,195500
10547,292400
10548,186400
10549,191900
10550,189300
10551,203800
10552,222900
10553,200400
10554,166100
10555,169000
10556,200200
10557,186200
10558,193400
10559,173400
10560,319400
10561,269900
10562,179900
10563,177700
10564,201000
10565,194300
10566,184500
10567,174600
10568,172900
10569,179800
10570,163000
10571,204300
10572,267800
10573,231500
10574,244700
10575,200400
10576,295500
10577,219600
10578,198500
10579,234200
10580,221800
10581,209200
10582,246900
10583,290600
10584,257300
10585,209400
10586,218300
10587,198300
10588,255700
10589,206500
10590,211000
10591,232400
10592,232600
10593,188500
10594,231900
10595,203400
10596,150500
10597,195300
10598,190100
10599,188400
10600,186600
10601,182100
10602,213500
10603,161200
10604,183200
10605,219900
10606,197000
10607,173400
10608,215100
10609,187100
10610,161600
10611,155600
10612,138900
10613,210500
10614,245800
10615,247500
10616,206300
10617,238900
10618,216900
10619,237700
10620,262600
10621,161900
10622,149300
10623,178000
10624,208500
10625,177100
10626,244600
10627,259100
10628,226800
10629,194500
10630,212000
10631,230400
10632,216600
10633,158300
10634,165100
10635,224200
10636,184800
10637,212100
10638,185300
10639,197500
10640,210100
10641,181900
10642,180700
10643,215100
10644,207100
10645,227700
10646,202800
10647,221300
10648,245000
10649,247600
10650,546900
10651,350500
10652,243600
10653,220300
10654,207200
10655,256400
10656,212600
10657,220000
10658,224800
10659,207100
10660,208600
10661,203000
10662,182100
10663,215100
10664,220900
10665,425800
10666,195700
10667,163400
10668,166900
10669,215000
10670,175700
10671,188600
10672,202100
10673,210900
10674,179700
10675,207100
10676,163100
10677,258400
10678,173800
10679,179300
10680,217500
10681,179200
10682,148600
10683,283600
10684,192200
10685,184800
10686,164900
10687,264100
10688,256200
10689,221800
10690,250400
10691,285100
10692,227300
10693,242800
10694,246400
10695,245400
10696,226700
10697,228000
10698,219200
10699,214300
10700,212500
10701,238300
10702,245500
10703,224200
10704,151300
10705,214800
10706,231000
10707,254000
10708,171600
10709,184700
10710,211900
10711,225600
10712,171500
10713,205500
10714,198200
10715,177400
10716,176800
10717,186600
10718,245600
10719,205900
10720,219000
10721,226000
10722,202700
10723,212200
10724,226700
10725,194700
10726,230900
10727,258900
10728,327400
10729,368700
10730,209600
10731,204400
10732,222600
10733,222600
10734,238600
10735,216500
10736,189900
10737,217000
10738,166300
10739,196500
10740,165300
10741,164100
10742,177600
10743,189900
10744,187800
10745,191900
10746,167900
10747,174000
10748,168200
10749,165200
10750,209000
10751,206900
10752,208800
10753,216700
10754,223400
10755,224300
10756,264400
10757,177000
10758,204600
10759,199700
10760,214400
10761,191500
10762,159400
10763,172400
10764,186800
10765,215300
10766,222300
10767,258700
10768,155800
10769,174800
10770,175600
10771,197900
10772,242700
10773,206900
10774,179200
10775,170900
10776,184500
10777,229800
10778,177700
10779,170700
10780,194500
10781,160000
10782,228300
10783,178300
10784,192200
10785,199800
10786,147000
10787,199900
10788,222800
10789,208200
10790,173800
10791,239500
10792,202000
10793,229100
10794,197000
10795,194300
10796,170600
10797,182400
10798,238400
10799,182600
10800,270400
10801,182100
10802,194700
10803,253400
10804,186000
10805,199700
10806,234400
10807,199200
10808,222700
10809,186500
10810,155500
10811,165500
10812,352000
10813,211500
10814,205400
10815,190500
10816,230200
10817,214700
10818,166100
10819,170500
10820,146400
10821,158400
10822,138000
10823,280000
10824,289800
10825,174200
10826,263900
10827,155400
10828,177200
10829,188700
10830,144300
10831,144000
10832,141400
10833,146200
10834,140100
10835,140900
10836,181100
10837,149900
10838,148900
10839,146800
10840,188300
10841,179300
10842,220400
10843,182000
10844,140800
10845,139000
10846,145500
10847,144100
10848,141600
10849,184100
10850,145300
10851,142300
10852,142600
10853,142700
10854,141000
10855,321700
10856,242000
10857,256800
10858,216500
10859,200900
10860,330600
10861,268300
10862,237100
10863,273900
10864,312000
10865,358800
10866,274200
10867,222900
10868,192400
10869,275100
10870,255400
10871,248100
10872,217400
10873,237200
10874,219600
10875,211900
10876,215400
10877,206700
10878,230800
10879,200300
10880,211800
10881,221700
10882,248800
10883,295100
10884,279200
10885,243600
10886,214000
10887,205300
10888,219200
10889,222600
10890,225100
10891,240000
10892,255900
10893,245400
10894,205700
10895,222300
10896,210200
10897,175200
10898,186900
10899,215600
10900,194100
10901,178800
10902,218100
10903,246400
10904,339200
10905,399600
10906,321300
10907,281100
10908,241800
10909,229300
10910,197300
10911,206800
10912,207100
10913,210800
10914,204100
10915,164500
10916,193900
10917,180300
10918,163400
10919,186800
10920,183100
10921,168100
10922,170900
10923,442800
10924,336100
10925,238400
10926,295600
10927,183400
10928,172200
10929,420600
10930,332600
10931,320600
10932,263100
10933,270200
10934,270000
10935,792700
10936,1015200
10937,399200
10938,271100
10939,249500
10940,288300
10941,220600
10942,243400
10943,211400
10944,172100
10945,227100
10946,215900
10947,210600
10948,211500
10949,178900
10950,160100
10951,291100
10952,213400
10953,239200
10954,193700
10955,181500
10956,221900
10957,179500
10958,191800
10959,226500
10960,187600
10961,227600
10962,181500
10963,164900
10964,177800
10965,167300
10966,181200
10967,191000
10968,195300
10969,208300
10970,179900
10971,175400
10972,167800
10973,170200
10974,245400
10975,371300
10976,230800
10977,243600
10978,182700
10979,178500
10980,193600
10981,178300
10982,170400
10983,201800
10984,180400
10985,183000
10986,227800
10987,185900
10988,191900
10989,152100
10990,161300
10991,185000
10992,142900
10993,141900
10994,141500
10995,189100
10996,175500
10997,151400
10998,190400
10999,280300
11000,260800
11001,167500
11002,225000
11003,191200
11004,150500
11005,166900
11006,170400
11007,196500
11008,168700
11009,208800
11010,170000
11011,148800
11012,208900
11013,200100
11014,187700
11015,185600
11016,211100
11017,245800
11018,210800
11019,239100
11020,193000
11021,167800
11022,191900
11023,244300
11024,214100
11025,160100
11026,199800
11027,189700
11028,198200
11029,212600
11030,187000
11031,212300
11032,176300
11033,189000
11034,196200
11035,173500
11036,195500
11037,208800
11038,178600
11039,201400
11040,203200
11041,189800
11042,181400
11043,213200
11044,254900
11045,226900
11046,180100
11047,177900
11048,256300
11049,268000
11050,218700
11051,223900
11052,204200
11053,216700
11054,222200
11055,218700
11056,200600
11057,226100
11058,195700
11059,214400
11060,279300
11061,188800
11062,172300
11063,214600
11064,240200
11065,208700
11066,206000
11067,218000
11068,215900
11069,222100
11070,190700
11071,184500
11072,228000
11073,211400
11074,222300
11075,235700
11076,225800
11077,190400
11078,232200
11079,171400
11080,199400
11081,212500
11082,213000
11083,179300
11084,219000
11085,245600
11086,173200
11087,162200
11088,188000
11089,195600
11090,173400
11091,216000
11092,211800
11093,160100
11094,207900
11095,198700
11096,164300
11097,140500
11098,137500
11099,137800
11100,268100
11101,155800
11102,141900
11103,139000
11104,138500
11105,148700
11106,141400
11107,137100
11108,137500
11109,148200
11110,225000
11111,163000
11112,171300
11113,220700
11114,170600
11115,147500
11116,142000
11117,138900
11118,140800
11119,139900
11120,138100
11121,138800
11122,139100
11123,244800
11124,183000
11125,201800
11126,215200
11127,240300
11128,188800
11129,209800
11130,207900
11131,181600
11132,213000
11133,201600
11134,235000
11135,252800
11136,246800
11137,196800
11138,172000
11139,206400
11140,178200
11141,221300
11142,249800
11143,173300
11144,179300
11145,219400
11146,217100
11147,210700
11148,170700
11149,246100
11150,202000
11151,217600
11152,183300
11153,209200
11154,204600
11155,260300
11156,266100
11157,231100
11158,228800
11159,216900
11160,335800
11161,181800
11162,149400
11163,157000
11164,190100
11165,154800
11166,148500
11167,168600
11168,244900
11169,233900
11170,215300
11171,215500
11172,227000
11173,218800
11174,223500
11175,197400
11176,193600
11177,274500
11178,301000
11179,250800
11180,222900
11181,164700
11182,151800
11183,164700
11184,158200
11185,144500
11186,150400
11187,202100
11188,152900
11189,287000
11190,236500
11191,239500
11192,192000
11193,213900
11194,317700
11195,231700
11196,230000
11197,290300
11198,250300
11199,228500
11200,193100
11201,211400
11202,219300
11203,213800
11204,191500
11205,263800
11206,256400
11207,225700
11208,233800
11209,224400
11210,242600
11211,191900
11212,200000
11213,221800
11214,212500
11215,200400
11216,217500
11217,205000
11218,377600
11219,245900
11220,218000
11221,195100
11222,217200
11223,219400
11224,232600
11225,209200
11226,213300
11227,204200
11228,214800
11229,216600
11230,218000
11231,201500
11232,204700
11233,208200
11234,250700
11235,217400
11236,209300
11237,225500
11238,163900
11239,202400
11240,2935300
11241,295400
11242,271200
11243,239200
11244,208500
11245,227900
11246,177800
11247,172600
11248,189100
11249,162800
11250,175900
11251,217200
11252,189500
11253,176300
11254,181400
11255,236200
11256,476700
11257,230500
11258,207800
11259,175000
11260,202400
11261,217400
11262,170300
11263,164300
11264,193800
11265,183300
11266,177500
11267,170400
11268,192400
11269,205500
11270,177800
11271,209800
11272,192800
11273,167100
11274,241200
11275,204500
11276,236100
11277,205300
11278,180900
11279,172100
11280,178900
11281,230700
11282,180400
11283,166100
11284,168500
11285,172300
11286,152500
11287,207300
11288,206800
11289,177600
11290,184000
11291,201400
11292,190500
11293,210200
11294,203100
11295,163900
11296,218800
11297,231700
11298,211200
11299,195100
11300,167000
11301,191700
11302,163500
11303,204800
11304,173400
11305,197300
11306,196300
11307,176800
11308,181800
11309,158400
11310,177100
11311,187600
11312,200200
11313,217000
11314,185300
11315,274200
11316,194900
11317,191800
11318,239900
11319,173800
11320,172600
11321,224400
11322,198800
11323,234700
11324,177700
11325,200100
11326,210500
11327,242900
11328,187600
11329,218800
11330,200800
11331,207000
11332,181800
11333,205500
11334,211500
11335,204700
11336,176800
11337,195100
11338,208100
11339,169200
11340,170800
11341,252600
11342,179600
11343,305600
11344,233100
11345,206400
11346,217200
11347,178200
11348,203900
11349,203300
11350,218700
11351,188200
11352,187500
11353,213300
11354,200300
11355,229500
11356,200200
11357,212700
11358,219500
11359,191100
11360,211100
11361,168400
11362,278800
11363,288800
11364,224600
11365,245400
11366,214000
11367,205800
11368,189700
11369,214100
11370,209000
11371,196500
11372,204400
11373,175200
11374,243000
11375,233300
11376,195900
11377,176700
11378,194400
11379,202800
11380,158400
11381,208600
11382,204900
11383,186400
11384,265200
11385,199600
11386,183800
11387,264200
11388,234000
11389,207000
11390,191700
11391,198800
11392,233400
11393,189600
11394,210600
11395,188100
11396,199700
11397,179800
11398,180700
11399,185400
11400,325000
11401,273100
11402,188700
11403,208700
11404,195900
11405,217900
11406,331400
11407,267400
11408,207900
11409,199200
11410,208600
11411,175900
11412,167200
11413,205900
11414,218700
11415,175200
11416,192200
11417,215400
11418,180400
11419,185900
11420,244200
11421,194200
11422,169900
11423,198500
11424,196600
11425,204300
11426,192600
11427,259900
11428,279900
11429,278800
11430,251800
11431,189600
11432,233200
11433,202600
11434,238700
11435,176500
11436,190500
11437,234400
11438,246700
11439,221500
11440,213300
11441,191600
11442,208800
11443,332700
11444,232400
11445,233200
11446,257100
11447,224800
11448,203400
11449,217600
11450,200100
11451,190300
11452,164800
11453,180600
11454,172700
11455,185700
11456,165100
11457,182200
11458,171500
11459,192800
11460,180000
11461,202000
11462,165400
11463,173800
11464,168800
11465,197900
11466,184600
11467,175000
11468,179900
11469,182800
11470,194500
11471,167500
11472,161700
11473,185000
11474,192500
11475,182500
11476,183000
11477,187300
11478,180500
11479,204600
11480,167400
11481,176500
11482,178800
11483,207000
11484,163800
11485,199900
11486,205300
11487,158400
11488,177400
11489,172200
11490,194000
11491,184500
11492,192400
11493,219300
11494,200200
11495,259600
11496,211200
11497,189300
11498,203000
11499,178200
11500,267200
11501,203300
11502,188200
11503,198000
11504,179900
11505,205200
11506,201800
11507,174500
11508,217800
11509,269700
11510,182900
11511,188600
11512,169900
11513,193700
11514,212700
11515,215300
11516,195700
11517,191100
11518,214600
11519,192600
11520,169300
11521,169900
11522,196600
11523,209300
11524,212900
11525,177400
11526,185400
11527,195700
11528,180700
11529,187500
11530,178700
11531,192000
11532,208600
11533,165900
11534,163600
11535,172000
11536,162600
11537,162600
11538,192400
11539,198900
11540,185600
11541,211300
11542,242100
11543,275500
11544,247700
11545,212600
11546,213000
11547,208700
11548,173300
11549,205100
11550,199100
11551,207500
11552,170800
11553,205800
11554,222400
11555,172800
11556,211400
11557,226500
11558,196200
11559,215600
11560,202700
11561,191800
11562,244400
11563,206500
11564,276400
11565,193300
11566,195900
11567,289100
11568,246900
11569,207800
11570,258800
11571,229300
11572,212100
11573,214100
11574,226500
11575,201700
11576,2834600
11577,479400
11578,237900
11579,231700
11580,211200
11581,197000
11582,399500
11583,223200
11584,237600
11585,179000
11586,154400
11587,220800
11588,212900
11589,203700
11590,198300
11591,163100
11592,252600
11593,286000
11594,281700
11595,241100
11596,270600
11597,223300
11598,243800
11599,203400
11600,208200
11601,193300
11602,209100
11603,213300
11604,211500
11605,222100
11606,205700
11607,193100
11608,199100
11609,191500
11610,235200
11611,183000
11612,193900
11613,173900
11614,200200
11615,210300
11616,193800
11617,230700
11618,194500
11619,198200
11620,199000
11621,171200
11622,174800
11623,197400
11624,157900
11625,237200
11626,183400
11627,145200
11628,183500
11629,203100
11630,202500
11631,206200
11632,223200
11633,201900
11634,190300
11635,207100
11636,177400
11637,225600
11638,197100
11639,275300
11640,221400
11641,223100
11642,193500
11643,170300
11644,166200
11645,176700
11646,214200
11647,190000
11648,193800
11649,209300
11650,208200
11651,202400
11652,171100
11653,167800
11654,167700
11655,170000
11656,194500
11657,259000
11658,152700
11659,181700
11660,167500
11661,161700
11662,173900
11663,244000
11664,162600
11665,191200
11666,197200
11667,197600
11668,206200
11669,218100
11670,209400
11671,177900
11672,203400
11673,198500
11674,182500
11675,189800
11676,172700
11677,185700
11678,256300
11679,190600
11680,180700
11681,193000
11682,267700
11683,223700
11684,262800
11685,189700
11686,219700
11687,166300
11688,192300
11689,279900
11690,214000
11691,184700
11692,191300
11693,173400
11694,239500
11695,203600
11696,214700
11697,207300
11698,259000
11699,200200
11700,202600
11701,165000
11702,244800
11703,252300
11704,177200
11705,3090000
11706,192300
11707,188900
11708,213200
11709,183800
11710,182400
11711,207700
11712,214300
11713,197900
11714,218200
11715,224900
11716,190400
11717,211200
11718,196600
11719,223200
11720,208800
11721,210100
11722,179400
11723,225200
11724,154200
11725,174100
11726,181600
11727,180800
11728,158400
11729,176000
11730,169600
11731,178900
11732,159700
11733,224700
11734,163400
11735,175200
11736,166800
11737,156700
11738,151900
11739,168300
11740,225500
11741,259500
11742,341400
11743,315500
11744,184800
11745,217500
11746,173700
11747,163200
11748,159800
11749,212300
11750,176000
11751,218100
11752,186000
11753,180400
11754,181600
11755,188100
11756,164600
11757,218600
11758,190900
11759,161800
11760,200600
11761,217900
11762,175800
11763,254100
11764,394200
11765,275500
11766,225700
11767,157200
11768,165200
11769,171700
11770,170600
11771,205600
11772,203200
11773,259100
11774,179400
11775,165200
11776,225600
11777,220200
11778,185100
11779,216600
11780,191100
11781,243800
11782,190400
11783,222400
11784,226400
11785,352200
11786,221000
11787,265500
11788,182300
11789,155800
11790,192600
11791,201000
11792,180300
11793,212100
11794,201500
11795,178300
11796,182000
11797,174300
11798,248300
11799,180600
11800,218400
11801,185400
11802,221200
11803,215900
11804,160200
11805,190200
11806,157400
11807,221100
11808,211000
11809,249000
11810,264200
11811,228400
11812,187400
11813,204900
11814,251500
11815,229400
11816,202600
11817,203600
11818,166900
11819,142400
11820,216400
11821,184000
11822,485500
11823,175000
11824,163700
11825,175000
11826,197100
11827,155400
11828,172300
11829,153400
11830,138700
11831,152700
11832,135300
11833,135800
11834,135900
11835,146900
11836,147500
11837,136500
11838,150100
11839,145200
11840,232400
11841,212200
11842,175200
11843,213200
11844,186500
11845,255500
11846,205600
11847,181400
11848,211500
11849,160000
11850,205500
11851,179700
11852,175300
11853,217600
11854,201300
11855,188300
11856,230300
11857,230800
11858,222900
11859,212100
11860,212500
11861,212300
11862,176400
11863,162200
11864,182000
11865,166200
11866,173100
11867,145900
11868,205100
11869,243100
11870,230300
11871,245600
11872,231600
11873,266100
11874,408800
11875,327000
11876,256100
11877,288700
11878,233500
11879,237000
11880,242500
11881,245500
11882,236500
11883,186100
11884,156100
11885,145700
11886,239700
11887,207900
11888,167500
11889,200800
11890,200400
11891,191300
11892,176100
11893,147100
11894,228300
11895,214100
11896,197700
11897,190400
11898,220200
11899,183400
11900,228700
11901,194200
11902,179300
11903,188300
11904,185400
11905,206400
11906,213000
11907,177100
11908,257600
11909,181300
11910,194600
11911,178300
11912,162300
11913,173900
11914,169300
11915,174300
11916,189000
11917,160700
11918,188300
11919,271600
11920,181900
11921,164100
11922,178500
11923,155400
11924,160300
11925,211600
11926,196800
11927,176200
11928,158300
11929,158300
11930,188400
11931,175800
11932,201800
11933,184100
11934,183900
11935,141900
11936,252500
11937,187700
11938,169900
11939,202300
11940,208400
11941,199500
11942,216600
11943,244800
11944,211200
11945,176500
11946,227000
11947,174900
11948,193800
11949,201400
11950,198600
11951,188300
11952,235300
11953,176200
11954,205100
11955,198500
11956,184000
11957,164600
11958,315000
11959,196200
11960,210200
11961,185700
11962,195400
11963,199000
11964,180200
11965,154000
11966,208800
11967,252100
11968,223200
11969,231500
11970,274700
11971,243300
11972,254500
11973,230400
11974,188300
11975,224100
11976,208300
11977,212500
11978,218000
11979,199800
11980,219400
11981,276000
11982,214700
11983,185200
11984,202000
11985,228500
11986,206700
11987,208900
11988,174900
11989,206500
11990,197000
11991,213300
11992,190600
11993,176000
11994,225700
11995,203900
11996,155300
11997,278200
11998,208500
11999,200500
12000,196900
12001,162400
12002,194200
12003,2720300
12004,375900
12005,330400
12006,288200
12007,248400
12008,207800
12009,197500
12010,207100
12011,192600
12012,199900
12013,224400
12014,207600
12015,203400
12016,336300
12017,383100
12018,271800
12019,259000
12020,181200
12021,204100
12022,204200
12023,222500
12024,223300
12025,166700
12026,154400
12027,206300
12028,176700
12029,188900
12030,196700
12031,230300
12032,223200
12033,248900
12034,3883000
12035,456300
12036,219100
12037,164200
12038,175300
12039,163800
12040,142200
12041,150000
12042,141700
12043,147300
12044,140700
12045,141700
12046,140500
12047,140500
12048,194900
12049,140600
12050,163200
12051,233300
12052,254900
12053,184000
12054,227900
12055,148100
12056,147800
12057,144500
12058,142400
12059,249700
12060,162700
12061,180500
12062,182000
12063,139800
12064,140000
12065,138800
12066,181300
12067,139600
12068,139600
12069,253200
12070,163600
12071,199000
12072,150100
12073,175900
12074,253800
12075,203000
12076,181000
12077,214800
12078,166400
12079,177400
12080,171100
12081,321000
12082,246600
12083,248200
12084,218600
12085,174300
12086,216600
12087,218900
12088,199100
12089,208600
12090,213300
12091,211400
12092,219300
12093,196000
12094,218400
12095,283800
12096,313300
12097,221800
12098,188800
12099,198100
12100,211700
12101,215500
12102,207900
12103,209400
12104,203400
12105,208200
12106,216100
12107,211100
12108,231500
12109,365600
12110,223300
12111,240300
12112,189600
12113,202700
12114,187600
12115,212200
12116,267400
12117,315000
12118,306300
12119,252200
12120,216500
12121,156300
12122,188300
12123,166600
12124,162500
12125,148900
12126,191100
12127,157600
12128,151900
12129,151100
12130,154900
12131,143500
12132,144400
12133,148400
12134,146800
12135,145200
12136,166700
12137,144800
12138,143000
12139,143900
12140,145900
12141,145500
12142,249300
12143,256100
12144,196300
12145,229600
12146,183000
12147,162800
12148,194400
12149,158400
12150,144300
12151,199300
12152,151600
12153,183500
12154,177100
12155,183600
12156,189600
12157,205300
12158,172600
12159,214200
12160,227500
12161,164500
12162,208700
12163,259700
12164,214600
12165,213800
12166,279800
12167,190200
12168,274000
12169,176900
12170,160000
12171,241000
12172,259200
12173,231100
12174,263600
12175,225200
12176,219700
12177,242200
12178,217100
12179,249500
12180,209600
12181,204300
12182,225200
12183,196300
12184,186600
12185,202300
12186,218000
12187,349200
12188,349900
12189,304500
12190,251400
12191,245400
12192,279600
12193,279800
12194,261800
12195,237200
12196,233500
12197,245800
12198,487700
12199,370200
12200,436100
12201,347200
12202,272900
12203,208800
12204,215000
12205,287600
12206,234900
12207,241000
12208,386500
12209,311300
12210,258000
12211,260100
12212,248700
12213,230300
12214,441100
12215,821900
12216,311100
12217,246400
12218,240200
12219,224500
12220,205000
12221,245200
12222,257900
12223,175000
12224,201800
12225,266100
12226,238900
12227,275700
12228,176400
12229,222000
12230,186100
12231,215700
12232,326500
12233,237700
12234,215500
12235,208800
12236,185800
12237,277600
12238,177700
12239,152500
12240,197700
12241,162400
12242,161100
12243,194800
12244,190700
12245,219400
12246,198100
12247,153000
12248,214800
12249,184500
12250,147100
12251,189700
12252,148700
12253,194400
12254,307800
12255,362400
12256,237600
12257,210700
12258,182800
12259,166000
12260,189200
12261,178900
12262,174100
12263,183700
12264,220200
12265,168000
12266,162100
12267,166600
12268,181700
12269,145800
12270,140800
12271,140900
12272,161600
12273,140700
12274,139400
12275,138300
12276,143900
12277,138700
12278,159600
12279,169600
12280,160300
12281,201700
12282,226700
12283,203700
12284,215100
12285,191200
12286,186900
12287,213900
12288,215100
12289,200100
12290,212300
12291,200500
12292,200400
12293,204500
12294,204200
12295,189300
12296,207500
12297,192300
12298,179300
12299,175000
12300,266200
12301,304100
12302,319600
12303,258400
12304,224400
12305,187100
12306,223200
12307,224400
12308,203800
12309,198100
12310,192300
12311,192000
12312,242900
12313,325600
12314,400600
12315,298100
12316,312400
12317,480800
12318,284200
12319,212100
12320,171400
12321,150200
12322,155900
12323,146600
12324,148300
12325,154300
12326,252700
12327,208900
12328,181200
12329,171600
12330,179000
12331,214100
12332,171600
12333,185400
12334,151600
12335,177100
12336,146200
12337,176200
12338,361300
12339,336700
12340,260300
12341,188500
12342,230200
12343,155600
12344,223600
12345,154200
12346,144400
12347,142700
12348,144600
12349,156600
12350,163200
12351,149800
12352,149500
12353,157400
12354,208000
12355,162700
12356,159700
12357,158800
12358,157700
12359,221900
12360,222100
12361,310900
12362,469000
12363,302000
12364,212600
12365,168400
12366,169400
12367,228700
12368,182700
12369,165800
12370,271400
12371,204300
12372,184000
12373,170000
12374,225100
12375,226900
12376,215200
12377,215200
12378,255700
12379,264700
12380,482000
12381,436400
12382,406000
12383,346400
12384,243600
12385,237200
12386,225300
12387,219000
12388,209500
12389,229200
12390,215800
12391,202700
12392,184100
12393,185000
12394,258100
12395,239800
12396,386400
12397,211500
12398,207300
12399,198200
12400,200400
12401,192400
12402,204400
12403,281000
12404,215400
12405,226700
12406,188900
12407,204400
12408,201500
12409,217700
12410,233900
12411,213300
12412,226100
12413,199600
12414,367400
12415,319400
12416,260300
12417,249400
12418,200100
12419,210200
12420,228300
12421,213400
12422,216500
12423,254000
12424,217600
12425,226700
12426,259800
12427,184400
12428,194700
12429,358300
12430,241300
12431,228400
12432,270400
12433,253300
12434,258500
12435,204000
12436,187300
12437,196100
12438,212000
12439,204500
12440,228700
12441,173700
12442,176500
12443,185700
12444,200700
12445,206800
12446,177200
12447,248000
12448,222800
12449,333600
12450,219000
12451,202600
12452,185800
12453,253700
12454,257600
12455,224900
12456,233500
12457,191300
12458,199900
12459,174200
12460,188100
12461,191200
12462,181700
12463,172800
12464,160000
12465,209900
12466,163700
12467,187900
12468,205400
12469,198300
12470,210000
12471,2809500
12472,445700
12473,410500
12474,204700
12475,210300
12476,176000
12477,2381900
12478,258300
12479,205400
12480,211600
12481,221300
12482,172400
12483,257300
12484,236400
12485,195400
12486,228900
12487,211300
12488,270600
12489,248500
12490,213900
12491,166600
12492,189200
12493,199900
12494,183800
12495,196300
12496,203300
12497,211400
12498,183900
12499,206200
12500,205700
12501,198100
12502,189300
12503,182200
12504,186300
12505,2822800
12506,338500
12507,362100
12508,210700
12509,219500
12510,176100
12511,143100
12512,190600
12513,209900
12514,204600
12515,209700
12516,188700
12517,222100
12518,187100
12519,200000
12520,259100
12521,198200
12522,270700
12523,190200
12524,206400
12525,184700
12526,193100
12527,209100
12528,239300
12529,255400
12530,237500
12531,172300
12532,255400
12533,173100
12534,240200
12535,345700
12536,216000
12537,292400
12538,269400
12539,280700
12540,198100
12541,197300
12542,158100
12543,157400
12544,162200
12545,166900
12546,172300
12547,154700
12548,190500
12549,325900
12550,186000
12551,165200
12552,201800
12553,186300
12554,169600
12555,206800
12556,137600
12557,136500
12558,136400
12559,206200
12560,140200
12561,147800
12562,219700
12563,250200
12564,178400
12565,189200
12566,204000
12567,179100
12568,201900
12569,179200
12570,188200
12571,210000
12572,161700
12573,183900
12574,222900
12575,171300
12576,170400
12577,195600
12578,154500
12579,185800
12580,190700
12581,220500
12582,203700
12583,171500
12584,170700
12585,171200
12586,216100
12587,278600
12588,238600
12589,206900
12590,154200
12591,151800
12592,136600
12593,154400
12594,147500
12595,150200
12596,136300
12597,144400
12598,146700
12599,135500
12600,144400
12601,168600
12602,157000
12603,136400
12604,168200
12605,137700
12606,147300
12607,156600
12608,149400
12609,145600
12610,138000
12611,137800
12612,157800
12613,206400
12614,169300
12615,163000
12616,278000
12617,239000
12618,199100
12619,205800
12620,193000
12621,183400
12622,148800
12623,203200
12624,208900
12625,228900
12626,201800
12627,179100
12628,240600
12629,183500
12630,200000
12631,200100
12632,197300
12633,172400
12634,173200
12635,183000
12636,185500
12637,172600
12638,152100
12639,141300
12640,138600
12641,137300
12642,144200
12643,138200
12644,138000
12645,183100
12646,140300
12647,137400
12648,138200
12649,188000
12650,139200
12651,137800
12652,138200
12653,146600
12654,137100
12655,138000
12656,137200
12657,141100
12658,137900
12659,137100
12660,137400
12661,137400
12662,205400
12663,151100
12664,165300
12665,153100
12666,153900
12667,250200
12668,222100
12669,227600
12670,164100
12671,161700
12672,201800
12673,174100
12674,183100
12675,183300
12676,208700
12677,224500
12678,200300
12679,184500
12680,257100
12681,204900
12682,264600
12683,235300
12684,297600
12685,221100
12686,205800
12687,214700
12688,215600
12689,260800
12690,225700
12691,197500
12692,223000
12693,245000
12694,210500
12695,191200
12696,219400
12697,249300
12698,222300
12699,183900
12700,206400
12701,190000
12702,217100
12703,221900
12704,179400
12705,227300
12706,238500
12707,284800
12708,174200
12709,221800
12710,215300
12711,209900
12712,193000
12713,206500
12714,185700
12715,201500
12716,177100
12717,178700
12718,184400
12719,206700
12720,206000
12721,239800
12722,206600
12723,202200
12724,250300
12725,198900
12726,169300
12727,175500
12728,209000
12729,244400
12730,269900
12731,282700
12732,194900
12733,219500
12734,219200
12735,139000
12736,165100
12737,266200
12738,220800
12739,256100
12740,207700
12741,165200
12742,174400
12743,172800
12744,139000
12745,137700
12746,137700
12747,172200
12748,192400
12749,184000
12750,149500
12751,259000
12752,173800
12753,219300
12754,173100
12755,180000
12756,218200
12757,176900
12758,180300
12759,175300
12760,220800
12761,191100
12762,209000
12763,191000
12764,232200
12765,236700
12766,212200
12767,232000
12768,221300
12769,238700
12770,274800
12771,416400
12772,639100
12773,380400
12774,224400
12775,230700
12776,196000
12777,180800
12778,182000
12779,232300
12780,199400
12781,191500
12782,218400
12783,170100
12784,170200
12785,166800
12786,157400
12787,162400
12788,188300
12789,190900
12790,151900
12791,158700
12792,225000
12793,274900
12794,177300
12795,179800
12796,269200
12797,246000
12798,207800
12799,226300
12800,203400
12801,184600
12802,220700
12803,263400
12804,205700
12805,2135900
12806,458400
12807,270100
12808,197200
12809,201500
12810,209500
12811,210700
12812,187900
12813,209400
12814,158800
12815,167500
12816,213500
12817,217700
12818,212600
12819,206800
12820,202800
12821,177100
12822,191900
12823,186600
12824,196400
12825,189800
12826,187400
12827,275400
12828,225100
12829,216800
12830,272500
12831,181100
12832,180800
12833,198700
12834,148100
12835,140600
12836,136500
12837,165000
12838,156600
12839,134700
12840,172100
12841,148300
12842,147900
12843,138600
12844,138700
12845,138400
12846,139100
12847,180200
12848,141700
12849,139100
12850,141400
12851,162200
12852,156600
12853,153700
12854,187100
12855,158200
12856,141900
12857,234100
12858,216400
12859,197000
12860,196000
12861,197900
12862,209100
12863,183900
12864,196700
12865,209300
12866,188300
12867,218500
12868,153100
12869,161500
12870,197300
12871,183600
12872,203300
12873,222700
12874,178100
12875,164700
12876,247600
12877,283100
12878,187900
12879,164200
12880,150900
12881,181400
12882,206300
12883,176600
12884,219100
12885,161800
12886,142900
12887,203000
12888,178700
12889,209600
12890,177900
12891,197900
12892,239100
12893,239200
12894,236800
12895,190500
12896,270800
12897,211900
12898,171800
12899,281200
12900,271900
12901,198300
12902,208900
12903,208800
12904,187700
12905,193700
12906,172700
12907,205700
12908,186700
12909,192800
12910,199200
12911,195600
12912,198600
12913,203100
12914,190600
12915,162100
12916,189000
12917,185000
12918,177100
12919,166200
12920,193400
12921,181400
12922,173000
12923,214600
12924,216800
12925,183200
12926,157400
12927,232400
12928,341200
12929,224700
12930,208600
12931,216700
12932,220700
12933,206000
12934,200800
12935,197000
12936,188800
12937,262200
12938,224100
12939,197600
12940,222900
12941,223700
12942,225000
12943,208300
12944,194100
12945,208100
12946,177500
12947,205200
12948,200700
12949,208600
12950,206800
12951,202500
12952,294300
12953,199800
12954,201100
12955,231000
12956,178100
12957,220000
12958,272100
12959,2264700
12960,270900
12961,258900
12962,208900
12963,155200
12964,236500
12965,198300
12966,150200
12967,163100
12968,152200
12969,165800
12970,139600
12971,144500
12972,141300
12973,154800
12974,145000
12975,137700
12976,154500
12977,149100
12978,3031600
12979,282400
12980,286600
12981,275300
12982,242400
12983,162100
12984,164800
12985,174300
12986,158400
12987,147700
12988,139200
12989,145500
12990,194700
12991,151000
12992,160300
12993,136700
12994,137600
12995,148300
12996,249200
12997,181600
12998,248700
12999,200800
13000,191400
13001,217800
13002,266100
13003,203300
13004,212900
13005,236900
13006,201300
13007,222900
13008,213600
13009,238500
13010,201300
13011,197500
13012,195100
13013,216000
13014,186600
13015,217500
13016,227100
13017,212800
13018,210500
13019,218000
13020,232600
13021,172700
13022,313100
13023,200900
13024,209800
13025,164800
13026,214600
13027,175000
13028,186500
13029,193900
13030,172200
13031,173200
13032,138500
13033,170300
13034,177200
13035,216600
13036,195800
13037,208200
13038,170100
13039,204300
13040,162100
13041,216600
13042,212800
13043,210200
13044,185900
13045,187700
13046,203500
13047,205500
13048,182200
13049,168200
13050,178000
13051,288000
13052,243700
13053,210000
13054,236800
13055,213700
13056,181700
13057,282800
13058,196900
13059,214800
13060,206200
13061,269600
13062,238500
13063,239600
13064,2841200
13065,229700
13066,220900
13067,237200
13068,251700
13069,185700
13070,184500
13071,198700
13072,220500
13073,207900
13074,211600
13075,169000
13076,196300
13077,258100
13078,189000
13079,179500
13080,200500
13081,185800
13082,200300
13083,254100
13084,160200
13085,174500
13086,191300
13087,147800
13088,217700
13089,153200
13090,169000
13091,179000
13092,200400
13093,196600
13094,192400
13095,203200
13096,189700
13097,199900
13098,172600
13099,188600
13100,229600
13101,274300
13102,334600
13103,203300
13104,161500
13105,180000
13106,160700
13107,161200
13108,284300
13109,208700
13110,195900
13111,202700
13112,210500
13113,175200
13114,252900
13115,227600
13116,258100
13117,197800
13118,186200
13119,196000
13120,199200
13121,169200
13122,244400
13123,256500
13124,159300
13125,186200
13126,208600
13127,187500
13128,205400
13129,181100
13130,167600
13131,216700
13132,191400
13133,182800
13134,163400
13135,159400
13136,195900
13137,158400
13138,183200
13139,139500
13140,214600
13141,202500
13142,197700
13143,247200
13144,201200
13145,211500
13146,199500
13147,222300
13148,282700
13149,205600
13150,205200
13151,228800
13152,184200
13153,194800
13154,288200
13155,224100
13156,224400
13157,214900
13158,219700
13159,209700
13160,213100
13161,212900
13162,174700
13163,196300
13164,207100
13165,206300
13166,188800
13167,217700
13168,225700
13169,198000
13170,162500
13171,168000
13172,143200
13173,187700
13174,137100
13175,187100
13176,143600
13177,154700
13178,134900
13179,135200
13180,137800
13181,178300
13182,136700
13183,238100
13184,221000
13185,157000
13186,142200
13187,148200
13188,136400
13189,136500
13190,144500
13191,170400
13192,144800
13193,160600
13194,273100
13195,233200
13196,290900
13197,232600
13198,212800
13199,201100
13200,210900
13201,202000
13202,196700
13203,239600
13204,186200
13205,283300
13206,197300
13207,204700
13208,195000
13209,202200
13210,212300
13211,196400
13212,222400
13213,292400
13214,230100
13215,215000
13216,205000
13217,184700
13218,191700
13219,182800
13220,190100
13221,211500
13222,197900
13223,231100
13224,241000
13225,205100
13226,195600
13227,197800
13228,180600
13229,201600
13230,192600
13231,167600
13232,189900
13233,219400
13234,200000
13235,238500
13236,290200
13237,277500
13238,282400
13239,200900
13240,251700
13241,206600
13242,189200
13243,160700
13244,160600
13245,190000
13246,189400
13247,185400
13248,175700
13249,158000
13250,193600
13251,159600
13252,181200
13253,179100
13254,162300
13255,168600
13256,159600
13257,215500
13258,185000
13259,255900
13260,175000
13261,166700
13262,188200
13263,180000
13264,196700
13265,158800
13266,191000
13267,154700
13268,171800
13269,264700
13270,198000
13271,176000
13272,193500
13273,196000
13274,166200
13275,175500
13276,207400
13277,171600
13278,199300
13279,182100
13280,178700
13281,208800
13282,176100
13283,345200
13284,208700
13285,206900
13286,196300
13287,205300
13288,191300
13289,217500
13290,196400
13291,191900
13292,201900
13293,185600
13294,173100
13295,214000
13296,207100
13297,183600
13298,261900
13299,159300
13300,145700
13301,191000
13302,140200
13303,138500
13304,138100
13305,143900
13306,147000
13307,153200
13308,144500
13309,153800
13310,202300
13311,165900
13312,199300
13313,221100
13314,205800
13315,150600
13316,198700
13317,182100
13318,187100
13319,190200
13320,212300
13321,200900
13322,259200
13323,227500
13324,186700
13325,151900
13326,160600
13327,220700
13328,254600
13329,203400
13330,228300
13331,272400
13332,204700
13333,224200
13334,212400
13335,187400
13336,229400
13337,190300
13338,220800
13339,213200
13340,217300
13341,167900
13342,194100
13343,175700
13344,186900
13345,184400
13346,199600
13347,194400
13348,196600
13349,258500
13350,201800
13351,233600
13352,181100
13353,199700
13354,182500
13355,218900
13356,212200
13357,168400
13358,169900
13359,187900
13360,187400
13361,224400
13362,186000
13363,231500
13364,198800
13365,157800
13366,190400
13367,212800
13368,184500
13369,184400
13370,155200
13371,164500
13372,160500
13373,175900
13374,252700
13375,226700
13376,205400
13377,195100
13378,179600
13379,186700
13380,214300
13381,173100
13382,158300
13383,173400
13384,187800
13385,192000
13386,181900
13387,265500
13388,242500
13389,233300
13390,245400
13391,212200
13392,196400
13393,193800
13394,267000
13395,263800
13396,246400
13397,239700
13398,197700
13399,215500
13400,181500
13401,187200
13402,185300
13403,194700
13404,202400
13405,185700
13406,187400
13407,146500
13408,210900
13409,216300
13410,198200
13411,203400
13412,218000
13413,211500
13414,183900
13415,192700
13416,212200
13417,236500
13418,252300
13419,254400
13420,628300
13421,248200
13422,168400
13423,189600
13424,149200
13425,143000
13426,201100
13427,142900
13428,141200
13429,182500
13430,141900
13431,140600
13432,140600
13433,145300
13434,141700
13435,138800
13436,138700
13437,139700
13438,139000
13439,141300
13440,139900
13441,147100
13442,165300
13443,185300
13444,178100
13445,152000
13446,143300
13447,142000
13448,138400
13449,137300
13450,176400
13451,137900
13452,138400
13453,139000
13454,189100
13455,139200
13456,139500
13457,140600
13458,177900
13459,205300
13460,157000
13461,149400
13462,141100
13463,138600
13464,138300
13465,143500
13466,161300
13467,147500
13468,169100
13469,207600
13470,225800
13471,211400
13472,211300
13473,213300
13474,147200
13475,310800
13476,221700
13477,170600
13478,215700
13479,215700
13480,181600
13481,221700
13482,198500
13483,192400
13484,166900
13485,190800
13486,197600
13487,148200
13488,213400
13489,285300
13490,202200
13491,281800
13492,180300
13493,230800
13494,246000
13495,197100
13496,245800
13497,213700
13498,246800
13499,225600
13500,234500
13501,225600
13502,314200
13503,215400
13504,235600
13505,241200
13506,229400
13507,201100
13508,240200
13509,254400
13510,250200
13511,190000
13512,219100
13513,187800
13514,200600
13515,228500
13516,183600
13517,195400
13518,164000
13519,180100
13520,246300
13521,204000
13522,213100
13523,207000
13524,211500
13525,210000
13526,203000
13527,172700
13528,222600
13529,198000
13530,240500
13531,224400
13532,261700
13533,236300
13534,203200
13535,213000
13536,209400
13537,192100
13538,192700
13539,177700
13540,226000
13541,192800
13542,193700
13543,190000
13544,233000
13545,187900
13546,203700
13547,201500
13548,191700
13549,200500
13550,209600
13551,178200
13552,325300
13553,269400
13554,228700
13555,304400
13556,240900
13557,225400
13558,181200
13559,245500
13560,215700
13561,174500
13562,210100
13563,197900
13564,169700
13565,189500
13566,224900
13567,197600
13568,189400
13569,207300
13570,142000
13571,185000
13572,183300
13573,201500
13574,234600
13575,238400
13576,193900
13577,170100
13578,261000
13579,180900
13580,195500
13581,230000
13582,197600
13583,205700
13584,235400
13585,199300
13586,212300
13587,217200
13588,244200
13589,219400
13590,205600
13591,220400
13592,181400
13593,2323400
13594,231400
13595,244300
13596,191500
13597,209600
13598,189000
13599,180200
13600,180800
13601,181100
13602,210200
13603,205100
13604,157500
13605,177300
13606,200500
13607,198000
13608,245100
13609,242100
13610,256900
13611,200200
13612,165300
13613,189800
13614,199100
13615,156300
13616,155700
13617,169300
13618,197800
13619,199000
13620,166900
13621,193300
13622,193400
13623,200400
13624,192100
13625,188200
13626,161300
13627,171100
13628,183500
13629,145300
13630,157500
13631,175700
13632,184500
13633,238600
13634,191500
13635,182500
13636,212400
13637,194900
13638,150100
13639,164800
13640,198000
13641,212800
13642,182000
13643,188600
13644,169200
13645,214800
13646,162700
13647,194100
13648,218000
13649,2310500
13650,285700
13651,255600
13652,200400
13653,177600
13654,241900
13655,213900
13656,211700
13657,199900
13658,210100
13659,204900
13660,233500
13661,218200
13662,218200
13663,202900
13664,186900
13665,193200
13666,233100
13667,218400
13668,211300
13669,236800
13670,181500
13671,216600
13672,236000
13673,241200
13674,243400
13675,240000
13676,224700
13677,256100
13678,219400
13679,213500
13680,208300
13681,198400
13682,219100
13683,225900
13684,218600
13685,192700
13686,259700
13687,215900
13688,230500
13689,213200
13690,206300
13691,191700
13692,225700
13693,234400
13694,240300
13695,247400
13696,202200
13697,181900
13698,161800
13699,181000
13700,201900
13701,199800
13702,205900
13703,198700
13704,184100
13705,207900
13706,197300
13707,297600
13708,239200
13709,219400
13710,210200
13711,193700
13712,229600
13713,267800
13714,201800
13715,193200
13716,205600
13717,199900
13718,201800
13719,200700
13720,197500
13721,144800
13722,208500
13723,292500
13724,255700
13725,195300
13726,182800
13727,218600
13728,207600
13729,215600
13730,207500
13731,208200
13732,205600
13733,229300
13734,229900
13735,186000
13736,179100
13737,216000
13738,238900
13739,286900
13740,184100
13741,194600
13742,240700
13743,250100
13744,224900
13745,206000
13746,242000
13747,175100
13748,265100
13749,195800
13750,190500
13751,210800
13752,150600
13753,153300
13754,142100
13755,176300
13756,251900
13757,245800
13758,235800
13759,193800
13760,186800
13761,196300
13762,155800
13763,176300
13764,191000
13765,208900
13766,212600
13767,200600
13768,211700
13769,196000
13770,269500
13771,185700
13772,193400
13773,188100
13774,199600
13775,176900
13776,176900
13777,190100
13778,154400
13779,233000
13780,198000
13781,226900
13782,201400
13783,229000
13784,223900
13785,170000
13786,218300
13787,204700
13788,157400
13789,193600
13790,220400
13791,198900
13792,150600
13793,183000
13794,171800
13795,170300
13796,205900
13797,180000
13798,190600
13799,206700
13800,178400
13801,206600
13802,263100
13803,256500
13804,227600
13805,198900
13806,195900
13807,202100
13808,226000
13809,214900
13810,194700
13811,222900
13812,159100
13813,168800
13814,185500
13815,160100
13816,166500
13817,174200
13818,212800
13819,2817600
13820,175200
13821,259900
13822,253700
13823,196700
13824,181800
13825,191900
13826,231300
13827,215300
13828,220800
13829,186200
13830,205100
13831,242600
13832,213400
13833,185000
13834,161000
13835,254700
13836,212600
13837,291900
13838,221200
13839,204800
13840,163800
13841,171200
13842,192700
13843,2918800
13844,153500
13845,203000
13846,169200
13847,165000
13848,204300
13849,193500
13850,232700
13851,233600
13852,259300
13853,196800
13854,156400
13855,162600
13856,184900
13857,173400
13858,205900
13859,198900
13860,159200
13861,194100
13862,193500
13863,198000
13864,144500
13865,158700
13866,298400
13867,194000
13868,196200
13869,199500
13870,158500
13871,183500
13872,213800
13873,204700
13874,216700
13875,294700
13876,229900
13877,184000
13878,213900
13879,173600
13880,169700
13881,189700
13882,176000
13883,228000
13884,174800
13885,165100
13886,176200
13887,162700
13888,202900
13889,207700
13890,200700
13891,205200
13892,175500
13893,170800
13894,174000
13895,168300
13896,186600
13897,157000
13898,163900
13899,183300
13900,191100
13901,166100
13902,257000
13903,196900
13904,327200
13905,205000
13906,250200
13907,259500
13908,221900
13909,194000
13910,174100
13911,216600
13912,188500
13913,205600
13914,181900
13915,200900
13916,181000
13917,214800
13918,227800
13919,216200
13920,216600
13921,252800
13922,259100
13923,178000
13924,211400
13925,211500
13926,189900
13927,185800
13928,2047200
13929,210400
13930,188800
13931,193600
13932,245000
13933,201000
13934,202400
13935,219200
13936,251500
13937,236600
13938,253900
13939,219100
13940,226500
13941,185200
13942,185500
13943,232600
13944,208700
13945,181000
13946,159300
13947,145100
13948,140100
13949,148300
13950,149300
13951,222100
13952,177200
13953,142200
13954,224500
13955,226700
13956,248900
13957,250300
13958,278800
13959,258500
13960,245100
13961,225900
13962,203900
13963,222000
13964,218200
13965,249100
13966,206300
13967,218900
13968,222900
13969,252100
13970,226800
13971,228200
13972,230800
13973,230800
13974,224200
13975,198700
13976,227000
13977,221600
13978,271300
13979,233800
13980,218300
13981,217300
13982,221600
13983,223900
13984,205500
13985,226700
13986,219500
13987,219800
13988,230000
13989,222700
13990,219800
13991,213300
13992,229500
13993,258000
13994,209200
13995,199300
13996,220600
13997,246900
13998,379400
13999,234100
14000,204100
14001,210400
14002,210000
14003,201600
14004,199000
14005,181100
14006,150900
14007,190100
14008,230500
14009,210000
14010,198500
14011,188600
14012,185400
14013,166000
14014,195600
14015,185500
14016,178200
14017,165600
14018,209400
14019,197300
14020,219400
14021,215700
14022,207800
14023,207600
14024,172800
14025,176300
14026,171300
14027,155400
14028,193900
14029,228500
14030,184800
14031,206200
14032,194100
14033,227600
14034,196900
14035,173900
14036,174200
14037,151500
14038,142200
14039,140500
14040,138000
14041,140200
14042,138200
14043,138300
14044,145500
14045,160100
14046,153500
14047,149300
14048,156500
14049,191000
14050,220800
14051,217500
14052,204700
14053,199000
14054,203900
14055,207600
14056,193100
