frame,frame_time_ns
1,185060100
2,577300
3,871700
4,656100
5,795800
6,599000
7,983700
8,539600
9,783000
10,880800
11,574000
12,922400
13,601700
14,763700
15,517200
16,766900
17,642400
18,1085900
19,762400
20,1511500
21,1296900
22,478100
23,914900
24,733700
25,779900
26,1045000
27,1243300
28,768300
29,784900
30,572000
31,837700
32,581500
33,753400
34,559700
35,1113000
36,579200
37,1052200
38,1377800
39,514200
40,910200
41,982300
42,960600
43,637100
44,542800
45,1040900
46,775400
47,936100
48,615900
49,738100
50,468900
51,664500
52,698000
53,485000
54,776400
55,609500
56,975800
57,910800
58,581500
59,812800
60,1029700
61,702700
62,765300
63,924700
64,969800
65,948300
66,1081200
67,645600
68,798400
69,706600
70,705700
71,619500
72,750000
73,827300
74,686900
75,1240400
76,470200
77,873400
78,1116000
79,779200
80,879600
81,740300
82,608400
83,1352500
84,539700
85,751800
86,817300
87,487600
88,790000
89,426200
90,628500
91,438500
92,605800
93,408800
94,744200
95,570800
96,1160800
97,632600
98,800600
99,543400
100,846200
101,393000
102,736500
103,558600
104,689200
105,1272700
106,545800
107,657600
108,617200
109,704000
110,501900
111,692600
112,793900
113,731100
114,511400
115,573900
116,1212400
117,1065500
118,471300
119,278900
120,588300
121,740000
122,602400
123,753700
124,656800
125,784800
126,603500
127,852000
128,1024900
129,579800
130,928200
131,504500
132,649000
133,496400
134,714700
135,512800
136,711800
137,495900
138,975600
139,1118000
140,826400
141,480500
142,455900
143,700200
144,502000
145,759700
146,486600
147,662900
148,548300
149,886500
150,1112600
151,686300
152,804600
153,784900
154,481500
155,683800
156,537900
157,576400
158,883700
159,693200
160,918600
161,863400
162,472900
163,655000
164,787800
165,551300
166,746900
167,409400
168,878300
169,565900
170,719500
171,774700
172,514600
173,672400
174,336900
175,565300
176,661000
177,473500
178,873800
179,626900
180,875300
181,495700
182,686300
183,728100
184,624500
185,504700
186,607300
187,445400
188,658200
189,482300
190,659800
191,439400
192,685100
193,1005700
194,1008900
195,519800
196,635900
197,440800
198,630100
199,442300
200,768600
201,606300
202,725300
203,542900
204,838500
205,511900
206,893100
207,860000
208,512800
209,669400
210,465200
211,628500
212,496100
213,666200
214,627400
215,687500
216,714200
217,1006100
218,956900
219,506800
220,676900
221,525300
222,647200
223,329500
224,529500
225,649400
226,481800
227,633900
228,560500
229,920000
230,1009500
231,547400
232,746500
233,549800
234,833700
235,439000
236,904500
237,526600
238,756400
239,1159300
240,536600
241,683700
242,921300
243,828100
244,642200
245,811400
246,589700
247,861000
248,568400
249,1213500
250,919600
251,763800
252,619700
253,669400
254,659400
255,686700
256,519400
257,648700
258,814100
259,1081800
260,807800
261,808500
262,631900
263,720300
264,441900
265,676100
266,620800
267,663700
268,497800
269,1024700
270,897400
271,765500
272,775300
273,656500
274,513900
275,660400
276,609100
277,680300
278,466700
279,681900
280,824200
281,1069300
282,606800
283,824100
284,510200
285,674200
286,650000
287,668600
288,487700
289,697800
290,472300
291,921800
292,804600
293,949700
294,532400
295,818700
296,638800
297,864700
298,650000
299,354300
300,1190600
301,963900
302,795200
303,490000
304,250800
305,577600
306,754900
307,710200
308,477200
309,827900
310,568800
311,784400
312,555900
313,875900
314,943300
315,545900
316,654500
317,480000
318,681300
319,443700
320,630000
321,436400
322,714000
323,551200
324,1014800
325,949100
326,588300
327,615000
328,601700
329,888000
330,815700
331,561400
332,688700
333,482000
334,567600
335,635200
336,1435500
337,1120800
338,535400
339,803800
340,375000
341,719800
342,686900
343,579900
344,822900
345,457000
346,1053400
347,857500
348,557000
349,608100
350,437100
351,620100
352,449600
353,626700
354,434300
355,638900
356,495400
357,723800
358,360100
359,763900
360,908300
361,499900
362,732400
363,401200
364,811700
365,718200
366,542700
367,565200
368,872300
369,843600
370,438500
371,679100
372,517700
373,377300
374,590000
375,422000
376,615500
377,488600
378,629000
379,461500
380,667300
381,787700
382,587300
383,813300
384,456400
385,584700
386,546100
387,664700
388,413400
389,624600
390,407400
391,593900
392,416000
393,603300
394,643500
395,598000
396,672700
397,751000
398,376900
399,676900
400,423100
401,606400
402,434600
403,587800
404,422200
405,640200
406,413600
407,624300
408,419400
409,722100
410,755300
411,456300
412,653800
413,537000
414,661200
415,495300
416,435000
417,643500
418,741800
419,536200
420,505700
421,728000
422,791100
423,711400
424,439700
425,696200
426,476300
427,580800
428,468100
429,585500
430,428200
431,626900
432,614500
433,430000
434,694500
435,453900
436,667400
437,1277200
438,304200
439,500200
440,695100
441,561000
442,629000
443,443500
444,270200
445,739300
446,698300
447,784000
448,704800
449,405200
450,610600
451,478800
452,628200
453,431400
454,592900
455,403500
456,639700
457,454800
458,613800
459,686100
460,1058300
461,594600
462,753100
463,482600
464,593200
465,423500
466,639600
467,422900
468,659900
469,454000
470,617500
471,606800
472,527200
473,812800
474,748700
475,427100
476,635000
477,574200
478,711800
479,573900
480,436200
481,580000
482,425800
483,595700
484,424700
485,923600
486,560200
487,908200
488,799300
489,466800
490,619900
491,432700
492,597600
493,410200
494,609700
495,422000
496,592800
497,458000
498,639200
499,593500
500,1131100
501,315900
502,545100
503,784200
504,644400
505,702500
506,515500
507,776600
508,686000
509,729500
510,874600
511,777100
512,578000
513,864300
514,489200
515,632900
516,543500
517,661600
518,466500
519,284200
520,676100
521,584400
522,897300
523,489100
524,664800
525,435900
526,624000
527,443400
528,708300
529,419000
530,654100
531,487200
532,672600
533,19342600
534,868800
535,793100
536,708800
537,909600
538,962000
539,842500
540,468400
541,772800
542,880800
543,680400
544,746600
545,853100
546,583600
547,425900
548,593800
549,500100
550,657800
551,470300
552,604300
553,528500
554,851400
555,844000
556,478000
557,673700
558,437500
559,808000
560,506500
561,827800
562,667300
563,593200
564,890000
565,743300
566,506700
567,620100
568,406700
569,631200
570,457800
571,770800
572,591000
573,750400
574,930300
575,493600
576,1152400
577,716200
578,794800
579,615600
580,648300
581,831700
582,603900
583,659300
584,728400
585,1927600
586,745100
587,837000
588,861400
589,342900
590,721600
591,587300
592,847100
593,376100
594,724700
595,3311900
596,1130300
597,2014600
598,1341500
599,1191300
600,1293400
601,501600
602,1036300
603,734800
604,3493400
605,1407700
606,2309000
607,1170000
608,967000
609,1476100
610,1083700
611,889100
612,690200
613,1097600
614,2141600
615,1310800
616,921400
617,738100
618,642100
619,1054800
620,1052400
621,2301400
622,959900
623,1329000
624,534800
625,578800
626,4123800
627,773100
628,2148100
629,851800
630,1007500
631,2881000
632,1033100
633,970500
634,594200
635,745400
636,553400
637,1468900
638,1299600
639,1232200
640,3755000
641,1539800
642,1204400
643,942200
644,949000
645,1049200
646,1585500
647,1049000
648,1298400
649,1094500
650,875500
651,701300
652,1299900
653,1287600
654,907300
655,2281900
656,1208900
657,943400
658,1175800
659,1595700
660,964100
661,998100
662,880000
663,708200
664,585100
665,419500
666,2175100
667,886800
668,703000
669,978800
670,591200
671,1102500
672,535100
673,626200
674,1463100
675,674800
676,950600
677,732600
678,1186500
679,608400
680,580300
681,1077600
682,1431800
683,538100
684,811100
685,344100
686,642900
687,915100
688,450100
689,1326600
690,622300
691,733300
692,1197500
693,1009900
694,530600
695,933200
696,802100
697,850900
698,566900
699,1087800
700,714600
701,1021400
702,1201900
703,549500
704,724500
705,542000
706,1158300
707,527300
708,705900
709,1329300
710,887300
711,926700
712,582800
713,848400
714,781600
715,573500
716,779400
717,599700
718,1117000
719,694900
720,936800
721,1016400
722,576100
723,889700
724,681400
725,822500
726,609000
727,773500
728,421600
729,1067000
730,1332600
731,630500
732,500700
733,1049300
734,511800
735,671700
736,568300
737,1798900
738,486200
739,694900
740,741700
741,591100
742,829400
743,550800
744,1184000
745,667300
746,778200
747,624800
748,1156000
749,673100
750,1039200
751,1201800
752,1245500
753,918000
754,1315100
755,1000700
756,604200
757,861000
758,1088000
759,795900
760,801100
761,2624500
762,2239700
763,1068700
764,954100
765,907100
766,736800
767,1300000
768,676200
769,653100
770,941400
771,607100
772,874600
773,451900
774,790900
775,792700
776,1227800
777,1345800
778,867400
779,532900
780,1160100
781,1085900
782,909400
783,1035000
784,758100
785,1153100
786,562000
787,806300
788,337200
789,765700
790,1259300
791,806000
792,936600
793,889000
794,465200
795,698900
796,585100
797,886000
798,482500
799,879000
800,810600
801,763100
802,840100
803,573000
804,764700
805,359300
806,1137900
807,424900
808,770600
809,851900
810,1494300
811,848900
812,611500
813,792000
814,1025900
815,350500
816,844200
817,520600
818,728100
819,561900
820,886600
821,1042800
822,956200
823,606100
824,725700
825,535100
826,710400
827,507500
828,754300
829,665600
830,484100
831,1204700
832,796200
833,929500
834,616000
835,997600
836,628500
837,777600
838,865300
839,749200
840,1309600
841,370700
842,636200
843,767300
844,581600
845,724100
846,563700
847,913700
848,564200
849,1266600
850,704000
851,820900
852,625100
853,797300
854,546000
855,751800
856,517300
857,728600
858,537800
859,934700
860,673900
861,953300
862,865400
863,1129200
864,320900
865,736100
866,542800
867,690100
868,507500
869,683200
870,602400
871,825400
872,992600
873,526700
874,674200
875,1127600
876,683900
877,532300
878,899600
879,730100
880,1098600
881,1372800
882,862300
883,866700
884,475800
885,826600
886,1295000
887,779000
888,702700
889,1725000
890,1113000
891,971800
892,887500
893,639700
894,808400
895,1610800
896,797300
897,1576400
898,5787400
899,2578700
900,778100
901,592400
902,874300
903,1099900
904,779400
905,691400
906,475100
907,1006600
908,447400
909,948600
910,798700
911,840700
912,664100
913,2157000
914,996900
915,574700
916,1090800
917,896900
918,874900
919,751700
920,1060500
921,794400
922,543600
923,448700
924,1091200
925,500300
926,371900
927,709600
928,585100
929,1049400
930,858100
931,967100
932,761600
933,908700
934,2061300
935,1069600
936,1081800
937,789600
938,485300
939,1165500
940,652000
941,996000
942,862600
943,1047300
944,1109900
945,1878200
946,902600
947,965200
948,704600
949,733900
950,1298100
951,1187200
952,809500
953,615600
954,607300
955,1279900
956,785500
957,533100
958,480200
959,2019400
960,1029700
961,741800
962,671600
963,1110500
964,780400
965,707800
966,767500
967,855300
968,1714300
969,1279700
970,1127900
971,819300
972,859500
973,939500
974,1249500
975,908800
976,840300
977,753400
978,1835600
979,946700
980,772600
981,1233000
982,749400
983,527700
984,480100
985,795300
986,502700
987,1315300
988,880600
989,765900
990,629400
991,497600
992,886300
993,647000
994,589900
995,751000
996,1390600
997,1454500
998,761700
999,773100
1000,646800
1001,1078200
1002,767700
1003,575600
1004,1877500
1005,979200
1006,724700
1007,576100
1008,542700
1009,1073200
1010,796900
1011,557600
1012,964600
1013,1293500
1014,754900
1015,504400
1016,993100
1017,497300
1018,859700
1019,394500
1020,549700
1021,706800
1022,971400
1023,1603300
1024,918100
1025,814500
1026,727200
1027,576400
1028,888500
1029,1204100
1030,787200
1031,907000
1032,793600
1033,1267100
1034,951300
1035,560100
1036,1646500
1037,832500
1038,1490800
1039,721000
1040,603900
1041,977100
1042,574700
1043,1221200
1044,951300
1045,1265600
1046,760200
1047,654700
1048,632400
1049,1040400
1050,694700
1051,1116100
1052,950700
1053,1241600
1054,778500
1055,902400
1056,645500
1057,557100
1058,697100
1059,1291000
1060,779800
1061,949600
1062,1410600
1063,760000
1064,765200
1065,646300
1066,967300
1067,614200
1068,902100
1069,762500
1070,1107500
1071,1702400
1072,934900
1073,854700
1074,717800
1075,1048400
1076,1522400
1077,748300
1078,510300
1079,891100
1080,631500
1081,563500
1082,568400
1083,547500
1084,639600
1085,834300
1086,777300
1087,680400
1088,624800
1089,779800
1090,1091200
1091,1556600
1092,966100
1093,1735700
1094,1145100
1095,898000
1096,647600
1097,527900
1098,462700
1099,701000
1100,616900
1101,1317400
1102,2145500
1103,921900
1104,632300
1105,927400
1106,635600
1107,881400
1108,644800
1109,1070100
1110,1067900
1111,706900
1112,595100
1113,466400
1114,622000
1115,942100
1116,1399200
1117,1363400
1118,1116800
1119,1186900
1120,1092700
1121,887600
1122,871100
1123,627500
1124,836900
1125,632000
1126,830400
1127,408000
1128,743800
1129,716000
1130,968000
1131,824200
1132,820300
1133,1476600
1134,1338600
1135,643000
1136,907400
1137,705100
1138,545700
1139,934900
1140,803600
1141,819400
1142,711800
1143,702900
1144,976900
1145,448200
1146,825200
1147,419300
1148,912500
1149,961700
1150,834100
1151,1658200
1152,893500
1153,602300
1154,500000
1155,1107000
1156,606900
1157,963700
1158,892600
1159,893700
1160,1039100
1161,1276700
1162,600000
1163,977800
1164,618100
1165,994300
1166,1660100
1167,1225300
1168,891500
1169,833700
1170,674800
1171,818900
1172,926000
1173,1312400
1174,636300
1175,906200
1176,437300
1177,494000
1178,889200
1179,767200
1180,851900
1181,558500
1182,1153800
1183,1112400
1184,516700
1185,843500
1186,701900
1187,933600
1188,621800
1189,835900
1190,915800
1191,1073900
1192,524300
1193,765700
1194,844200
1195,522100
1196,756700
1197,547100
1198,672900
1199,427700
1200,782600
1201,714200
1202,742900
1203,1175200
1204,1130500
1205,510600
1206,832400
1207,955400
1208,587100
1209,779300
1210,605800
1211,569100
1212,1076700
1213,393100
1214,746300
1215,813100
1216,606700
1217,804100
1218,592700
1219,965500
1220,588200
1221,911700
1222,376900
1223,868300
1224,736600
1225,978900
1226,676800
1227,541800
1228,755900
1229,545900
1230,1388000
1231,705400
1232,1038600
1233,640900
1234,793900
1235,799100
1236,731800
1237,531700
1238,713700
1239,580300
1240,1206600
1241,682000
1242,1179200
1243,469600
1244,692500
1245,506400
1246,837400
1247,545500
1248,758000
1249,346900
1250,762100
1251,1476300
1252,783600
1253,676400
1254,710300
1255,689000
1256,939700
1257,639000
1258,826900
1259,317800
1260,579000
1261,1162400
1262,551700
1263,941400
1264,591000
1265,716700
1266,453800
1267,690100
1268,526200
1269,737200
1270,752200
1271,1145200
1272,773200
1273,736400
1274,871000
1275,399200
1276,770800
1277,943400
1278,323900
1279,621700
1280,784500
1281,429400
1282,912500
1283,902100
1284,732800
1285,937900
1286,843600
1287,661800
1288,642700
1289,299700
1290,678600
1291,425300
1292,639600
1293,899600
1294,472300
1295,650900
1296,510300
1297,799500
1298,471400
1299,614600
1300,457800
1301,689200
1302,476400
1303,645700
1304,514000
1305,862700
1306,602000
1307,728400
1308,541100
1309,628500
1310,525400
1311,608500
1312,419300
1313,710300
1314,437900
1315,613300
1316,450900
1317,689800
1318,615600
1319,1011600
1320,599600
1321,422800
1322,608500
1323,438000
1324,614200
1325,444400
1326,673500
1327,610000
1328,413800
1329,593200
1330,524600
1331,836700
1332,595400
1333,440900
1334,590700
1335,417700
1336,725100
1337,424800
1338,599900
1339,576500
1340,714000
1341,432800
1342,615500
1343,456400
1344,692500
1345,613100
1346,916000
1347,496200
1348,682300
1349,445300
1350,633500
1351,591900
1352,440200
1353,611600
1354,405300
1355,604000
1356,429300
1357,601600
1358,495800
1359,711500
1360,752400
1361,267300
1362,559100
1363,449600
1364,587800
1365,656700
1366,635400
1367,253300
1368,565900
1369,401200
1370,637000
1371,571800
1372,782700
1373,438200
1374,594000
1375,448000
1376,599900
1377,446500
1378,588400
1379,446900
1380,625900
1381,444300
1382,593600
1383,431300
1384,706400
1385,580200
1386,887400
1387,542000
1388,572600
1389,445400
1390,653100
1391,440900
1392,628400
1393,395400
1394,584800
1395,405100
1396,588100
1397,402800
1398,786400
1399,527100
1400,872000
1401,426200
1402,627000
1403,431400
1404,628000
1405,437000
1406,580600
1407,426700
1408,601800
1409,459200
1410,590500
1411,410400
1412,684000
1413,552600
1414,1034900
1415,514700
1416,599300
1417,423200
1418,632800
1419,435400
1420,626800
1421,439700
1422,590400
1423,395200
1424,636300
1425,605100
1426,496200
1427,796600
1428,568600
1429,587600
1430,469300
1431,608700
1432,410500
1433,620500
1434,417200
1435,581800
1436,448600
1437,614300
1438,405600
1439,600000
1440,441200
1441,1049100
1442,644600
1443,653000
1444,498300
1445,831700
1446,583000
1447,743400
1448,484200
1449,683700
1450,883800
1451,402300
1452,670900
1453,483600
1454,653400
1455,752400
1456,499400
1457,605400
1458,592000
1459,831100
1460,513000
1461,511500
1462,760500
1463,465500
1464,849400
1465,993000
1466,519200
1467,679000
1468,497900
1469,688000
1470,495700
1471,658700
1472,653600
1473,878200
1474,870000
1475,565300
1476,733200
1477,446600
1478,671100
1479,497200
1480,587900
1481,505400
1482,627100
1483,453300
1484,632800
1485,543000
1486,500400
1487,743200
1488,615000
1489,911600
1490,498400
1491,609000
1492,452700
1493,617500
1494,416100
1495,624200
1496,446800
1497,606400
1498,405000
1499,572200
1500,361200
1501,627400
1502,471500
1503,823000
1504,744700
1505,613200
1506,614500
1507,520100
1508,627400
1509,412600
1510,751900
1511,482400
1512,734900
1513,534200
1514,830100
1515,531300
1516,750000
1517,409800
1518,610300
1519,476700
1520,700600
1521,491400
1522,639600
1523,320400
1524,631300
1525,428700
1526,869800
1527,563400
1528,767300
1529,442000
1530,776400
1531,436100
1532,637200
1533,432500
1534,743300
1535,484700
1536,717600
1537,427300
1538,628900
1539,510600
1540,748900
1541,893500
1542,432800
1543,651700
1544,463700
1545,605400
1546,484600
1547,635400
1548,537800
1549,663300
1550,549000
1551,709800
1552,579900
1553,702900
1554,529700
1555,786100
1556,566900
1557,710700
1558,532600
1559,764000
1560,445000
1561,686400
1562,428900
1563,677200
1564,451000
1565,746500
1566,780000
1567,761700
1568,525600
1569,621700
1570,461200
1571,607900
1572,465000
1573,622400
1574,435000
1575,595000
1576,487500
1577,601900
1578,492700
1579,690500
1580,492200
1581,901900
1582,514100
1583,674400
1584,442200
1585,608200
1586,559000
1587,608800
1588,492300
1589,612500
1590,433200
1591,762300
1592,838900
1593,925800
1594,681500
1595,578500
1596,700600
1597,453500
1598,622600
1599,249000
1600,639400
1601,497700
1602,668400
1603,754700
1604,909900
1605,553000
1606,772800
1607,452100
1608,626100
1609,409100
1610,595000
1611,441900
1612,637200
1613,424000
1614,595200
1615,487500
1616,725800
1617,952400
1618,309300
1619,654300
1620,337800
1621,601100
1622,471400
1623,622800
1624,445700
1625,587900
1626,406400
1627,735000
1628,804100
1629,719500
1630,771500
1631,778400
1632,441500
1633,651600
1634,416800
1635,638700
1636,592200
1637,436100
1638,567400
1639,438300
1640,578000
1641,465000
1642,769900
1643,642500
1644,774800
1645,463400
1646,581200
1647,409800
1648,587600
1649,379400
1650,591400
1651,414600
1652,612700
1653,524700
1654,608000
1655,555600
1656,760800
1657,525800
1658,790400
1659,367300
1660,563600
1661,468300
1662,630000
1663,586600
1664,387400
1665,589600
1666,442000
1667,597100
1668,400800
1669,707300
1670,543400
1671,964900
1672,500000
1673,576300
1674,483000
1675,640900
1676,559800
1677,671700
1678,433500
1679,760500
1680,826000
1681,655800
1682,833000
1683,480500
1684,641400
1685,426700
1686,615400
1687,424800
1688,590900
1689,446200
1690,597200
1691,448500
1692,658700
1693,450900
1694,888600
1695,752200
1696,870600
1697,530100
1698,623500
1699,441200
1700,473200
1701,544800
1702,467500
1703,626200
1704,466700
1705,723700
1706,569900
1707,1073000
1708,491500
1709,616800
1710,481300
1711,636700
1712,459200
1713,626100
1714,427000
1715,650900
1716,469500
1717,596500
1718,440200
1719,731300
1720,344300
1721,1041100
1722,577800
1723,824400
1724,402800
1725,607400
1726,688300
1727,514600
1728,662400
1729,505300
1730,634200
1731,483600
1732,903400
1733,752600
1734,904200
1735,500100
1736,715700
1737,427100
1738,422300
1739,632200
1740,491600
1741,706700
1742,439300
1743,638000
1744,516800
1745,976700
1746,676400
1747,1037300
1748,486000
1749,890900
1750,822000
1751,544700
1752,748200
1753,1261800
1754,692800
1755,742700
1756,463800
1757,699700
1758,490200
1759,712300
1760,615200
1761,753600
1762,705500
1763,451300
1764,911700
1765,622300
1766,941000
1767,876400
1768,737200
1769,801700
1770,524700
1771,735300
1772,489500
1773,734300
1774,639200
1775,1044200
1776,965900
1777,549500
1778,637700
1779,593800
1780,727400
1781,495500
1782,655200
1783,454500
1784,665900
1785,453800
1786,1039700
1787,882700
1788,849000
1789,607200
1790,644000
1791,564900
1792,604600
1793,423700
1794,624300
1795,443700
1796,633200
1797,669600
1798,708300
1799,826700
1800,822800
1801,725500
1802,511400
1803,680600
1804,452700
1805,608600
1806,436400
1807,619000
1808,403000
1809,954800
1810,593400
1811,642000
1812,850700
1813,627000
1814,776000
1815,1024800
1816,513000
1817,997200
1818,1229000
1819,1089300
1820,619300
1821,647200
1822,557100
1823,732000
1824,562700
1825,825000
1826,599800
1827,700700
1828,751600
1829,673100
1830,1198600
1831,464700
1832,916000
1833,958800
1834,561300
1835,714000
1836,537800
1837,719000
1838,575200
1839,1116000
1840,716700
1841,709900
1842,454200
1843,635600
1844,633400
1845,707600
1846,626400
1847,682400
1848,470900
1849,651200
1850,571700
1851,1071900
1852,608800
1853,653200
1854,484900
1855,721600
1856,465700
1857,699800
1858,527200
1859,718900
1860,495100
1861,725100
1862,547200
1863,1018800
1864,540100
1865,685100
1866,589300
1867,645900
1868,654300
1869,772900
1870,506400
1871,688200
1872,455900
1873,698200
1874,757600
1875,1278300
1876,850800
1877,1120200
1878,964500
1879,684000
1880,555100
1881,832200
1882,498400
1883,752000
1884,699100
1885,538300
1886,841300
1887,470800
1888,634300
1889,487100
1890,671800
1891,497700
1892,700500
1893,572800
1894,601800
1895,1037400
1896,852200
1897,641800
1898,990100
1899,612500
1900,836600
1901,518800
1902,807600
1903,426900
1904,755700
1905,1190600
1906,943800
1907,515200
1908,693300
1909,512000
1910,802000
1911,497500
1912,739700
1913,461900
1914,662300
1915,766100
1916,863400
1917,971100
1918,592700
1919,518300
1920,656300
1921,794100
1922,764600
1923,549900
1924,804800
1925,693500
1926,1647400
1927,641400
1928,910600
1929,524600
1930,836600
1931,583700
1932,824100
1933,610100
1934,780600
1935,613300
1936,1032100
1937,732700
1938,1397400
1939,962500
1940,564200
1941,1414900
1942,826500
1943,1149700
1944,1107900
1945,649900
1946,933700
1947,404300
1948,827500
1949,791100
1950,1240500
1951,1565200
1952,855300
1953,404500
1954,925300
1955,416700
1956,781700
1957,920500
1958,870200
1959,408800
1960,1145100
1961,627400
1962,773400
1963,863700
1964,540500
1965,543700
1966,804400
1967,719500
1968,778900
1969,686300
1970,704100
1971,1052400
1972,846800
1973,613700
1974,801900
1975,607000
1976,809300
1977,392300
1978,742100
1979,742700
1980,731000
1981,739300
1982,980600
1983,553500
1984,739100
1985,494300
1986,719400
1987,478300
1988,670000
1989,607100
1990,710200
1991,608600
1992,581800
1993,1130100
1994,598500
1995,566700
1996,1211000
1997,662300
1998,493200
1999,808200
2000,748600
2001,953300
2002,894800
2003,558500
2004,755600
2005,506100
2006,679300
2007,480000
2008,631200
2009,765100
2010,482900
2011,1049100
2012,821900
2013,837400
2014,782900
2015,546000
2016,721600
2017,467000
2018,666400
2019,578400
2020,602700
2021,541200
2022,747800
2023,407300
2024,992800
2025,575800
2026,790300
2027,574300
2028,713100
2029,503700
2030,761200
2031,583800
2032,842600
2033,542100
2034,890300
2035,438300
2036,933500
2037,810200
2038,493700
2039,615100
2040,464300
2041,628900
2042,490600
2043,604300
2044,440600
2045,631500
2046,445600
2047,786000
2048,651100
2049,899900
2050,560100
2051,825700
2052,521500
2053,726600
2054,515900
2055,772100
2056,484400
2057,705700
2058,596500
2059,1367700
2060,689900
2061,883200
2062,853000
2063,562400
2064,497400
2065,386500
2066,741500
2067,903600
2068,742000
2069,914500
2070,543600
2071,789500
2072,571000
2073,747000
2074,509200
2075,779600
2076,487200
2077,642200
2078,516700
2079,958800
2080,1078300
2081,588600
2082,701400
2083,553000
2084,648100
2085,452600
2086,619600
2087,487400
2088,685700
2089,474100
2090,800300
2091,617600
2092,750800
2093,480700
2094,703200
2095,326300
2096,562200
2097,475300
2098,625000
2099,442800
2100,700400
2101,532200
2102,644400
2103,504400
2104,1000100
2105,723300
2106,845100
2107,683800
2108,766800
2109,570200
2110,768600
2111,462500
2112,685500
2113,481600
2114,752900
2115,529100
2116,751600
2117,499400
2118,663400
2119,525100
2120,656700
2121,436200
2122,636900
2123,414200
2124,752800
2125,462800
2126,643400
2127,440200
2128,656200
2129,506300
2130,865000
2131,582700
2132,851000
2133,678400
2134,482300
2135,651200
2136,324400
2137,649200
2138,427000
2139,706200
2140,598300
2141,821200
2142,467900
2143,641200
2144,447000
2145,598600
2146,425400
2147,731500
2148,506600
2149,835200
2150,494000
2151,602300
2152,442700
2153,1105500
2154,1072600
2155,1010600
2156,642700
2157,664400
2158,497000
2159,618700
2160,433500
2161,627400
2162,440900
2163,678700
2164,771800
2165,521300
2166,647200
2167,489200
2168,725100
2169,548900
2170,651500
2171,627400
2172,463900
2173,688000
2174,491000
2175,601400
2176,453500
2177,1068200
2178,1344300
2179,556900
2180,461500
2181,728100
2182,470600
2183,740700
2184,532800
2185,713300
2186,496700
2187,658500
2188,621800
2189,579600
2190,798800
2191,1069300
2192,509200
2193,721300
2194,557700
2195,698900
2196,461400
2197,664800
2198,520400
2199,661700
2200,581800
2201,1273800
2202,872200
2203,952900
2204,381400
2205,690900
2206,725200
2207,346500
2208,645400
2209,853400
2210,664800
2211,881500
2212,499900
2213,701100
2214,608300
2215,673300
2216,528200
2217,800300
2218,582600
2219,650000
2220,423400
2221,730300
2222,367800
2223,941500
2224,526500
2225,649400
2226,475700
2227,774600
2228,485100
2229,642900
2230,477500
2231,677100
2232,581100
2233,796200
2234,1005300
2235,680600
2236,720000
2237,501100
2238,669400
2239,616400
2240,826800
2241,613700
2242,709900
2243,453800
2244,659500
2245,551100
2246,804700
2247,835300
2248,966300
2249,598700
2250,691400
2251,501800
2252,788200
2253,581200
2254,721400
2255,473400
2256,678900
2257,762300
2258,947500
2259,555200
2260,648100
2261,491600
2262,606900
2263,439600
2264,596000
2265,427400
2266,616100
2267,397700
2268,592000
2269,443300
2270,787800
2271,1328500
2272,597800
2273,536000
2274,797800
2275,553600
2276,727300
2277,290300
2278,536500
2279,499200
2280,726200
2281,499500
2282,1024300
2283,441900
2284,642700
2285,556400
2286,646600
2287,534700
2288,694800
2289,472500
2290,619600
2291,401200
2292,611900
2293,489600
2294,801000
2295,512600
2296,616900
2297,634000
2298,654800
2299,507000
2300,464400
2301,589000
2302,438500
2303,617400
2304,495700
2305,889800
2306,678600
2307,1065600
2308,1008600
2309,477500
2310,698300
2311,479900
2312,454900
2313,562000
2314,425200
2315,603400
2316,412800
2317,596500
2318,468000
2319,747900
2320,459800
2321,747200
2322,607300
2323,406300
2324,401500
2325,602300
2326,409600
2327,598500
2328,386200
2329,569500
2330,399600
2331,614600
2332,433800
2333,619900
2334,527100
2335,727800
2336,917700
2337,479100
2338,617200
2339,447700
2340,616100
2341,420600
2342,571500
2343,415900
2344,593600
2345,425800
2346,575200
2347,373300
2348,734200
2349,651300
2350,645500
2351,914700
2352,520800
2353,665100
2354,469700
2355,744300
2356,354900
2357,624900
2358,452100
2359,849900
2360,661900
2361,751400
2362,482200
2363,629100
2364,403000
2365,591700
2366,426600
2367,621200
2368,468300
2369,642200
2370,425600
2371,668000
2372,486600
2373,874200
2374,541200
2375,654900
2376,451000
2377,583800
2378,412200
2379,751200
2380,432300
2381,598100
2382,437700
2383,622600
2384,463600
2385,572700
2386,463700
2387,732600
2388,758300
2389,739900
2390,376800
2391,647000
2392,409700
2393,637300
2394,414500
2395,609800
2396,400800
2397,633800
2398,470200
2399,606300
2400,528700
2401,1097700
2402,485800
2403,675500
2404,412400
2405,606100
2406,607400
2407,419100
2408,623000
2409,412900
2410,574800
2411,398700
2412,610600
2413,427000
2414,800400
2415,698700
2416,800600
2417,450300
2418,661500
2419,429700
2420,573900
2421,420800
2422,628100
2423,537300
2424,601200
2425,425600
2426,658900
2427,713700
2428,593000
2429,868900
2430,502300
2431,638200
2432,417200
2433,636100
2434,448200
2435,591300
2436,271600
2437,536900
2438,504100
2439,643100
2440,670000
2441,607500
2442,804000
2443,607700
2444,411700
2445,697100
2446,456800
2447,640500
2448,407000
2449,674900
2450,409200
2451,596500
2452,383800
2453,765200
2454,1222600
2455,304800
2456,595700
2457,343000
2458,608400
2459,417400
2460,582900
2461,414900
2462,640000
2463,413000
2464,617600
2465,488600
2466,659600
2467,475400
2468,770700
2469,854000
2470,284600
2471,569700
2472,465100
2473,671300
2474,436600
2475,598800
2476,417200
2477,579600
2478,415200
2479,557400
2480,406000
2481,847400
2482,529300
2483,873800
2484,444400
2485,630900
2486,442400
2487,605600
2488,390700
2489,622900
2490,424700
2491,614700
2492,442800
2493,613600
2494,420400
2495,597500
2496,898300
2497,694300
2498,681800
2499,472900
2500,587600
2501,405600
2502,604000
2503,405200
2504,590100
2505,399800
2506,622400
2507,417100
2508,571800
2509,694700
2510,745800
2511,571600
2512,673600
2513,457700
2514,562400
2515,424000
2516,606400
2517,446900
2518,252900
2519,542600
2520,594700
2521,358900
2522,642500
2523,550400
2524,867800
2525,522500
2526,687000
2527,427400
2528,645400
2529,429000
2530,626800
2531,826500
2532,449200
2533,666300
2534,422400
2535,638500
2536,838500
2537,830400
2538,524200
2539,627600
2540,482800
2541,649000
2542,437500
2543,664900
2544,420000
2545,764200
2546,505000
2547,654400
2548,524600
2549,740200
2550,637000
2551,775700
2552,427300
2553,589400
2554,438900
2555,620200
2556,400900
2557,569700
2558,456700
2559,599500
2560,387800
2561,619400
2562,476800
2563,879700
2564,568800
2565,614000
2566,455300
2567,591000
2568,419000
2569,626700
2570,639900
2571,651900
2572,614900
2573,444900
2574,588500
2575,407500
2576,681500
2577,569800
2578,755200
2579,536400
2580,598400
2581,460300
2582,605000
2583,411900
2584,625100
2585,384000
2586,607700
2587,416200
2588,609900
2589,377100
2590,616100
2591,507300
2592,1023800
2593,442500
2594,740600
2595,514300
2596,891300
2597,659500
2598,226500
2599,642800
2600,455900
2601,729000
2602,513200
2603,1026000
2604,484000
2605,743900
2606,408500
2607,606700
2608,398700
2609,595500
2610,447600
2611,609100
2612,411200
2613,592100
2614,436600
2615,734000
2616,582200
2617,1089500
2618,550900
2619,825700
2620,473100
2621,726600
2622,428700
2623,620200
2624,493700
2625,679400
2626,449500
2627,640900
2628,691200
2629,1072300
2630,552700
2631,674400
2632,459400
2633,585400
2634,446100
2635,609200
2636,465800
2637,625400
2638,458000
2639,631500
2640,454400
2641,955100
2642,871800
2643,853200
2644,709800
2645,495100
2646,625400
2647,458800
2648,642900
2649,445100
2650,635500
2651,444200
2652,612600
2653,558100
2654,826900
2655,714100
2656,635200
2657,420500
2658,629300
2659,430400
2660,617000
2661,423400
2662,602500
2663,431000
2664,616000
2665,405500
2666,583000
2667,493700
2668,945900
2669,461500
2670,656900
2671,454900
2672,724400
2673,645700
2674,456300
2675,244900
2676,628500
2677,424900
2678,674800
2679,572400
2680,936400
2681,481700
2682,661900
2683,651500
2684,390200
2685,644700
2686,607200
2687,424800
2688,584800
2689,461300
2690,750600
2691,457000
2692,763900
2693,824100
2694,503900
2695,608100
2696,410500
2697,656500
2698,441100
2699,582700
2700,364700
2701,590200
2702,423200
2703,601800
2704,585500
2705,619500
2706,486700
2707,735600
2708,1003900
2709,657200
2710,322900
2711,599600
2712,438300
2713,587700
2714,461400
2715,605000
2716,530100
2717,751400
2718,441000
2719,744600
2720,847400
2721,751000
2722,700800
2723,446400
2724,587900
2725,461700
2726,607700
2727,498900
2728,625400
2729,620500
2730,409800
2731,617800
2732,475000
2733,712700
2734,686500
2735,954000
2736,410600
2737,602900
2738,514400
2739,593100
2740,472900
2741,683100
2742,437600
2743,578000
2744,464600
2745,630300
2746,511800
2747,880900
2748,585000
2749,742800
2750,491500
2751,649800
2752,432600
2753,631700
2754,197200
2755,555300
2756,401800
2757,463100
2758,687300
2759,488200
2760,1145900
2761,493100
2762,582600
2763,450700
2764,617900
2765,716600
2766,449100
2767,608300
2768,393600
2769,645200
2770,383200
2771,661500
2772,467800
2773,697000
2774,571700
2775,768500
2776,533600
2777,605000
2778,412100
2779,618600
2780,431300
2781,622300
2782,429300
2783,580100
2784,474700
2785,573700
2786,463800
2787,834200
2788,783300
2789,432400
2790,760200
2791,220800
2792,506500
2793,536700
2794,631600
2795,642100
2796,486500
2797,628800
2798,441500
2799,733900
2800,596000
2801,775900
2802,436200
2803,634300
2804,420700
2805,612900
2806,427700
2807,615200
2808,452000
2809,569900
2810,415100
2811,613200
2812,408800
2813,608300
2814,546200
2815,1016800
2816,628400
2817,658700
2818,530700
2819,670500
2820,406800
2821,623700
2822,399200
2823,653100
2824,650700
2825,462600
2826,678400
2827,492300
2828,826300
2829,469500
2830,737600
2831,478200
2832,584900
2833,725200
2834,532000
2835,968000
2836,959400
2837,801000
2838,1104900
2839,871800
2840,506000
2841,699000
2842,716900
2843,828500
2844,583200
2845,698600
2846,515500
2847,1375700
2848,779600
2849,943800
2850,641200
2851,793600
2852,612100
2853,725100
2854,537200
2855,1108400
2856,581400
2857,508800
2858,1184800
2859,606500
2860,732300
2861,565100
2862,661400
2863,607900
2864,668100
2865,488200
2866,711500
2867,376900
2868,955600
2869,1114500
2870,1063400
2871,755600
2872,859800
2873,648700
2874,954500
2875,471100
2876,771400
2877,1031000
2878,528600
2879,1123300
2880,582900
2881,716100
2882,496200
2883,616700
2884,484100
2885,629300
2886,431100
2887,628300
2888,518800
2889,885800
2890,683600
2891,979500
2892,576100
2893,618600
2894,461100
2895,617700
2896,366000
2897,623300
2898,615800
2899,691600
2900,567400
2901,908500
2902,422600
2903,597100
2904,455100
2905,596300
2906,426000
2907,593900
2908,446300
2909,589700
2910,453900
2911,611300
2912,432300
2913,608200
2914,495200
2915,858300
2916,519200
2917,652100
2918,411100
2919,354800
2920,788800
2921,493400
2922,818100
2923,489000
2924,644100
2925,548000
2926,644800
2927,570100
2928,894100
2929,678900
2930,668900
2931,614000
2932,436300
2933,594400
2934,449200
2935,599600
2936,401600
2937,592100
2938,443800
2939,603600
2940,401400
2941,806700
2942,536100
2943,770600
2944,416400
2945,661300
2946,526300
2947,629900
2948,428800
2949,634100
2950,469900
2951,636900
2952,460600
2953,623600
2954,429900
2955,685300
2956,678700
2957,832400
2958,454500
2959,591600
2960,574400
2961,955800
2962,717700
2963,687400
2964,590300
2965,709300
2966,773400
2967,1256800
2968,1207200
2969,1058500
2970,425400
2971,391500
2972,813900
2973,379600
2974,690500
2975,1360800
2976,742200
2977,943000
2978,580100
2979,866300
2980,661100
2981,620300
2982,810900
2983,519100
2984,762200
2985,725100
2986,1004000
2987,749300
2988,720500
2989,573200
2990,1067700
2991,422600
2992,732800
2993,826500
2994,586700
2995,1259400
2996,1071900
2997,946800
2998,655100
2999,787300
3000,991400
3001,328800
3002,908000
3003,619200
3004,1025800
3005,898200
3006,1223700
3007,384500
3008,807200
3009,853700
3010,1016200
3011,665700
3012,871800
3013,717100
3014,1539500
3015,694400
3016,783400
3017,933500
3018,925400
3019,1006800
3020,1026000
3021,389700
3022,1559900
3023,413800
3024,701100
3025,1047200
3026,736800
3027,533600
3028,879400
3029,945700
3030,447700
3031,1110900
3032,898500
3033,631200
3034,766600
3035,507500
3036,1049100
3037,831500
3038,1106400
3039,675000
3040,1144100
3041,634200
3042,739900
3043,673200
3044,483800
3045,793300
3046,507000
3047,655700
3048,491300
3049,633300
3050,546000
3051,852000
3052,696000
3053,805400
3054,482400
3055,648100
3056,457300
3057,732700
3058,526500
3059,663500
3060,488600
3061,675300
3062,416000
3063,929200
3064,1210200
3065,571600
3066,414400
3067,626700
3068,452300
3069,617600
3070,420800
3071,651300
3072,462100
3073,699800
3074,486200
3075,743300
3076,605200
3077,904400
3078,907300
3079,959400
3080,609600
3081,661900
3082,540200
3083,658600
3084,420300
3085,627200
3086,434000
3087,806200
3088,689800
3089,1021900
3090,657500
3091,751800
3092,651800
3093,774600
3094,393400
3095,816000
3096,1054000
3097,1191700
3098,716900
3099,788000
3100,498800
3101,738300
3102,601000
3103,684600
3104,460500
3105,631800
3106,469800
3107,821900
3108,606800
3109,720000
3110,724000
3111,693100
3112,698800
3113,457200
3114,665500
3115,466000
3116,663100
3117,478600
3118,705200
3119,773400
3120,1427500
3121,1236300
3122,730600
3123,260900
3124,635000
3125,480400
3126,697400
3127,542000
3128,691300
3129,504500
3130,1011800
3131,963300
3132,1056100
3133,588600
3134,720200
3135,560100
3136,720000
3137,452100
3138,664100
3139,467800
3140,740500
3141,717800
3142,1084600
3143,928700
3144,731300
3145,752000
3146,522600
3147,708000
3148,464000
3149,659500
3150,452600
3151,906200
3152,494700
3153,938800
3154,653200
3155,709900
3156,929300
3157,625100
3158,356800
3159,717900
3160,843600
3161,397600
3162,878900
3163,837500
3164,666200
3165,417700
3166,670900
3167,525800
3168,648900
3169,438900
3170,600100
3171,576600
3172,633300
3173,505200
3174,911900
3175,470900
3176,624500
3177,476300
3178,631200
3179,438800
3180,632600
3181,446200
3182,608600
3183,519700
3184,735000
3185,521400
3186,753800
3187,659100
3188,858400
3189,477400
3190,649500
3191,461400
3192,631000
3193,438700
3194,605500
3195,432300
3196,582600
3197,448300
3198,622500
3199,591400
3200,1075000
3201,684700
3202,607600
3203,654800
3204,480600
3205,625300
3206,543100
3207,815400
3208,482000
3209,663500
3210,441800
3211,591900
3212,531600
3213,801100
3214,632000
3215,855100
3216,411600
3217,752100
3218,514300
3219,682100
3220,448700
3221,643900
3222,524600
3223,625100
3224,453600
3225,817000
3226,781700
3227,766900
3228,508400
3229,993000
3230,399900
3231,706800
3232,424500
3233,720600
3234,490700
3235,815800
3236,343500
3237,780000
3238,520300
3239,778600
3240,411600
3241,752100
3242,579200
3243,976400
3244,339200
3245,593000
3246,480200
3247,723200
3248,801900
3249,1211400
3250,784600
3251,776900
3252,758500
3253,627200
3254,829100
3255,630500
3256,826400
3257,903600
3258,779600
3259,858600
3260,891100
3261,724900
3262,796800
3263,532500
3264,756000
3265,736800
3266,560900
3267,863800
3268,409100
3269,1199500
3270,605900
3271,684700
3272,576400
3273,641400
3274,644700
3275,740500
3276,527800
3277,672900
3278,701800
3279,1120600
3280,1069400
3281,921600
3282,531100
3283,728900
3284,695400
3285,648400
3286,519900
3287,617100
3288,445500
3289,951800
3290,449200
3291,958100
3292,720800
3293,616700
3294,822300
3295,525100
3296,320100
3297,762000
3298,660300
3299,519300
3300,879900
3301,836000
3302,988600
3303,498500
3304,603600
3305,537800
3306,620200
3307,491000
3308,836500
3309,459200
3310,803800
3311,567100
3312,958200
3313,578900
3314,635100
3315,491200
3316,637600
3317,462800
3318,570600
3319,461100
3320,601800
3321,432400
3322,610400
3323,465100
3324,579500
3325,479600
3326,730900
3327,494200
3328,798400
3329,527300
3330,773400
3331,521800
3332,670300
3333,478100
3334,755700
3335,574800
3336,772600
3337,583600
3338,1141900
3339,680500
3340,781200
3341,569000
3342,642500
3343,427400
3344,648200
3345,531100
3346,625400
3347,444600
3348,641000
3349,446400
3350,721300
3351,593200
3352,892300
3353,434500
3354,659900
3355,437000
3356,569900
3357,601600
3358,726600
3359,418000
3360,587700
3361,425400
3362,600400
3363,453900
3364,761000
3365,1005000
3366,493300
3367,643400
3368,509800
3369,650900
3370,600700
3371,267800
3372,617400
3373,457900
3374,652100
3375,585600
3376,853200
3377,516100
3378,871900
3379,496900
3380,612700
3381,428700
3382,603000
3383,448200
3384,616600
3385,468300
3386,426000
3387,489400
3388,453200
3389,885600
3390,630900
3391,767200
3392,503900
3393,661700
3394,418200
3395,603100
3396,410700
3397,610700
3398,410300
3399,564100
3400,444800
3401,652300
3402,466900
3403,700500
3404,913900
3405,475600
3406,778500
3407,479500
3408,618000
3409,450500
3410,655100
3411,525600
3412,599700
3413,480200
3414,594800
3415,394700
3416,866000
3417,591500
3418,703800
3419,425000
3420,677200
3421,449100
3422,654900
3423,437600
3424,737100
3425,477100
3426,605200
3427,425100
3428,606700
3429,500200
3430,807700
3431,693100
3432,816600
3433,499300
3434,674800
3435,461500
3436,651400
3437,452500
3438,571500
3439,436400
3440,407900
3441,610100
3442,436900
3443,793800
3444,716100
3445,1107100
3446,571100
3447,693200
3448,486800
3449,282200
3450,576000
3451,456300
3452,620500
3453,540400
3454,916600
3455,639100
3456,865000
3457,643900
3458,477200
3459,635600
3460,442600
3461,654400
3462,502500
3463,680800
3464,418300
3465,611700
3466,482100
3467,940700
3468,579700
3469,624300
3470,451400
3471,590900
3472,454600
3473,589900
3474,496500
3475,613000
3476,433600
3477,656400
3478,461700
3479,978700
3480,534900
3481,855000
3482,720600
3483,434500
3484,631200
3485,456100
3486,653900
3487,452100
3488,619700
3489,432700
3490,615600
3491,461600
3492,378300
3493,565800
3494,359100
3495,601400
3496,616400
3497,601200
3498,413000
3499,711600
3500,396300
3501,585200
3502,405200
3503,565500
3504,448400
3505,801000
3506,406000
3507,617200
3508,499000
3509,995700
3510,614100
3511,645200
3512,632200
3513,451800
3514,639300
3515,390600
3516,615100
3517,399800
3518,574300
3519,417000
3520,621400
3521,444400
3522,689400
3523,561500
3524,594000
3525,446900
3526,616700
3527,570900
3528,617200
3529,411200
3530,275800
3531,521400
3532,460100
3533,582700
3534,507200
3535,936900
3536,593500
3537,732300
3538,374200
3539,606900
3540,425700
3541,583900
3542,431400
3543,624500
3544,455600
3545,613700
3546,437500
3547,603300
3548,490700
3549,816800
3550,692500
3551,441700
3552,410700
3553,625200
3554,374800
3555,540600
3556,773500
3557,620100
3558,470100
3559,670800
3560,434700
3561,804100
3562,566900
3563,750200
3564,586000
3565,573000
3566,451200
3567,590500
3568,445900
3569,599500
3570,435000
3571,592100
3572,388900
3573,600700
3574,412500
3575,746100
3576,502100
3577,782100
3578,503700
3579,660600
3580,467900
3581,402400
3582,630300
3583,440300
3584,571100
3585,442200
3586,615000
3587,405200
3588,600500
3589,439800
3590,618000
3591,794300
3592,524600
3593,513600
3594,787400
3595,344100
3596,573800
3597,424100
3598,614900
3599,448300
3600,609600
3601,427300
3602,677900
3603,421200
3604,613800
3605,494300
3606,734200
3607,488000
3608,635100
3609,808800
3610,882900
3611,602500
3612,309300
3613,677000
3614,476100
3615,656600
3616,462600
3617,734500
3618,518700
3619,724900
3620,450700
3621,625000
3622,407600
3623,618200
3624,382600
3625,803800
3626,426900
3627,586300
3628,432300
3629,610600
3630,489500
3631,441900
3632,1001300
3633,543100
3634,598300
3635,421200
3636,689100
3637,590900
3638,417600
3639,565500
3640,426900
3641,686300
3642,396600
3643,602200
3644,462900
3645,686300
3646,928800
3647,571600
3648,341200
3649,625100
3650,422500
3651,407000
3652,541300
3653,464700
3654,608800
3655,450100
3656,590900
3657,433800
3658,983600
3659,558200
3660,919300
3661,566500
3662,750100
3663,504300
3664,875800
3665,520500
3666,801200
3667,668000
3668,778500
3669,595100
3670,756600
3671,584200
3672,891400
3673,528600
3674,583500
3675,419000
3676,645800
3677,456400
3678,391200
3679,510900
3680,448800
3681,704500
3682,425600
3683,773000
3684,484900
3685,774800
3686,468100
3687,753800
3688,414600
3689,625800
3690,437900
3691,227300
3692,584700
3693,429100
3694,627300
3695,431100
3696,479600
3697,957800
3698,460200
3699,716200
3700,699700
3701,390500
3702,664800
3703,348900
3704,643100
3705,403800
3706,682800
3707,460000
3708,667200
3709,470100
3710,761500
3711,468000
3712,572500
3713,403800
3714,615200
3715,442400
3716,597900
3717,454700
3718,613000
3719,421700
3720,590300
3721,457500
3722,601700
3723,446700
3724,688900
3725,528900
3726,1348700
3727,383400
3728,592900
3729,430600
3730,614600
3731,435000
3732,704500
3733,444100
3734,625100
3735,415700
3736,660900
3737,582400
3738,866000
3739,799300
3740,377000
3741,562900
3742,420500
3743,632200
3744,477200
3745,615600
3746,399300
3747,641200
3748,425600
3749,597700
3750,411700
3751,854600
3752,1369700
3753,500200
3754,370600
3755,619800
3756,419600
3757,635200
3758,460300
3759,632500
3760,468600
3761,625700
3762,434900
3763,586900
3764,459000
3765,734100
3766,584600
3767,634700
3768,478100
3769,572500
3770,453800
3771,656000
3772,281900
3773,601800
3774,407400
3775,510100
3776,422700
3777,779300
3778,1368200
3779,293600
3780,599700
3781,325700
3782,602100
3783,491300
3784,646800
3785,437000
3786,659500
3787,425100
3788,621500
3789,475800
3790,778700
3791,1240100
3792,638600
3793,189200
3794,572000
3795,437300
3796,622000
3797,469100
3798,681100
3799,445000
3800,650300
3801,433000
3802,605400
3803,447600
3804,732600
3805,1206100
3806,297700
3807,5254600
3808,949200
3809,494300
3810,817500
3811,517300
3812,727000
3813,478400
3814,663700
3815,466300
3816,629000
3817,488400
3818,615400
3819,434900
3820,651000
3821,679500
3822,908300
3823,600600
3824,714000
3825,587400
3826,689000
3827,472000
3828,702600
3829,662600
3830,469600
3831,630400
3832,496700
3833,842200
3834,768200
3835,852200
3836,511800
3837,658300
3838,492400
3839,667100
3840,328600
3841,663200
3842,490600
3843,641800
3844,555800
3845,901200
3846,794900
3847,506500
3848,652400
3849,461100
3850,705800
3851,534600
3852,688200
3853,504600
3854,624000
3855,454600
3856,824900
3857,660200
3858,1045600
3859,557300
3860,807800
3861,562700
3862,693100
3863,483300
3864,655600
3865,455800
3866,845800
3867,581600
3868,1102100
3869,851700
3870,970300
3871,830900
3872,524400
3873,849600
3874,320100
3875,600200
3876,481400
3877,647500
3878,461900
3879,918300
3880,707200
3881,794300
3882,485900
3883,689200
3884,463600
3885,636300
3886,468800
3887,621200
3888,473500
3889,655000
3890,539100
3891,678700
3892,894300
3893,1128100
3894,627500
3895,733700
3896,539900
3897,702100
3898,474100
3899,651900
3900,449200
3901,639100
3902,563700
3903,759400
3904,428100
3905,849000
3906,491600
3907,787600
3908,610200
3909,779900
3910,365900
3911,829100
3912,526700
3913,820600
3914,385300
3915,945400
3916,565700
3917,766000
3918,527200
3919,692500
3920,481100
3921,684900
3922,501200
3923,654200
3924,460300
3925,643600
3926,574700
3927,897600
3928,612500
3929,719200
3930,577800
3931,648800
3932,482800
3933,691300
3934,496100
3935,651100
3936,547400
3937,673800
3938,476800
3939,946400
3940,450300
3941,745500
3942,536300
3943,685200
3944,615700
3945,660600
3946,446400
3947,616600
3948,460700
3949,620200
3950,452800
3951,751700
3952,717800
3953,840700
3954,523700
3955,644000
3956,422700
3957,686000
3958,552000
3959,684800
3960,480300
3961,630600
3962,426500
3963,657600
3964,464900
3965,935300
3966,648500
3967,766100
3968,545700
3969,631200
3970,459000
3971,644500
3972,440300
3973,790100
3974,459400
3975,682600
3976,478600
3977,679100
3978,927700
3979,878800
3980,712800
3981,398100
3982,642300
3983,334000
3984,854900
3985,490900
3986,684100
3987,518700
3988,802800
3989,622300
3990,870800
3991,481700
3992,656500
3993,469700
3994,665300
3995,473000
3996,654200
3997,479500
3998,657700
3999,481000
4000,759400
4001,592600
4002,779300
4003,527200
4004,803800
4005,476800
4006,681100
4007,485500
4008,20509200
4009,1144700
4010,890000
4011,1131400
4012,719900
4013,753800
4014,621400
4015,979600
4016,698300
4017,1208000
4018,786800
4019,1908800
4020,748700
4021,1271600
4022,1760200
4023,1525700
4024,548600
4025,1849800
4026,695000
4027,1618900
4028,1128200
4029,742100
4030,1519500
4031,649200
4032,1889000
4033,662500
4034,1690300
4035,1508700
4036,579900
4037,1852800
4038,652200
4039,2047300
4040,907000
4041,2073500
4042,633000
4043,2052000
4044,694500
4045,2695700
4046,889100
4047,1642900
4048,1275500
4049,2087000
4050,1148800
4051,2999500
4052,1268700
4053,2960300
4054,592100
4055,1747200
4056,545100
4057,907400
4058,370100
4059,1629100
4060,496000
4061,1158000
4062,1059700
4063,1128800
4064,953500
4065,468600
4066,1113200
4067,831700
4068,1556300
4069,1330100
4070,438100
4071,1217500
4072,486000
4073,1344600
4074,2433100
4075,1078500
4076,1232900
4077,430500
4078,1128900
4079,368300
4080,1030200
4081,1189900
4082,1320400
4083,1169600
4084,652800
4085,1030400
4086,626800
4087,717800
4088,712300
4089,2085000
4090,618400
4091,1321100
4092,654800
4093,462100
4094,639300
4095,1061100
4096,1153200
4097,1151200
4098,1043300
4099,822500
4100,608300
4101,862500
4102,534200
4103,770000
4104,578100
4105,1327400
4106,495700
4107,688500
4108,543500
4109,908600
4110,549900
4111,825700
4112,549200
4113,919200
4114,549500
4115,1305700
4116,958500
4117,603300
4118,651600
4119,443200
4120,670700
4121,500100
4122,631300
4123,432800
4124,598200
4125,447000
4126,618300
4127,704300
4128,699500
4129,807500
4130,785200
4131,443400
4132,382400
4133,580900
4134,407600
4135,614500
4136,440200
4137,802900
4138,583800
4139,410700
4140,621500
4141,766900
4142,785100
4143,473900
4144,616200
4145,405300
4146,750100
4147,609100
4148,420700
4149,621800
4150,697600
4151,420800
4152,394600
4153,583500
4154,491500
4155,761600
4156,542700
4157,702000
4158,521600
4159,614600
4160,441099
4161,247900
4162,545700
4163,413500
4164,386800
4165,601001
4166,501600
4167,719800
4168,628400
4169,743900
4170,724800
4171,327000
4172,566200
4173,416299
4174,631901
4175,426900
4176,705701
4177,409200
4178,599100
4179,468800
4180,510100
4181,717400
4182,775599
4183,822100
4184,610400
4185,420700
4186,541399
4187,463400
4188,699500
4189,408299
4190,408699
4191,590300
4192,424101
4193,634700
4194,682899
4195,470000
4196,997999
4197,479999
4198,645700
4199,636299
4200,412200
4201,633300
4202,387100
4203,421501
4204,624700
4205,429100
4206,571900
4207,440599
4208,625000
4209,722701
4210,964001
4211,560700
4212,644300
4213,406000
4214,612700
4215,419100
4216,605299
4217,400600
4218,627300
4219,409000
4220,596799
4221,366201
4222,694800
4223,534201
4224,1023500
4225,434800
4226,589900
4227,489000
4228,591300
4229,460799
4230,633300
4231,419801
4232,638001
4233,525500
4234,605700
4235,430600
4236,868700
4237,523900
4238,1282100
4239,265700
4240,718100
4241,452101
4242,636500
4243,197700
4244,668800
4245,633000
4246,426900
4247,766600
4248,571800
4249,712900
4250,462000
4251,651100
4252,427199
4253,742299
4254,410899
4255,600801
4256,426601
4257,423001
4258,587000
4259,436600
4260,599200
4261,374600
4262,1168401
4263,565899
4264,828301
4265,502100
4266,753900
4267,483599
4268,623999
4269,430101
4270,645300
4271,444100
4272,588000
4273,536199
4274,914601
4275,637701
4276,880400
4277,603299
4278,416500
4279,419800
4280,665501
4281,422000
4282,613800
4283,416500
4284,602599
4285,485801
4286,642800
4287,389700
4288,529099
4289,716900
4290,563399
4291,897900
4292,412800
4293,626700
4294,474399
4295,625400
4296,448800
4297,613200
4298,438500
4299,644200
4300,420200
4301,655799
4302,790500
4303,570500
4304,750900
4305,556900
4306,439899
4307,581900
4308,509800
4309,598400
4310,456900
4311,562600
4312,595299
4313,626800
4314,422700
4315,762100
4316,927900
4317,1050600
4318,543901
4319,594499
4320,535200
4321,257299
4322,562199
4323,437400
4324,434900
4325,625900
4326,374300
4327,454001
4328,771000
4329,610299
4330,752499
4331,444100
4332,417700
4333,648800
4334,666799
4335,457900
4336,544000
4337,605600
4338,456300
4339,387000
4340,846001
4341,469000
4342,523400
4343,1372001
4344,493400
4345,589499
4346,546600
4347,613100
4348,445799
4349,643300
4350,375899
4351,491801
4352,631999
4353,594900
4354,903100
4355,604099
4356,792200
4357,504401
4358,624400
4359,753000
4360,836501
4361,579601
4362,685100
4363,429201
4364,610201
4365,467000
4366,1134799
4367,557099
4368,728800
4369,453399
4370,566500
4371,414201
4372,378499
4373,703800
4374,393500
4375,635799
4376,885600
4377,394000
4378,992300
4379,699600
4380,921300
4381,463700
4382,666700
4383,563600
4384,679100
4385,424900
4386,426499
4387,565400
4388,443699
4389,598700
4390,425300
4391,590800
4392,503600
4393,724200
4394,955800
4395,652300
4396,475399
4397,689399
4398,658099
4399,228300
4400,552799
4401,448201
4402,548801
4403,428899
4404,755800
4405,820000
4406,630500
4407,775499
4408,436000
4409,624100
4410,475699
4411,703301
4412,512200
4413,647200
4414,457401
4415,647500
4416,476200
4417,856800
4418,1310999
4419,724300
4420,427900
4421,707000
4422,408200
4423,586300
4424,530800
4425,479100
4426,550200
4427,384900
4428,395601
4429,659201
4430,966500
4431,992300
4432,663300
4433,616400
4434,510700
4435,609700
4436,533500
4437,598801
4438,416801
4439,605300
4440,412200
4441,605700
4442,430500
4443,797700
4444,635801
4445,727700
4446,469500
4447,726701
4448,421900
4449,616701
4450,476800
4451,404799
4452,584800
4453,425300
4454,576301
4455,399701
4456,727800
4457,553199
4458,1084700
4459,482300
4460,613400
4461,550599
4462,605000
4463,429900
4464,600700
4465,399201
4466,608900
4467,390699
4468,635300
4469,601100
4470,490501
4471,774899
4472,721401
4473,690400
4474,551201
4475,636200
4476,395901
4477,198700
4478,702300
4479,507700
4480,659300
4481,570200
4482,1317600
4483,532499
4484,702300
4485,563700
4486,748299
4487,514001
4488,678300
4489,467799
4490,812200
4491,460200
4492,659900
4493,487100
4494,806800
4495,1243499
4496,330499
4497,686599
4498,370900
4499,684399
4500,598500
4501,409599
4502,879401
4503,464400
4504,622200
4505,408400
4506,472801
4507,745700
4508,545599
4509,830600
4510,457300
4511,705001
4512,515499
4513,413101
4514,378001
4515,568500
4516,463400
4517,680500
4518,431100
4519,593699
4520,396101
4521,500101
4522,915999
4523,553699
4524,792400
4525,397000
4526,624200
4527,458800
4528,889600
4529,486701
4530,744700
4531,432700
4532,732700
4533,583400
4534,956099
4535,656501
4536,678500
4537,429800
4538,654200
4539,438400
4540,606400
4541,403900
4542,618500
4543,418400
4544,592500
4545,429101
4546,572200
4547,484799
4548,1094101
4549,688900
4550,926100
4551,599300
4552,768600
4553,208399
4554,568000
4555,649400
4556,468000
4557,610800
4558,556400
4559,697301
4560,552700
4561,817200
4562,588600
4563,642401
4564,412401
4565,665100
4566,489201
4567,597900
4568,433699
4569,609300
4570,399500
4571,578400
4572,504200
4573,755899
4574,506701
4575,666500
4576,458500
4577,636099
4578,528101
4579,717600
4580,611700
4581,494900
4582,622400
4583,407500
4584,685399
4585,528399
4586,566401
4587,806701
4588,445100
4589,593799
4590,496699
4591,616900
4592,423100
4593,588500
4594,382400
4595,621201
4596,510901
4597,601699
4598,502700
4599,462100
4600,734200
4601,610200
4602,728600
4603,478100
4604,642000
4605,420500
4606,468299
4607,588600
4608,555700
4609,597601
4610,647799
4611,427900
4612,648301
4613,436900
4614,818501
4615,595500
4616,667700
4617,443400
4618,617599
4619,448400
4620,592899
4621,437300
4622,448100
4623,691201
4624,415200
4625,658301
4626,661899
4627,758601
4628,1254499
4629,536900
4630,714000
4631,519301
4632,603300
4633,181900
4634,521100
4635,421499
4636,602301
4637,468300
4638,834399
4639,526800
4640,1003600
4641,488500
4642,473000
4643,601000
4644,428700
4645,671799
4646,425000
4647,751701
4648,407001
4649,678100
4650,483800
4651,405000
4652,605300
4653,528300
4654,985199
4655,552500
4656,633999
4657,412200
4658,417299
4659,626300
4660,482100
4661,618199
4662,441299
4663,665100
4664,468800
4665,642900
4666,480801
4667,930801
4668,411401
4669,621300
4670,487100
4671,607700
4672,430399
4673,576800
4674,542400
4675,875801
4676,412800
4677,779400
4678,522001
4679,695100
4680,673799
4681,741800
4682,546000
4683,679300
4684,477000
4685,628400
4686,569300
4687,721599
4688,427200
4689,627500
4690,490299
4691,642600
4692,530999
4693,720500
4694,558500
4695,434600
4696,890501
4697,371000
4698,590900
4699,417001
4700,674000
4701,474599
4702,607100
4703,413200
4704,570000
4705,536500
4706,492500
4707,872600
4708,460600
4709,696500
4710,478900
4711,652200
4712,556101
4713,237801
4714,691700
4715,478699
4716,468200
4717,595401
4718,488400
4719,672401
4720,513601
4721,1094400
4722,378701
4723,388700
4724,733800
4725,312301
4726,642600
4727,430400
4728,423100
4729,633900
4730,440900
4731,658001
4732,602399
4733,554200
4734,1151600
4735,576501
4736,572700
4737,561301
4738,696900
4739,456801
4740,596599
4741,507100
4742,649700
4743,490700
4744,613300
4745,570800
4746,836400
4747,586900
4748,716300
4749,501700
4750,447200
4751,627599
4752,414600
4753,489400
4754,604100
4755,443800
4756,588500
4757,434600
4758,655400
4759,477599
4760,810500
4761,1135000
4762,536701
4763,626900
4764,423000
4765,642699
4766,610199
4767,411199
4768,591500
4769,399100
4770,364600
4771,558900
4772,427100
4773,686699
4774,587200
4775,857200
4776,463601
4777,607900
4778,422401
4779,460300
4780,612400
4781,403999
4782,703200
4783,418000
4784,601301
4785,457201
4786,449401
4787,690800
4788,556300
4789,825199
4790,591600
4791,920700
4792,521100
4793,678901
4794,367000
4795,603399
4796,443700
4797,683900
4798,960001
4799,783299
4800,533700
4801,627100
4802,512000
4803,428100
4804,624200
4805,443300
4806,731901
4807,430401
4808,581399
4809,458800
4810,584400
4811,447299
4812,439800
4813,998499
4814,586201
4815,623300
4816,511699
4817,477599
4818,599399
4819,485400
4820,629500
4821,435199
4822,609600
4823,525599
4824,616799
4825,457501
4826,942201
4827,533000
4828,861800
4829,521401
4830,615700
4831,400900
4832,701700
4833,470700
4834,567800
4835,416900
4836,724300
4837,482401
4838,459399
4839,649500
4840,557500
4841,896300
4842,474300
4843,619899
4844,396901
4845,613400
4846,405999
4847,436801
4848,599500
4849,577099
4850,635701
4851,660400
4852,405700
4853,774000
4854,467900
4855,829900
4856,547399
4857,638599
4858,438201
4859,613399
4860,460999
4861,602101
4862,415199
4863,600700
4864,450000
4865,569900
4866,597199
4867,546000
4868,1149501
4869,601300
4870,758500
4871,625601
4872,1104100
4873,433799
4874,718301
4875,735501
4876,723100
4877,855800
4878,464499
4879,689500
4880,501700
4881,631000
4882,438599
4883,689800
4884,523000
4885,593799
4886,447401
4887,619701
4888,439301
4889,659400
4890,566201
4891,1166100
4892,506600
4893,704999
4894,477200
4895,715100
4896,420100
4897,636700
4898,384400
4899,438900
4900,612900
4901,455700
4902,455899
4903,833700
4904,571499
4905,811401
4906,400300
4907,433401
4908,628500
4909,451500
4910,581900
4911,468899
4912,707500
4913,375800
4914,355000
4915,681300
4916,367100
4917,480700
4918,952200
4919,698800
4920,648000
4921,599800
4922,439799
4923,386400
4924,399200
4925,601099
4926,502700
4927,638400
4928,428600
4929,605799
4930,406900
4931,769200
4932,589300
4933,764499
4934,480300
4935,639900
4936,456400
4937,612000
4938,460500
4939,557301
4940,418799
4941,605301
4942,407700
4943,431700
4944,625900
4945,428700
4946,961999
4947,857000
4948,885900
4949,631899
4950,687000
4951,361901
4952,845300
4953,523599
4954,1354800
4955,813200
4956,1043601
4957,567199
4958,810600
4959,495900
4960,746901
4961,548901
4962,663400
4963,406900
4964,696600
4965,422600
4966,887300
4967,1052301
4968,574100
4969,693000
4970,495099
4971,647899
4972,422600
4973,393599
4974,646599
4975,425800
4976,477500
4977,666700
4978,593500
4979,757201
4980,831000
4981,466600
4982,588700
4983,428500
4984,707599
4985,480000
4986,617700
4987,398399
4988,747800
4989,580000
4990,513699
4991,477200
4992,760900
4993,685800
4994,937900
4995,475500
4996,583800
4997,452700
4998,717400
4999,510100
5000,608099
5001,441300
5002,608600
5003,450200
5004,586000
5005,467999
5006,721700
5007,693600
5008,756000
5009,448700
5010,630999
5011,477900
5012,605399
5013,487199
5014,663300
5015,458000
5016,174600
5017,647101
5018,495300
5019,801900
5020,888600
5021,598799
5022,740200
5023,603899
5024,856799
5025,245199
5026,587799
5027,449900
5028,751201
5029,456700
5030,699800
5031,618799
5032,877799
5033,506300
5034,650201
5035,474800
5036,438500
5037,613799
5038,527000
5039,644400
5040,433300
5041,396501
5042,618500
5043,453000
5044,767500
5045,585500
5046,767701
5047,565900
5048,439400
5049,555800
5050,476300
5051,601400
5052,440300
5053,610800
5054,466699
5055,565600
5056,461799
5057,583600
5058,650999
5059,559600
5060,902300
5061,468400
5062,627800
5063,551101
5064,677200
5065,509700
5066,481300
5067,510399
5068,733700
5069,589900
5070,472400
5071,723801
5072,523000
5073,877201
5074,471000
5075,749400
5076,417800
5077,651000
5078,489800
5079,645401
5080,432599
5081,451300
5082,656101
5083,428600
5084,672399
5085,877300
5086,711100
5087,957401
5088,524800
5089,637499
5090,422500
5091,714001
5092,412600
5093,670600
5094,410700
5095,414400
5096,608700
5097,513301
5098,568901
5099,910301
5100,709700
5101,917700
5102,460101
5103,625100
5104,197799
5105,591201
5106,447100
5107,666701
5108,606500
5109,599401
5110,933699
5111,519499
5112,644400
5113,464200
5114,746200
5115,407700
5116,417100
5117,641400
5118,444700
5119,746300
5120,443300
5121,572800
5122,436699
5123,664001
5124,466199
5125,973101
5126,506700
5127,634200
5128,431600
5129,576701
5130,420999
5131,624699
5132,423800
5133,639100
5134,490000
5135,586999
5136,535000
5137,552900
5138,799201
5139,835999
5140,482500
5141,603800
5142,461201
5143,612499
5144,443300
5145,607100
5146,422801
5147,584900
5148,397700
5149,622200
5150,431700
5151,524201
5152,917201
5153,454001
5154,635599
5155,563200
5156,626800
5157,425600
5158,594199
5159,492599
5160,685700
5161,460799
5162,472901
5163,735100
5164,609100
5165,1112300
5166,565500
5167,648400
5168,402000
5169,447299
5170,645001
5171,411900
5172,625499
5173,402600
5174,626500
5175,445901
5176,591300
5177,471501
5178,855599
5179,617401
5180,830200
5181,610500
5182,633300
5183,446500
5184,215601
5185,738100
5186,489901
5187,413600
5188,606600
5189,411500
5190,939200
5191,642200
5192,875600
5193,434701
5194,697500
5195,370300
5196,648101
5197,526300
5198,684200
5199,419700
5200,437001
5201,490299
5202,508599
5203,630400
5204,483000
5205,925700
5206,436400
5207,584200
5208,425100
5209,623899
5210,546000
5211,669099
5212,377201
5213,429900
5214,721399
5215,436500
5216,644799
5217,435801
5218,678200
5219,614401
5220,659801
5221,417301
5222,361200
5223,610100
5224,449600
5225,605800
5226,424700
5227,597599
5228,412700
5229,629800
5230,378200
5231,594399
5232,629600
5233,686900
5234,1203900
5235,381401
5236,630400
5237,581600
5238,427500
5239,632500
5240,478800
5241,392900
5242,604199
5243,430300
5244,614200
5245,446000
5246,711500
5247,642600
5248,1012699
5249,474499
5250,620200
5251,429001
5252,609300
5253,416701
5254,600800
5255,373700
5256,609799
5257,409099
5258,594900
5259,500100
5260,857901
5261,646200
5262,936300
5263,498400
5264,741701
5265,190000
5266,573400
5267,466601
5268,688900
5269,445800
5270,607901
5271,460000
5272,678100
5273,766299
5274,467999
5275,607099
5276,413400
5277,638400
5278,644301
5279,704599
5280,385101
5281,629099
5282,451100
5283,619801
5284,414300
5285,788999
5286,807800
5287,868401
5288,509899
5289,609799
5290,435100
5291,583600
5292,526400
5293,638200
5294,459700
5295,793000
5296,424899
5297,686101
5298,530699
5299,964901
5300,474199
5301,592200
5302,401300
5303,563400
5304,456301
5305,584900
5306,477600
5307,516000
5308,606800
5309,534099
5310,497900
5311,743000
5312,733000
5313,1133099
5314,500300
5315,584801
5316,413600
5317,610701
5318,409200
5319,589399
5320,509100
5321,583000
5322,423499
5323,596101
5324,418800
5325,768000
5326,565001
5327,696200
5328,529500
5329,685700
5330,448401
5331,636600
5332,610400
5333,417700
5334,623100
5335,579799
5336,630200
5337,699399
5338,520701
5339,1163301
5340,545901
5341,835201
5342,457400
5343,621700
5344,199701
5345,565000
5346,469599
5347,671300
5348,381700
5349,719201
5350,558501
5351,841300
5352,476499
5353,622801
5354,410300
5355,607500
5356,399000
5357,638601
5358,425000
5359,726901
5360,398299
5361,644100
5362,436099
5363,618300
5364,509800
5365,951799
5366,610900
5367,721800
5368,503300
5369,583300
5370,500900
5371,596600
5372,402600
5373,639000
5374,499999
5375,603400
5376,426200
5377,658000
5378,510300
5379,830200
5380,565700
5381,740000
5382,634700
5383,445000
5384,614399
5385,539699
5386,594901
5387,406699
5388,596100
5389,447500
5390,677500
5391,493500
5392,826599
5393,878300
5394,414400
5395,763500
5396,363100
5397,587500
5398,385000
5399,612100
5400,412900
5401,614900
5402,406800
5403,603800
5404,397300
5405,506200
5406,848501
5407,567601
5408,625900
5409,491001
5410,672401
5411,435699
5412,604800
5413,550500
5414,605201
5415,570299
5416,604800
5417,404501
5418,1305700
5419,879099
5420,928001
5421,636100
5422,655801
5423,188500
5424,658100
5425,440900
5426,637800
5427,537800
5428,700900
5429,650800
5430,929000
5431,439399
5432,610200
5433,393700
5434,485200
5435,412300
5436,861799
5437,527600
5438,427000
5439,676499
5440,379200
5441,450600
5442,687200
5443,688399
5444,871500
5445,624200
5446,400299
5447,613400
5448,441701
5449,642100
5450,536001
5451,629900
5452,521100
5453,598300
5454,517500
5455,422400
5456,943499
5457,685401
5458,666199
5459,477100
5460,640499
5461,433699
5462,598500
5463,425899
5464,571799
5465,508200
5466,449700
5467,606400
5468,434001
5469,865099
5470,783001
5471,802500
5472,472601
5473,581100
5474,465700
5475,772300
5476,627401
5477,547300
5478,805100
5479,443800
5480,826700
5481,1113600
5482,362700
5483,832899
5484,619900
5485,637999
5486,457800
5487,580901
5488,422399
5489,569601
5490,428500
5491,719700
5492,420500
5493,636000
5494,486300
5495,788899
5496,656799
5497,940801
5498,642800
5499,711300
5500,244200
5501,586100
5502,552000
5503,643900
5504,456799
5505,837600
5506,726800
5507,846400
5508,559100
5509,621400
5510,468099
5511,635801
5512,467299
5513,671900
5514,420900
5515,623400
5516,399300
5517,602200
5518,434599
5519,779901
5520,724401
5521,830399
5522,496100
5523,625599
5524,386000
5525,410101
5526,623200
5527,389600
5528,677599
5529,472400
5530,695000
5531,414500
5532,660100
5533,526101
5534,1063701
5535,455000
5536,433701
5537,624601
5538,386400
5539,652100
5540,413300
5541,605600
5542,534700
5543,438400
5544,592900
5545,472100
5546,721000
5547,716800
5548,748500
5549,527300
5550,593000
5551,546399
5552,866900
5553,458599
5554,624300
5555,428401
5556,616101
5557,426701
5558,737500
5559,572599
5560,951301
5561,474301
5562,620401
5563,443000
5564,651301
5565,417300
5566,621001
5567,419100
5568,621100
5569,468401
5570,613399
5571,439499
5572,718600
5573,656201
5574,876900
5575,548600
5576,878801
5577,529500
5578,686500
5579,192201
5580,563000
5581,397801
5582,581100
5583,432800
5584,646900
5585,443500
5586,740000
5587,542201
5588,661700
5589,526800
5590,622400
5591,449601
5592,619100
5593,443600
5594,585399
5595,509200
5596,578300
5597,515400
5598,617201
5599,821301
5600,1229799
5601,404800
5602,633901
5603,359600
5604,613900
5605,431601
5606,406901
5607,603700
5608,599199
5609,631400
5610,417500
5611,620401
5612,521299
5613,922501
5614,519001
5615,623900
5616,420600
5617,426100
5618,617600
5619,415599
5620,604600
5621,403600
5622,593600
5623,391201
5624,433000
5625,643800
5626,558499
5627,926300
5628,545000
5629,811600
5630,543000
5631,661600
5632,420100
5633,690700
5634,633600
5635,459401
5636,630500
5637,496700
5638,651300
5639,578900
5640,1020000
5641,631100
5642,665600
5643,495600
5644,617300
5645,459399
5646,592800
5647,463100
5648,590601
5649,465800
5650,747500
5651,436700
5652,729201
5653,748500
5654,1382900
5655,605799
5656,661900
5657,284400
5658,660599
5659,443600
5660,642400
5661,443099
5662,1052301
5663,790599
5664,818400
5665,539799
5666,632500
5667,453399
5668,742501
5669,409500
5670,439200
5671,613000
5672,442800
5673,618900
5674,379300
5675,774899
5676,478600
5677,1007500
5678,567600
5679,778600
5680,424400
5681,706701
5682,505500
5683,631499
5684,675900
5685,490700
5686,622801
5687,441600
5688,833200
5689,541900
5690,771701
5691,540100
5692,693100
5693,438901
5694,623300
5695,461901
5696,658900
5697,428100
5698,693899
5699,520000
5700,664600
5701,476100
5702,548200
5703,995899
5704,653100
5705,522000
5706,613500
5707,505700
5708,628299
5709,421200
5710,578900
5711,434800
5712,588201
5713,581500
5714,728700
5715,646400
5716,892899
5717,611800
5718,641299
5719,432699
5720,588399
5721,406601
5722,598601
5723,431700
5724,702900
5725,422900
5726,611300
5727,478301
5728,622000
5729,504800
5730,1270899
5731,569800
5732,628200
5733,483701
5734,265500
5735,582699
5736,465100
5737,634499
5738,738700
5739,521999
5740,826999
5741,463300
5742,611900
5743,439101
5744,389400
5745,602000
5746,530501
5747,739100
5748,468601
5749,669800
5750,677400
5751,414700
5752,429000
5753,739199
5754,570400
5755,587400
5756,690399
5757,449600
5758,765000
5759,521200
5760,624500
5761,444999
5762,633799
5763,441300
5764,692000
5765,423200
5766,433399
5767,654200
5768,564900
5769,756000
5770,441701
5771,718999
5772,560800
5773,688501
5774,449900
5775,625400
5776,409601
5777,705200
5778,476700
5779,640000
5780,430099
5781,706401
5782,589999
5783,923699
5784,699200
5785,433701
5786,585801
5787,562800
5788,617601
5789,370201
5790,430600
5791,647100
5792,599599
5793,404600
5794,679500
5795,736700
5796,559900
5797,757501
5798,460300
5799,609699
5800,526600
5801,690200
5802,396100
5803,776400
5804,462399
5805,373501
5806,695000
5807,535600
5808,901700
5809,705499
5810,759400
5811,606700
5812,793100
5813,241601
5814,673501
5815,631100
5816,529399
5817,818500
5818,495300
5819,727200
5820,846000
5821,414100
5822,653000
5823,392899
5824,680800
5825,658299
5826,441500
5827,595000
5828,414299
5829,586700
5830,512600
5831,949000
5832,678201
5833,1120900
5834,480700
5835,672801
5836,672801
5837,519200
5838,596200
5839,496900
5840,598500
5841,442999
5842,564100
5843,607400
5844,981100
5845,569100
5846,710400
5847,423601
5848,617800
5849,465100
5850,625700
5851,483801
5852,579699
5853,425300
5854,586901
5855,398800
5856,439100
5857,437800
5858,793299
5859,629101
5860,783299
5861,497499
5862,676800
5863,753500
5864,554300
5865,702200
5866,751200
5867,459400
5868,655801
5869,451700
5870,1043800
5871,1007201
5872,470900
5873,1086000
5874,378700
5875,736900
5876,466500
5877,636500
5878,538301
5879,614500
5880,414901
5881,839500
5882,667200
5883,1096700
5884,632501
5885,675101
5886,522500
5887,242799
5888,585000
5889,521600
5890,474601
5891,651399
5892,425999
5893,734801
5894,566900
5895,781100
5896,495999
5897,582800
5898,441301
5899,448901
5900,616900
5901,431600
5902,606500
5903,450799
5904,613901
5905,458699
5906,721300
5907,575700
5908,654699
5909,896700
5910,459001
5911,657001
5912,485499
5913,593300
5914,377700
5915,632700
5916,601300
5917,676901
5918,515700
5919,711500
5920,535900
5921,716900
5922,599201
5923,656400
5924,548800
5925,592800
5926,418199
5927,643000
5928,408900
5929,564100
5930,501900
5931,617200
5932,438801
5933,447099
5934,1042800
5935,1203001
5936,749200
5937,361700
5938,615601
5939,434301
5940,608301
5941,473401
5942,622400
5943,442499
5944,710399
5945,398600
5946,747501
5947,527500
5948,1075401
5949,656401
5950,462100
5951,628201
5952,425700
5953,605201
5954,444000
5955,613299
5956,434700
5957,610700
5958,377700
5959,583100
5960,459999
5961,884800
5962,773201
5963,861500
5964,515299
5965,741100
5966,185600
5967,592501
5968,395101
5969,637299
5970,389700
5971,436800
5972,440699
5973,732201
5974,652100
5975,619500
5976,432999
5977,609700
5978,443401
5979,635900
5980,496100
5981,644600
5982,434001
5983,582201
5984,432300
5985,581999
5986,418001
5987,720200
5988,819700
5989,852899
5990,404601
5991,628500
5992,449601
5993,590200
5994,374100
5995,652200
5996,601100
5997,501999
5998,598300
5999,431600
6000,616399
6001,491100
6002,793200
6003,528701
6004,620700
6005,449500
6006,576101
6007,397801
6008,588701
6009,440800
6010,586699
6011,439100
6012,620900
6013,502599
6014,850300
6015,718100
6016,800100
6017,514500
6018,809801
6019,568999
6020,721400
6021,452600
6022,620000
6023,396099
6024,641601
6025,539401
6026,603399
6027,466601
6028,797100
6029,648800
6030,749500
6031,425199
6032,622800
6033,495799
6034,593200
6035,433500
6036,615199
6037,439400
6038,590900
6039,427600
6040,585200
6041,870200
6042,1234100
6043,611000
6044,795300
6045,274900
6046,608399
6047,529201
6048,630901
6049,406901
6050,624800
6051,426300
6052,924500
6053,639200
6054,783700
6055,476299
6056,602400
6057,456900
6058,634799
6059,473400
6060,606100
6061,405000
6062,590400
6063,465499
6064,710000
6065,762999
6066,794400
6067,558700
6068,815999
6069,403500
6070,621801
6071,446499
6072,582799
6073,389399
6074,482301
6075,576800
6076,405099
6077,609800
6078,376600
6079,710600
6080,737600
6081,753000
6082,518500
6083,574700
6084,522400
6085,717900
6086,409001
6087,676100
6088,457700
6089,683300
6090,423499
6091,651200
6092,547100
6093,715600
6094,703101
6095,746100
6096,403000
6097,619001
6098,407100
6099,618101
6100,430699
6101,597900
6102,538100
6103,473700
6104,651100
6105,394900
6106,725500
6107,519900
6108,772600
6109,454800
6110,614500
6111,569599
6112,623000
6113,525800
6114,654100
6115,343299
6116,636801
6117,390600
6118,632600
6119,593600
6120,1059900
6121,820700
6122,921101
6123,447899
6124,207600
6125,541800
6126,401300
6127,729400
6128,424300
6129,595200
6130,635200
6131,732201
6132,674601
6133,753900
6134,430101
6135,416300
6136,620600
6137,557600
6138,610900
6139,446900
6140,587100
6141,388901
6142,384300
6143,423600
6144,567999
6145,427599
6146,1047800
6147,504301
6148,636500
6149,419800
6150,583100
6151,408000
6152,594800
6153,451800
6154,601900
6155,443100
6156,611600
6157,392900
6158,391700
6159,602099
6160,674100
6161,958700
6162,536500
6163,610199
6164,450401
6165,599700
6166,433301
6167,584701
6168,388801
6169,567800
6170,424899
6171,753801
6172,583899
6173,681500
6174,732800
6175,761800
6176,474500
6177,606300
6178,444200
6179,637600
6180,542000
6181,418800
6182,658301
6183,602200
6184,479601
6185,615100
6186,418700
6187,772899
6188,580900
6189,971600
6190,647700
6191,635000
6192,540400
6193,508700
6194,671300
6195,535801
6196,707000
6197,464699
6198,715600
6199,685401
6200,1249299
6201,730099
6202,741100
6203,563900
6204,472199
6205,567300
6206,771401
6207,471899
6208,645301
6209,487799
6210,978600
6211,531300
6212,752900
6213,486100
6214,727800
6215,409500
6216,603899
6217,560100
6218,628400
6219,439000
6220,592100
6221,508400
6222,760301
6223,525499
6224,1119701
6225,510800
6226,597500
6227,483100
6228,585101
6229,429000
6230,693800
6231,408101
6232,627499
6233,626300
6234,481700
6235,485900
6236,631100
6237,1232200
6238,621100
6239,654600
6240,449400
6241,628400
6242,404600
6243,588401
6244,422900
6245,613800
6246,419299
6247,634900
6248,458500
6249,886400
6250,609901
6251,761500
6252,454400
6253,601300
6254,552199
6255,643601
6256,523801
6257,649600
6258,757801
6259,667701
6260,459301
6261,513401
6262,944101
6263,585600
6264,582799
6265,769001
6266,454701
6267,728400
6268,661199
6269,553100
6270,609300
6271,487999
6272,610700
6273,658300
6274,484801
6275,474999
6276,969399
6277,1037200
6278,406200
6279,257600
6280,620300
6281,571700
6282,478399
6283,799400
6284,865600
6285,560399
6286,1086801
6287,593699
6288,490499
6289,610600
6290,563800
6291,618499
6292,811200
6293,502200
6294,704100
6295,566100
6296,643700
6297,575900
6298,816500
6299,699800
6300,821900
6301,498501
6302,668600
6303,624900
6304,595600
6305,582001
6306,758000
6307,499601
6308,479100
6309,845401
6310,500500
6311,820600
6312,466899
6313,601101
6314,468200
6315,645800
6316,574100
6317,628800
6318,512200
6319,604400
6320,596000
6321,616900
6322,723200
6323,1257400
6324,597901
6325,662900
6326,485400
6327,840000
6328,586899
6329,675800
6330,568901
6331,649700
6332,498999
6333,612900
6334,487900
6335,717001
6336,583499
6337,622100
6338,588201
6339,618501
6340,526700
6341,717399
6342,436700
6343,639401
6344,481500
6345,645901
6346,426200
6347,431200
6348,776799
6349,609601
6350,885100
6351,555800
6352,689500
6353,309001
6354,730300
6355,507899
6356,483800
6357,656501
6358,438501
6359,464900
6360,671501
6361,695399
6362,434400
6363,622501
6364,466699
6365,726000
6366,458700
6367,636100
6368,583900
6369,437100
6370,392900
6371,616701
6372,422799
6373,451100
6374,723499
6375,1199201
6376,529200
6377,423000
6378,733699
6379,411000
6380,592300
6381,421599
6382,710599
6383,428100
6384,388399
6385,644101
6386,464100
6387,697900
6388,502500
6389,959701
6390,464500
6391,597000
6392,448800
6393,587001
6394,425400
6395,641101
6396,523500
6397,483399
6398,589000
6399,419301
6400,442501
6401,1025800
6402,1046200
6403,764100
6404,510500
6405,629799
6406,430100
6407,604101
6408,458500
6409,636901
6410,622999
6411,431700
6412,565400
6413,508800
6414,900801
6415,905699
6416,593200
6417,672799
6418,448400
6419,452300
6420,615100
6421,466600
6422,497501
6423,521000
6424,522500
6425,663800
6426,461299
6427,817000
6428,933701
6429,905801
6430,568900
6431,292499
6432,705799
6433,426499
6434,681100
6435,459899
6436,613200
6437,443801
6438,910300
6439,868699
6440,455801
6441,432600
6442,649599
6443,456200
6444,732100
6445,463700
6446,579799
6447,428001
6448,388300
6449,558600
6450,482900
6451,730900
6452,343600
6453,719599
6454,748199
6455,496199
6456,646900
6457,429101
6458,727000
6459,452400
6460,637200
6461,450601
6462,626800
6463,489601
6464,617700
6465,548201
6466,916599
6467,544400
6468,656501
6469,446400
6470,650900
6471,438500
6472,546300
6473,662999
6474,469600
6475,632101
6476,416500
6477,605901
6478,490999
6479,814100
6480,1191800
6481,514799
6482,614100
6483,464600
6484,748300
6485,511600
6486,725101
6487,508401
6488,659700
6489,422000
6490,633099
6491,726101
6492,888501
6493,486100
6494,678201
6495,553101
6496,690200
6497,418699
6498,637300
6499,416301
6500,696899
6501,520100
6502,423900
6503,671800
6504,802299
6505,1306600
6506,575899
6507,654000
6508,252400
6509,614700
6510,474300
6511,654601
6512,565801
6513,707100
6514,616100
6515,743800
6516,550299
6517,642601
6518,437399
6519,669400
6520,458101
6521,775199
6522,438800
6523,616300
6524,398900
6525,435701
6526,580801
6527,456299
6528,853901
6529,864300
6530,756601
6531,436700
6532,598101
6533,493100
6534,637599
6535,423200
6536,604300
6537,498899
6538,641100
6539,541700
6540,655600
6541,666600
6542,464800
6543,865300
6544,540401
6545,691000
6546,424600
6547,597100
6548,560200
6549,645900
6550,404801
6551,594800
6552,541400
6553,703600
6554,501299
6555,713399
6556,543999
6557,1179000
6558,391199
6559,718100
6560,440900
6561,636299
6562,430000
6563,410599
6564,605600
6565,507600
6566,589200
6567,400800
6568,821601
6569,510200
6570,756101
6571,571100
6572,633600
6573,457300
6574,597399
6575,384401
6576,584300
6577,473500
6578,737999
6579,495900
6580,677499
6581,491401
6582,940999
6583,730100
6584,895999
6585,606600
6586,345700
6587,652001
6588,449900
6589,651301
6590,389699
6591,745199
6592,505699
6593,494900
6594,824900
6595,671501
6596,664600
6597,422200
6598,587500
6599,517100
6600,454099
6601,623900
6602,410301
6603,589600
6604,417799
6605,579400
6606,537301
6607,758000
6608,625400
6609,810299
6610,548400
6611,697300
6612,429300
6613,597599
6614,528599
6615,703600
6616,438100
6617,645000
6618,427699
6619,915499
6620,551000
6621,808700
6622,534400
6623,595500
6624,475200
6625,648301
6626,452000
6627,596500
6628,426500
6629,641700
6630,398799
6631,593801
6632,505900
6633,962899
6634,572200
6635,1152000
6636,442501
6637,722000
6638,513000
6639,610000
6640,622300
6641,664701
6642,462100
6643,609900
6644,532700
6645,747900
6646,487501
6647,854799
6648,786100
6649,445300
6650,610401
6651,466500
6652,641800
6653,430400
6654,582700
6655,404800
6656,601400
6657,388701
6658,696900
6659,860400
6660,1415599
6661,573800
6662,1004300
6663,398900
6664,651800
6665,505100
6666,622899
6667,439901
6668,660000
6669,565400
6670,992599
6671,635099
6672,494400
6673,644301
6674,498100
6675,606301
6676,524600
6677,732299
6678,415100
6679,615201
6680,838900
6681,508600
6682,762900
6683,539601
6684,886800
6685,536101
6686,630199
6687,421400
6688,600600
6689,454900
6690,666000
6691,438301
6692,612400
6693,432900
6694,701600
6695,518499
6696,765101
6697,553900
6698,593699
6699,462100
6700,640100
6701,485300
6702,606900
6703,404201
6704,575800
6705,450101
6706,621701
6707,458900
6708,782200
6709,1198500
6710,466200
6711,634200
6712,545899
6713,609000
6714,399701
6715,679300
6716,448299
6717,696101
6718,452101
6719,592801
6720,501501
6721,706500
6722,600700
6723,825100
6724,496200
6725,618299
6726,547200
6727,704200
6728,434001
6729,623599
6730,608499
6731,450301
6732,648501
6733,428401
6734,1417300
6735,861100
6736,903500
6737,516800
6738,452800
6739,732200
6740,565299
6741,756101
6742,478200
6743,695700
6744,640500
6745,880800
6746,504100
6747,611100
6748,431400
6749,633600
6750,549500
6751,660701
6752,458900
6753,806900
6754,426499
6755,608499
6756,459600
6757,821800
6758,580501
6759,813200
6760,409700
6761,634000
6762,440399
6763,591400
6764,530899
6765,447100
6766,749700
6767,403900
6768,593600
6769,474099
6770,724400
6771,539700
6772,813901
6773,584401
6774,403100
6775,574000
6776,446300
6777,699600
6778,425000
6779,580899
6780,484400
6781,535900
6782,674900
6783,446000
6784,872100
6785,619000
6786,808199
6787,490000
6788,614599
6789,550001
6790,634299
6791,657700
6792,426800
6793,616501
6794,462900
6795,420300
6796,502600
6797,420900
6798,957700
6799,557700
6800,646201
6801,424601
6802,504399
6803,367900
6804,485200
6805,613599
6806,535199
6807,703400
6808,696200
6809,462400
6810,584101
6811,602999
6812,658100
6813,1105301
6814,496599
6815,644799
6816,269599
6817,644701
6818,542299
6819,464000
6820,543200
6821,410799
6822,454900
6823,689900
6824,482200
6825,795200
6826,577301
6827,447800
6828,612300
6829,525201
6830,411700
6831,652400
6832,414000
6833,575099
6834,419700
6835,722500
6836,631000
6837,627100
6838,890699
6839,503400
6840,660801
6841,422000
6842,736200
6843,523800
6844,603100
6845,437700
6846,670800
6847,392400
6848,409700
6849,707600
6850,521000
6851,916601
6852,501600
6853,619401
6854,397500
6855,989600
6856,450901
6857,610299
6858,541900
6859,714801
6860,423800
6861,450700
6862,517899
6863,636300
6864,755700
6865,913800
6866,744500
6867,388200
6868,606500
6869,437100
6870,649199
6871,497200
6872,677101
6873,484300
6874,597700
6875,369801
6876,431499
6877,964400
6878,547200
6879,829600
6880,385400
6881,571400
6882,497001
6883,653600
6884,450000
6885,424300
6886,624500
6887,427401
6888,652900
6889,439100
6890,982700
6891,365199
6892,769300
6893,858900
6894,472599
6895,326500
6896,515000
6897,542699
6898,492500
6899,628199
6900,541800
6901,619400
6902,617800
6903,750000
6904,475099
6905,590600
6906,534799
6907,703800
6908,627500
6909,421201
6910,636600
6911,514899
6912,407400
6913,618700
6914,449700
6915,690600
6916,774000
6917,707200
6918,486000
6919,610701
6920,454000
6921,601001
6922,414900
6923,593201
6924,446800
6925,669501
6926,471200
6927,626700
6928,451300
6929,796900
6930,644500
6931,856300
6932,418900
6933,653200
6934,382801
6935,696400
6936,403200
6937,577800
6938,426300
6939,614900
6940,432900
6941,758300
6942,463199
6943,643600
6944,811800
6945,779800
6946,504501
6947,639200
6948,382099
6949,385899
6950,626700
6951,538300
6952,611700
6953,645800
6954,463500
6955,626900
6956,437900
6957,724599
6958,1034399
6959,575700
6960,353900
6961,621200
6962,512400
6963,384500
6964,641700
6965,421000
6966,613400
6967,424600
6968,584101
6969,385800
6970,513899
6971,1088100
6972,774400
6973,1049500
6974,470801
6975,376201
6976,621299
6977,681900
6978,473100
6979,627101
6980,421500
6981,416099
6982,735000
6983,707799
6984,945600
6985,372200
6986,598900
6987,457000
6988,699500
6989,501700
6990,574199
6991,439801
6992,616299
6993,443500
6994,579799
6995,473700
6996,752400
6997,663900
6998,768200
6999,445201
7000,483499
7001,621801
7002,581300
7003,645400
7004,509099
7005,447300
7006,716900
7007,465500
7008,425801
7009,776900
7010,661599
7011,665800
7012,452900
7013,754301
7014,431901
7015,585099
7016,480899
7017,652201
7018,571400
7019,416600
7020,640799
7021,457600
7022,789100
7023,1344700
7024,712900
7025,386400
7026,571000
7027,476000
7028,630199
7029,442100
7030,622500
7031,440200
7032,704600
7033,636400
7034,394000
7035,703500
7036,563400
7037,775900
7038,537500
7039,644299
7040,436100
7041,720300
7042,483000
7043,614399
7044,425700
7045,587500
7046,530901
7047,687400
7048,548600
7049,830199
7050,750900
7051,892201
7052,506400
7053,478400
7054,917699
7055,572200
7056,702199
7057,426700
7058,796400
7059,748701
7060,793101
7061,489600
7062,620100
7063,555600
7064,453500
7065,601199
7066,440800
7067,619999
7068,416301
7069,608700
7070,435400
7071,813300
7072,647099
7073,1012799
7074,469600
7075,655601
7076,443100
7077,617301
7078,432600
7079,625100
7080,481700
7081,659700
7082,409100
7083,403200
7084,586900
7085,564201
7086,746000
7087,460800
7088,657200
7089,445801
7090,614199
7091,461900
7092,581700
7093,419899
7094,570201
7095,411299
7096,692700
7097,542800
7098,623600
7099,804800
7100,628600
7101,926199
7102,470299
7103,655100
7104,425800
7105,636699
7106,481500
7107,594900
7108,432400
7109,607000
7110,398499
7111,605100
7112,445500
7113,848999
7114,572401
7115,737300
7116,452200
7117,762699
7118,633601
7119,430100
7120,631100
7121,398200
7122,708501
7123,457800
7124,505399
7125,515800
7126,847301
7127,542301
7128,897899
7129,701499
7130,465800
7131,201801
7132,558900
7133,443400
7134,636500
7135,504400
7136,569300
7137,516100
7138,723200
7139,1184000
7140,276301
7141,718200
7142,367300
7143,610801
7144,426300
7145,690100
7146,472299
7147,649300
7148,434500
7149,491200
7150,744601
7151,424500
7152,743400
7153,582799
7154,1002101
7155,379800
7156,723400
7157,629800
7158,570701
7159,628500
7160,494600
7161,606800
7162,397600
7163,629101
7164,566100
7165,1048800
7166,478401
7167,683001
7168,447400
7169,711900
7170,411600
7171,640000
7172,446500
7173,596800
7174,413100
7175,612700
7176,474499
7177,729800
7178,457600
7179,528700
7180,1222001
7181,393001
7182,678000
7183,360501
7184,699701
7185,493899
7186,579600
7187,402701
7188,574700
7189,416400
7190,611200
7191,500300
7192,764700
7193,556200
7194,646600
7195,638101
7196,616501
7197,521500
7198,485800
7199,517400
7200,446101
7201,623999
7202,499200
7203,571801
7204,445100
7205,454000
7206,941699
7207,720299
7208,883900
7209,584900
7210,411200
7211,495000
7212,643499
7213,423299
7214,646100
7215,554600
7216,669500
7217,800700
7218,725500
7219,620900
7220,507700
7221,792100
7222,424300
7223,685800
7224,619100
7225,469301
7226,695500
7227,562800
7228,639301
7229,602599
7230,790500
7231,558900
7232,829800
7233,560801
7234,694000
7235,459400
7236,687201
7237,555200
7238,642999
7239,451400
7240,591900
7241,440000
7242,593799
7243,789000
7244,486799
7245,632799
7246,579699
7247,622200
7248,461699
7249,690199
7250,708200
7251,422799
7252,648100
7253,503701
7254,789900
7255,630800
7256,935901
7257,576800
7258,753300
7259,470700
7260,588500
7261,516700
7262,788100
7263,474600
7264,585400
7265,417500
7266,532400
7267,777999
7268,551100
7269,1000500
7270,435700
7271,465000
7272,599900
7273,421799
7274,411800
7275,612101
7276,440800
7277,636700
7278,381999
7279,362100
7280,715700
7281,408801
7282,1079700
7283,841100
7284,756801
7285,539399
7286,212000
7287,629101
7288,417800
7289,712700
7290,479500
7291,616500
7292,468200
7293,786699
7294,504700
7295,788700
7296,423800
7297,735100
7298,499401
7299,586599
7300,451699
7301,612700
7302,427600
7303,603400
7304,506400
7305,633401
7306,439000
7307,839100
7308,1372600
7309,955700
7310,404699
7311,618500
7312,436000
7313,591900
7314,575900
7315,759199
7316,458700
7317,585801
7318,435400
7319,563800
7320,523600
7321,767600
7322,446300
7323,594899
7324,450300
7325,730700
7326,604400
7327,597300
7328,712600
7329,505800
7330,597901
7331,430300
7332,916101
7333,690300
7334,918200
7335,476401
7336,633000
7337,608400
7338,498600
7339,598100
7340,471600
7341,598499
7342,426501
7343,654900
7344,620901
7345,450700
7346,792800
7347,580600
7348,732900
7349,410300
7350,708000
7351,515000
7352,419000
7353,619699
7354,460600
7355,425600
7356,618900
7357,401700
7358,384799
7359,754000
7360,760200
7361,806700
7362,678300
7363,706301
7364,218400
7365,672801
7366,484400
7367,400200
7368,624001
7369,417299
7370,430899
7371,662600
7372,508401
7373,1016501
7374,467200
7375,591500
7376,428801
7377,645200
7378,622600
7379,400800
7380,620800
7381,430301
7382,649100
7383,621600
7384,397300
7385,647499
7386,493901
7387,925800
7388,547501
7389,713700
7390,475500
7391,405100
7392,548401
7393,410400
7394,504900
7395,663401
7396,706400
7397,402999
7398,597300
7399,616500
7400,533100
7401,1106800
7402,485200
7403,500499
7404,607600
7405,451499
7406,600199
7407,432900
7408,590201
7409,420901
7410,661400
7411,600600
7412,474500
7413,746700
7414,531300
7415,776200
7416,475200
7417,631999
7418,480001
7419,598500
7420,436600
7421,559000
7422,441000
7423,626999
7424,579199
7425,413700
7426,667400
7427,575100
7428,934900
7429,509900
7430,666300
7431,480000
7432,632100
7433,406001
7434,386600
7435,600100
7436,436000
7437,593400
7438,709399
7439,476200
7440,916900
7441,351600
7442,810200
7443,782200
7444,452300
7445,236400
7446,593299
7447,441500
7448,620600
7449,441900
7450,439101
7451,632300
7452,440800
7453,883199
7454,950600
7455,541700
7456,639500
7457,479700
7458,619800
7459,469699
7460,727200
7461,643300
7462,693600
7463,395900
7464,734899
7465,618900
7466,796300
7467,561000
7468,851600
7469,393599
7470,585100
7471,399300
7472,636101
7473,444099
7474,630800
7475,399699
7476,629200
7477,402900
7478,1061099
7479,849700
7480,506500
7481,392700
7482,621100
7483,326600
7484,589600
7485,456000
7486,678000
7487,503099
7488,742200
7489,546701
7490,452299
7491,640201
7492,663100
7493,881700
7494,485501
7495,613301
7496,457000
7497,752500
7498,404700
7499,683700
7500,700499
7501,429401
7502,365600
7503,609599
7504,378900
7505,370601
7506,737300
7507,690999
7508,989700
7509,509900
7510,807699
7511,466400
7512,618299
7513,418799
7514,618799
7515,432000
7516,621200
7517,442600
7518,634800
7519,633600
7520,773101
7521,957500
7522,437601
7523,641600
7524,297699
7525,702100
7526,505800
7527,613899
7528,410900
7529,741200
7530,677000
7531,833100
7532,919300
7533,414299
7534,708600
7535,477099
7536,602400
7537,413601
7538,707301
7539,640601
7540,476000
7541,613800
7542,424801
7543,449700
7544,744000
7545,660200
7546,843400
7547,469300
7548,403900
7549,730201
7550,409800
7551,402200
7552,636400
7553,747300
7554,387800
7555,657200
7556,479100
7557,849000
7558,757401
7559,1048800
7560,575200
7561,708400
7562,479999
7563,727000
7564,586000
7565,624500
7566,556101
7567,425000
7568,622800
7569,583400
7570,2290400
7571,555800
7572,622800
7573,484300
7574,598400
7575,509201
7576,723600
7577,591401
7578,490799
7579,790400
7580,608799
7581,647300
7582,990500
7583,582600
7584,672000
7585,495000
7586,615500
7587,408501
7588,606301
7589,360000
7590,383800
7591,632600
7592,542801
7593,865700
7594,1287800
7595,274800
7596,713700
7597,459500
7598,650200
7599,489500
7600,476900
7601,709199
7602,471100
7603,791400
7604,714900
7605,529800
7606,619501
7607,482401
7608,786100
7609,440499
7610,634000
7611,465600
7612,667000
7613,580100
7614,475100
7615,670499
7616,787300
7617,1171299
7618,294700
7619,627800
7620,384200
7621,592601
7622,432400
7623,605800
7624,386999
7625,761200
7626,464500
7627,664600
7628,479199
7629,610500
7630,546800
7631,907800
7632,495200
7633,411600
7634,599500
7635,446700
7636,597900
7637,491101
7638,610199
7639,413901
7640,603800
7641,483400
7642,720901
7643,672399
7644,694201
7645,668399
7646,929400
7647,443999
7648,586100
7649,402500
7650,840501
7651,443700
7652,642700
7653,406800
7654,687399
7655,415300
7656,844101
7657,712100
7658,772900
7659,440401
7660,603599
7661,454001
7662,578999
7663,418400
7664,580501
7665,514400
7666,598099
7667,442800
7668,706500
7669,426299
7670,711800
7671,696601
7672,1111700
7673,517800
7674,277199
7675,533100
7676,502800
7677,566600
7678,598501
7679,449001
7680,617400
7681,325000
7682,862100
7683,570200
7684,648300
7685,432900
7686,718100
7687,416900
7688,437200
7689,643799
7690,443900
7691,591201
7692,438800
7693,605600
7694,431100
7695,662299
7696,478701
7697,909000
7698,539799
7699,702300
7700,628501
7701,425200
7702,650000
7703,692400
7704,512200
7705,616900
7706,530400
7707,571100
7708,435100
7709,825000
7710,630700
7711,660401
7712,435700
7713,605900
7714,516200
7715,612700
7716,445600
7717,616000
7718,447000
7719,601901
7720,483600
7721,652900
7722,414600
7723,660400
7724,922601
7725,515500
7726,629900
7727,449500
7728,603200
7729,594600
7730,401100
7731,592601
7732,403199
7733,574100
7734,424601
7735,714100
7736,555000
7737,568600
7738,954401
7739,478200
7740,779600
7741,401200
7742,601799
7743,485100
7744,509100
7745,627999
7746,452700
7747,628600
7748,435500
7749,689601
7750,1076600
7751,848701
7752,863499
7753,378300
7754,748699
7755,457500
7756,622800
7757,468901
7758,596099
7759,410800
7760,644300
7761,469700
7762,802401
7763,442999
7764,663900
7765,611999
7766,721401
7767,431900
7768,687900
7769,421700
7770,689800
7771,496100
7772,697400
7773,872500
7774,852201
7775,758301
7776,514200
7777,642301
7778,455899
7779,453901
7780,655100
7781,413601
7782,457800
7783,585200
7784,400201
7785,611100
7786,432600
7787,687000
7788,1310200
7789,252499
7790,642100
7791,361400
7792,625800
7793,397900
7794,687500
7795,549700
7796,637701
7797,427400
7798,729500
7799,499899
7800,714600
7801,486000
7802,840099
7803,427700
7804,621100
7805,428700
7806,602900
7807,432900
7808,594600
7809,414001
7810,399799
7811,590700
7812,412500
7813,597200
7814,435400
7815,827900
7816,565599
7817,707200
7818,418500
7819,634600
7820,589400
7821,615300
7822,396801
7823,651100
7824,443099
7825,594100
7826,449999
7827,588899
7828,439000
7829,872100
7830,1098000
7831,635400
7832,732800
7833,287701
7834,690900
7835,591501
7836,663900
7837,550701
7838,794300
7839,834399
7840,1115501
7841,540300
7842,620901
7843,599500
7844,596500
7845,460700
7846,613000
7847,412200
7848,588800
7849,507600
7850,681300
7851,486900
7852,764400
7853,559900
7854,789600
7855,608600
7856,767100
7857,464600
7858,666000
7859,428500
7860,652700
7861,451900
7862,614400
7863,444500
7864,676800
7865,575500
7866,1040700
7867,422900
7868,668900
7869,739100
7870,418000
7871,640100
7872,448700
7873,688900
7874,443300
7875,655900
7876,439300
7877,601100
7878,491600
7879,795000
7880,548000
7881,860200
7882,356400
7883,746300
7884,421900
7885,632300
7886,413100
7887,704500
7888,433300
7889,436700
7890,668500
7891,499300
7892,814700
7893,467400
7894,630600
7895,401500
7896,624700
7897,400800
7898,591600
7899,420700
7900,622800
7901,419900
7902,399900
7903,569600
7904,395600
7905,686000
7906,637900
7907,1206000
7908,544900
7909,803200
7910,230700
7911,582400
7912,453200
7913,603200
7914,461300
7915,630000
7916,464100
7917,797200
7918,560100
7919,847100
7920,454800
7921,624400
7922,401100
7923,690500
7924,458700
7925,643500
7926,397300
7927,658400
7928,439200
7929,639000
7930,399200
7931,699900
7932,537300
7933,887900
7934,616100
7935,469200
7936,797600
7937,489400
7938,634900
7939,643400
7940,616800
7941,434300
7942,680100
7943,451300
7944,1010800
7945,612400
7946,612800
7947,419900
7948,614200
7949,500700
7950,614200
7951,415600
7952,580500
7953,453500
7954,612500
7955,454400
7956,690000
7957,511400
7958,687500
7959,861300
7960,823900
7961,524100
7962,593600
7963,516500
7964,679900
7965,490300
7966,785200
7967,433300
7968,635900
7969,546700
7970,818600
7971,579500
7972,753800
7973,586400
7974,721500
7975,467500
7976,573000
7977,511400
7978,586700
7979,441200
7980,460700
7981,723000
7982,447400
7983,637200
7984,567200
7985,858000
7986,586900
7987,675000
7988,308400
7989,823500
7990,446600
7991,604500
7992,513900
7993,616000
7994,436200
7995,713900
7996,511400
7997,828100
7998,456200
7999,739400
8000,440900
8001,610500
8002,447000
8003,594100
8004,478200
8005,622800
8006,614500
8007,412600
8008,592500
8009,500600
8010,1153000
8011,628300
8012,450700
8013,691700
8014,601000
8015,627800
8016,465000
8017,608900
8018,418600
8019,600700
8020,486500
8021,609900
8022,467700
8023,762900
8024,748100
8025,506600
8026,689300
8027,441900
8028,601300
8029,432300
8030,600200
8031,418400
8032,596900
8033,471600
8034,417800
8035,651800
8036,456500
8037,656100
8038,653700
8039,832200
8040,365400
8041,650300
8042,392200
8043,717600
8044,501000
8045,659300
8046,612100
8047,397400
8048,581600
8049,459000
8050,603200
8051,854500
8052,697500
8053,459700
8054,615300
8055,387300
8056,427400
8057,606600
8058,416900
8059,651500
8060,675400
8061,427800
8062,645700
8063,847700
8064,948300
8065,586800
8066,651500
8067,222700
8068,516500
8069,429400
8070,604800
8071,433700
8072,612700
8073,393300
8074,402000
8075,598700
8076,456500
8077,973600
8078,460300
8079,622200
8080,402300
8081,735200
8082,446800
8083,450100
8084,592000
8085,436600
8086,622600
8087,382800
8088,641000
8089,384500
8090,1121900
8091,532700
8092,1225100
8093,577300
8094,639700
8095,620300
8096,419600
8097,657300
8098,545300
8099,611200
8100,416900
8101,576400
8102,628900
8103,809500
8104,530400
8105,704700
8106,453300
8107,635500
8108,397800
8109,637300
8110,514900
8111,584200
8112,466000
8113,629900
8114,513800
8115,619200
8116,512400
8117,892000
8118,527500
8119,628800
8120,442000
8121,606300
8122,428900
8123,412100
8124,628300
8125,398200
8126,582500
8127,400700
8128,387900
8129,623600
8130,466400
8131,789200
8132,655600
8133,627100
8134,531500
8135,713300
8136,413700
8137,563900
8138,414900
8139,679200
8140,389700
8141,353500
8142,864000
8143,522300
8144,1132200
8145,710100
8146,956100
8147,465500
8148,197800
8149,567500
8150,486000
8151,631500
8152,430400
8153,607700
8154,430000
8155,807000
8156,517000
8157,1013700
8158,737500
8159,407800
8160,431800
8161,500200
8162,434900
8163,420000
8164,745300
8165,480700
8166,612100
8167,457600
8168,370200
8169,627300
8170,486200
8171,943700
8172,501400
8173,617000
8174,456400
8175,611300
8176,476400
8177,602700
8178,483900
8179,610400
8180,513000
8181,605400
8182,422100
8183,743200
8184,688100
8185,493400
8186,612700
8187,437500
8188,614000
8189,463700
8190,472400
8191,654800
8192,412900
8193,624000
8194,417000
8195,629400
8196,500800
8197,648300
8198,501200
8199,756200
8200,576900
8201,594600
8202,397000
8203,618000
8204,390500
8205,648700
8206,453200
8207,609400
8208,393100
8209,620800
8210,557300
8211,623300
8212,529900
8213,796900
8214,535400
8215,732600
8216,539200
8217,641000
8218,392900
8219,378100
8220,613000
8221,483600
8222,363800
8223,603500
8224,422000
8225,739500
8226,813900
8227,979600
8228,554900
8229,643500
8230,372800
8231,744800
8232,498100
8233,742900
8234,595900
8235,660400
8236,511900
8237,1024800
8238,614100
8239,682300
8240,496600
8241,644500
8242,474200
8243,704300
8244,446000
8245,722300
8246,437500
8247,409100
8248,571600
8249,445100
8250,748600
8251,790800
8252,915800
8253,458300
8254,620000
8255,410600
8256,444100
8257,626900
8258,553600
8259,640200
8260,464800
8261,741000
8262,405800
8263,799400
8264,383400
8265,563200
8266,671600
8267,474500
8268,631600
8269,440900
8270,587600
8271,445300
8272,648800
8273,464800
8274,621500
8275,468100
8276,597500
8277,488400
8278,730300
8279,986600
8280,399200
8281,620300
8282,421900
8283,604200
8284,404000
8285,620500
8286,434800
8287,417700
8288,621400
8289,462300
8290,819500
8291,587300
8292,771700
8293,539700
8294,704800
8295,459500
8296,619900
8297,443900
8298,467100
8299,592700
8300,473700
8301,690500
8302,471100
8303,683900
8304,567300
8305,1017500
8306,646200
8307,765500
8308,317100
8309,547400
8310,582000
8311,424100
8312,586800
8313,565200
8314,602000
8315,439100
8316,714700
8317,649900
8318,738800
8319,476200
8320,639700
8321,460600
8322,589100
8323,452800
8324,620400
8325,423500
8326,631600
8327,434400
8328,483600
8329,548100
8330,516800
8331,808500
8332,502400
8333,618400
8334,401500
8335,575000
8336,458400
8337,680000
8338,403500
8339,675300
8340,474300
8341,610800
8342,440400
8343,730100
8344,567300
8345,978100
8346,512500
8347,588600
8348,436700
8349,793300
8350,611900
8351,421200
8352,602700
8353,493900
8354,659600
8355,521100
8356,668400
8357,472000
8358,797700
8359,427800
8360,632100
8361,418100
8362,432300
8363,609700
8364,472500
8365,588400
8366,425100
8367,612900
8368,422300
8369,611600
8370,429300
8371,682300
8372,482800
8373,858300
8374,472400
8375,616600
8376,441600
8377,620900
8378,433300
8379,613500
8380,431900
8381,607500
8382,402600
8383,649800
8384,402400
8385,1077600
8386,1083600
8387,817400
8388,239400
8389,722000
8390,523400
8391,744900
8392,419300
8393,678000
8394,447600
8395,618200
8396,532900
8397,964700
8398,484700
8399,633700
8400,544800
8401,637100
8402,477400
8403,388600
8404,694400
8405,435900
8406,593700
8407,523700
8408,632900
8409,548300
8410,585300
8411,813700
8412,761500
8413,628400
8414,737500
8415,485200
8416,716600
8417,479100
8418,679700
8419,421000
8420,617500
8421,515000
8422,727200
8423,679000
8424,746600
8425,498600
8426,730000
8427,488400
8428,435000
8429,623300
8430,450600
8431,621700
8432,471400
8433,740600
8434,527900
8435,770200
8436,549500
8437,912200
8438,499600
8439,641100
8440,528000
8441,647900
8442,391400
8443,603400
8444,403300
8445,415100
8446,613100
8447,445600
8448,567900
8449,534200
8450,598800
8451,930100
8452,557500
8453,635100
8454,523500
8455,676500
8456,616600
8457,409100
8458,724000
8459,473600
8460,823200
8461,646500
8462,927400
8463,657900
8464,623800
8465,582000
8466,201800
8467,599500
8468,430400
8469,634800
8470,438200
8471,411000
8472,637600
8473,445400
8474,925900
8475,793900
8476,870300
8477,468800
