frame,frame_time_ns
1,309323300
2,7097300
3,1871600
4,4413700
5,4167100
6,2674700
7,2370500
8,2681100
9,3221100
10,2478100
11,2610100
12,2431600
13,2764300
14,3083600
15,2040200
16,5176200
17,3077100
18,2968500
19,2502700
20,8044300
21,2994600
22,2370400
23,2137300
24,6896800
25,2782500
26,3128800
27,3795100
28,3990300
29,3327000
30,2485600
31,2323300
32,2148200
33,2175000
34,1797700
35,4615700
36,4575800
37,2183600
38,2317200
39,3104400
40,2022000
41,2016200
42,2947600
43,3096100
44,2966000
45,2863700
46,3166100
47,2677700
48,1670600
49,3089000
50,3462600
51,1963700
52,1950000
53,1999500
54,3136300
55,3086800
56,3349700
57,3227800
58,1801000
59,1950400
60,1708000
61,7665200
62,2258800
63,2635600
64,2168200
65,2825900
66,3146900
67,2838500
68,1792600
69,2271800
70,2116200
71,1648400
72,5057800
73,3504000
74,2922800
75,2496900
76,2819200
77,2183300
78,2455600
79,2105900
80,1730900
81,2183300
82,1655300
83,1355800
84,1301700
85,4395100
86,3337400
87,2021600
88,2980800
89,2623400
90,3462500
91,2610200
92,2579900
93,2370500
94,1800300
95,1659400
96,1823400
97,1590000
98,1476800
99,1414600
100,5017100
101,2016400
102,1887200
103,1974100
104,1720500
105,2134200
106,2624900
107,2480700
108,2667600
109,2156500
110,1699200
111,1364200
112,1861500
113,4473600
114,1698900
115,1539000
116,1523100
117,1854400
118,2499200
119,2023500
120,2345600
121,1702200
122,1540200
123,2232000
124,1800700
125,1307900
126,5694200
127,1854500
128,2774700
129,2610200
130,2809300
131,2416100
132,1876400
133,1555200
134,1819200
135,1497100
136,1434900
137,1628300
138,4582300
139,2827900
140,2620600
141,2167400
142,2452400
143,2406100
144,2648500
145,1676400
146,1599700
147,1667000
148,1593500
149,1281200
150,1823500
151,2832500
152,2687200
153,1890100
154,1981000
155,1846700
156,2672600
157,1744800
158,2305800
159,1743500
160,1584200
161,1413400
162,1205500
163,1405600
164,1970000
165,1489600
166,1377700
167,4105300
168,3323700
169,1633100
170,2721700
171,2449700
172,2734800
173,2251900
174,2153900
175,1915400
176,2332200
177,1761700
178,1696000
179,1911600
180,1735100
181,1390900
182,1427100
183,5469400
184,1827000
185,1923800
186,2799700
187,2560100
188,2563400
189,2788900
190,2193400
191,1744900
192,1775600
193,1963800
194,1850200
195,1548300
196,1343900
197,2969400
198,4530500
199,1730700
200,1614500
201,2227100
202,1881700
203,2049100
204,1665300
205,1857500
206,2098100
207,1750300
208,2775000
209,2336300
210,1585800
211,1539000
212,6169200
213,2339500
214,1972200
215,1761700
216,2656400
217,3110100
218,3359900
219,2829800
220,3024800
221,1843800
222,1683200
223,1797700
224,1767000
225,2066600
226,1655800
227,2422600
228,4327700
229,2553800
230,2190400
231,1910100
232,1540100
233,2343000
234,2337700
235,2382100
236,1800100
237,1793900
238,2310700
239,1909100
240,1645100
241,4358800
242,3587700
243,2275300
244,2135700
245,2274200
246,2512400
247,2354000
248,2137500
249,2029600
250,1991300
251,1880100
252,2224300
253,2317700
254,5110900
255,2591200
256,2019400
257,1955400
258,1873700
259,2452700
260,3135400
261,2202700
262,1799300
263,2137800
264,1729000
265,1423700
266,1334400
267,1823600
268,3295000
269,2001600
270,2163100
271,1685700
272,1596700
273,1369900
274,2565500
275,2267700
276,1923100
277,2303800
278,1806500
279,1833700
280,1889400
281,1379000
282,5199800
283,1510300
284,2120800
285,1872700
286,2084400
287,2467100
288,2080700
289,1824200
290,1896200
291,1670300
292,1593100
293,2001800
294,1528400
295,1395800
296,1283000
297,2975700
298,2527100
299,1433200
300,1884300
301,1857800
302,1604100
303,2346900
304,2277600
305,2482700
306,1772700
307,2056300
308,1718600
309,1551000
310,1927500
311,1431900
312,1919600
313,4837900
314,2572500
315,1672300
316,1831700
317,3032800
318,2373000
319,2222000
320,2079100
321,2313000
322,1539900
323,1921100
324,1603300
325,5346900
326,2968000
327,2101100
328,2627100
329,2697700
330,1659800
331,2492000
332,2444700
333,1888100
334,2347400
335,1925200
336,1396200
337,1888700
338,5435400
339,1621600
340,2019300
341,1974100
342,1856700
343,2669800
344,3031400
345,2794600
346,2550000
347,1492300
348,1997200
349,2021300
350,2545500
351,2246600
352,4650700
353,2474900
354,1888100
355,2623000
356,2179700
357,1999000
358,3095100
359,1805000
360,1353700
361,1583100
362,1344200
363,1373800
364,1029900
365,2182700
366,4377100
367,1309100
368,1568600
369,1750700
370,2241000
371,2784900
372,2451500
373,1577500
374,1418100
375,1254200
376,1314700
377,2670300
378,4275700
379,1280700
380,1529500
381,1697600
382,2028000
383,1941900
384,2514600
385,2277700
386,2366100
387,1510100
388,1394500
389,1644500
390,1551300
391,1546700
392,1231800
393,3302000
394,2456100
395,1412600
396,1561000
397,1431400
398,1403100
399,1891800
400,1772100
401,1898700
402,1751600
403,1372800
404,1479200
405,1325900
406,1338600
407,4341000
408,1513800
409,1829900
410,1528000
411,1805000
412,1648700
413,1809100
414,2288300
415,1739900
416,1435500
417,1575000
418,1162100
419,1143600
420,1759900
421,4723900
422,1852100
423,1946400
424,1547300
425,2813500
426,2599900
427,1981000
428,1696600
429,1311500
430,1381600
431,1313200
432,1235800
433,1154500
434,1043400
435,1053500
436,3153200
437,2470900
438,1483100
439,1215300
440,1536200
441,1380300
442,1972300
443,2146700
444,2198900
445,1624800
446,1602800
447,1589600
448,1197000
449,2856100
450,3490100
451,1233400
452,2238900
453,1501700
454,1562300
455,1881900
456,2483900
457,1831900
458,1876000
459,1796100
460,1427400
461,1479500
462,1186900
463,2404300
464,2903700
465,1547300
466,1694400
467,1460200
468,1407700
469,1879000
470,2236300
471,2039600
472,1472900
473,1364300
474,1448900
475,1727000
476,1170000
477,1420300
478,3853300
479,1222100
480,1639200
481,1580500
482,2139400
483,1866300
484,1724600
485,1525200
486,1304600
487,1318300
488,1130800
489,1140700
490,924200
491,2155300
492,3186500
493,1395000
494,1337000
495,1256100
496,1523900
497,2634000
498,2167200
499,1739200
500,1436900
501,1431400
502,1128800
503,1118100
504,1078200
505,3240800
506,3633700
507,1239500
508,1780800
509,1438600
510,1704600
511,1939400
512,2525300
513,1505300
514,1249200
515,1403100
516,1231600
517,1095900
518,1072200
519,942300
520,2243600
521,2911400
522,1543000
523,1415900
524,2469300
525,1679400
526,2384200
527,1664700
528,2016300
529,1578600
530,1390000
531,1768200
532,1168500
533,1024100
534,3701200
535,1324300
536,1541900
537,1323800
538,1367600
539,2153400
540,1627700
541,1609900
542,1510800
543,1249200
544,1351500
545,1458500
546,1182500
547,2838500
548,2892900
549,1388600
550,1032700
551,1076900
552,1699600
553,1727300
554,1764600
555,2084800
556,2621600
557,1546400
558,1504000
559,1286700
560,1135900
561,1103000
562,1593800
563,3068300
564,1703200
565,1576300
566,1200500
567,1439000
568,1980200
569,2732400
570,2130400
571,1525500
572,1638200
573,1365600
574,1246100
575,1016000
576,1439100
577,3338300
578,1486200
579,1619300
580,1405400
581,1500800
582,1778000
583,1400100
584,1549400
585,2248800
586,1333800
587,1171800
588,1739300
589,1411300
590,1140200
591,1211600
592,1954600
593,3346000
594,1211600
595,1289900
596,1552500
597,2090900
598,2224400
599,1871900
600,1511300
601,1293900
602,1348200
603,1501600
604,1409900
605,1252000
606,1159900
607,3389800
608,2957300
609,1531900
610,1512600
611,1723100
612,1821300
613,2410200
614,1823100
615,1398800
616,1321300
617,1013600
618,1057100
619,1207900
620,1232100
621,1078000
622,1402600
623,1037100
624,3914600
625,2248700
626,1005000
627,1524600
628,1916600
629,1677300
630,2385900
631,2768600
632,1878600
633,1544700
634,1408100
635,1474000
636,1314100
637,1116900
638,2562300
639,3451400
640,1250900
641,1565100
642,1846100
643,1659800
644,1784600
645,1344900
646,1695200
647,2104600
648,1432300
649,1531600
650,1119400
651,4100700
652,2380600
653,1569800
654,1437500
655,1467200
656,1988400
657,2523400
658,1912900
659,1616500
660,1451900
661,1446000
662,1105000
663,958600
664,2372200
665,3568800
666,1304800
667,1973100
668,1675100
669,1431000
670,2604700
671,2120300
672,1793400
673,1705500
674,2029700
675,1401300
676,1073300
677,1068900
678,1639700
679,3854300
680,1189800
681,1667400
682,1482800
683,1404100
684,2047800
685,2329600
686,2334900
687,1490600
688,1295600
689,1266500
690,1138200
691,1082000
692,1316600
693,983200
694,1946400
695,3106000
696,1444900
697,1054700
698,1476900
699,1724700
700,1584100
701,2389300
702,2623500
703,1672000
704,1340400
705,1311900
706,1212000
707,1374700
708,2859000
709,2210800
710,1251300
711,1400400
712,1211100
713,1235200
714,1082000
715,1679000
716,1506400
717,1939100
718,2484600
719,1803600
720,2476600
721,1544800
722,1319300
723,3287900
724,2493600
725,1805300
726,2110900
727,1598200
728,7250200
729,2225400
730,1712400
731,1511700
732,1582900
733,1099200
734,978600
735,912900
736,1160200
737,4081000
738,1719900
739,1200000
740,1183600
741,1549000
742,1858700
743,2099900
744,2254000
745,1571800
746,2210700
747,1439500
748,968700
749,943500
750,1530300
751,3313500
752,1474000
753,1096700
754,1224700
755,1559000
756,1583800
757,1648600
758,2305700
759,1822100
760,1678000
761,1400800
762,1291600
763,1101600
764,937600
765,3856000
766,2361400
767,1533700
768,1603300
769,1288500
770,1558700
771,1754300
772,1959100
773,1543400
774,1445800
775,1685000
776,1220600
777,1352400
778,1221000
779,1171700
780,1071900
781,3244700
782,2624900
783,1219000
784,1524400
785,1924400
786,2059000
787,1498800
788,2063600
789,1724900
790,2056400
791,1364800
792,1330200
793,1195000
794,1690700
795,1259800
796,1111600
797,3780300
798,2307500
799,1498100
800,1538800
801,1383400
802,1892900
803,1705400
804,1509200
805,1494500
806,1362600
807,1621600
808,1116200
809,986000
810,992500
811,1763500
812,2840800
813,1744100
814,1125500
815,1915400
816,1357900
817,1593600
818,1585100
819,2019800
820,1714400
821,1460400
822,1805200
823,1261700
824,1299700
825,997500
826,972200
827,1511300
828,4040900
829,1061400
830,1377200
831,1642700
832,1289700
833,1495700
834,1722600
835,1776000
836,2163400
837,1394500
838,1289500
839,1459100
840,1172700
841,1897100
842,3695800
843,2073500
844,1626600
845,1661500
846,1646000
847,2249700
848,1793700
849,1670400
850,2068500
851,1345200
852,1453400
853,1345400
854,1488100
855,1183800
856,1296800
857,1109700
858,1645200
859,3288800
860,1552300
861,1615900
862,1573000
863,2827800
864,2438500
865,2090700
866,1909900
867,1653300
868,1199700
869,1121500
870,1404000
871,1775800
872,1629200
873,1202800
874,1472700
875,3089400
876,2098900
877,1109400
878,1491100
879,1575200
880,1538300
881,2169300
882,1951200
883,2255200
884,1565700
885,1499200
886,1084200
887,1100900
888,1322100
889,2939200
890,2403400
891,1759100
892,1544200
893,1361100
894,1900100
895,1867300
896,2122500
897,1993500
898,1604200
899,1355400
900,1197900
901,975600
902,1423700
903,2568600
904,2270100
905,1186100
906,1489500
907,1950600
908,1238800
909,1227800
910,1565000
911,1745100
912,2320800
913,1504100
914,1425200
915,1551400
916,1355800
917,1474000
918,1287200
919,3467300
920,1941600
921,1213000
922,1900400
923,1546300
924,1548900
925,2555400
926,1806300
927,1700100
928,1441600
929,1781700
930,1382200
931,1109700
932,927300
933,3185000
934,2210300
935,1373800
936,1578000
937,1404700
938,1656100
939,1725800
940,1517800
941,1959400
942,1709000
943,1328800
944,1513100
945,1409300
946,1237400
947,3802500
948,2451200
949,1406400
950,1362000
951,1816200
952,1477200
953,2257000
954,1888100
955,1681500
956,1307700
957,1420800
958,1336000
959,1295600
960,1140900
961,948900
962,1343100
963,2614200
964,2312400
965,1331500
966,1264600
967,1389400
968,1169100
969,1584400
970,1778400
971,1994000
972,1833300
973,1497400
974,1289600
975,1249300
976,1066100
977,1482500
978,3642200
979,1349300
980,1673100
981,1227600
982,1698800
983,1227400
984,1262000
985,2321000
986,2052200
987,1981000
988,1360900
989,2567300
990,1373000
991,1288100
992,1235700
993,3303900
994,1639300
995,1238500
996,1656900
997,1638700
998,1688600
999,2388300
1000,2130400
1001,1512200
1002,1677200
1003,1262000
1004,1115300
1005,1195100
1006,1016400
1007,2128500
1008,3999900
1009,1204900
1010,1158200
1011,1715800
1012,1195400
1013,2109400
1014,1568600
1015,1501600
1016,1734900
1017,1564500
1018,1438600
1019,1255500
1020,1109900
1021,1039700
1022,5216700
1023,1571900
1024,1624800
1025,2273800
1026,2111000
1027,1626900
1028,2437700
1029,2133600
1030,1544100
1031,1485100
1032,1354200
1033,1323000
1034,3673900
1035,2432000
1036,1129600
1037,1603600
1038,1618400
1039,1346600
1040,1713200
1041,1741600
1042,2351100
1043,1964000
1044,2003200
1045,1497400
1046,1464100
1047,1761400
1048,1075800
1049,1634200
1050,4473200
1051,1175200
1052,1954300
1053,1230800
1054,1253900
1055,1212000
1056,1606700
1057,2042600
1058,1796100
1059,2038500
1060,1681900
1061,1490800
1062,1564500
1063,1098200
1064,1056600
1065,2675500
1066,3596400
1067,1698700
1068,1495000
1069,1520900
1070,1838100
1071,1604700
1072,1842400
1073,1863200
1074,1928000
1075,1335300
1076,1077500
1077,1170000
1078,1093400
1079,1659800
1080,3259800
1081,1834200
1082,1457600
1083,1214400
1084,1483100
1085,1322900
1086,2533800
1087,1825800
1088,1915400
1089,1376100
1090,1211300
1091,1081300
1092,1086800
1093,1214800
1094,1203300
1095,1110900
1096,1279600
1097,3067300
1098,2832200
1099,1172900
1100,1417600
1101,1463600
1102,1651600
1103,1832300
1104,1827700
1105,1900600
1106,1725000
1107,1606800
1108,1276100
1109,1390800
1110,1150900
1111,1732100
1112,3330800
1113,1817100
1114,1240400
1115,1492000
1116,1507400
1117,1397200
1118,1639600
1119,2020700
1120,1886900
1121,2132200
1122,2176400
1123,1683300
1124,1374200
1125,1379500
1126,3186100
1127,3756500
1128,1566200
1129,1580300
1130,1655200
1131,2126700
1132,2554600
1133,2423600
1134,1907500
1135,1206200
1136,1342900
1137,1269300
1138,1435300
1139,1524300
1140,2980300
1141,2107100
1142,996100
1143,2011500
1144,1773500
1145,1734500
1146,1761900
1147,1823300
1148,1318200
1149,1318400
1150,1131500
1151,2470600
1152,3004200
1153,1344200
1154,1454500
1155,1435100
1156,1918300
1157,2085000
1158,1693000
1159,1737000
1160,1512900
1161,1319900
1162,1185000
1163,1112100
1164,1394200
1165,1309500
1166,1076700
1167,1080500
1168,1011300
1169,906300
1170,4007300
1171,2437700
1172,1093400
1173,1183200
1174,1684200
1175,1524500
1176,1720000
1177,1591600
1178,1700500
1179,1969900
1180,1405200
1181,1517400
1182,1502700
1183,1232500
1184,1769200
1185,3244400
1186,1973800
1187,1426800
1188,1451000
1189,2013200
1190,1769400
1191,1535200
1192,2165100
1193,1507300
1194,1231000
1195,1234200
1196,961200
1197,1698900
1198,1275600
1199,1276800
1200,1185500
1201,1050300
1202,3214400
1203,1598300
1204,1692000
1205,1314900
1206,1655900
1207,2064500
1208,2155300
1209,1600900
1210,1657800
1211,1561500
1212,1532100
1213,1172100
1214,1205800
1215,1113000
1216,3231900
1217,3212100
1218,1222500
1219,1842800
1220,1675600
1221,2012600
1222,1665400
1223,2103500
1224,1713100
1225,1382400
1226,1194300
1227,1051600
1228,1091100
1229,1251000
1230,1343400
1231,1144500
1232,1033500
1233,992100
1234,1204200
1235,3270700
1236,2028300
1237,1083600
1238,1341600
1239,1611500
1240,1330700
1241,1752200
1242,1894400
1243,1771100
1244,1378500
1245,1113600
1246,1665900
1247,1646800
1248,1299800
1249,1127900
1250,1000500
1251,3613100
1252,2025100
1253,1198400
1254,1682000
1255,1851900
1256,2013700
1257,1946300
1258,2107000
1259,1829800
1260,1491000
1261,1852400
1262,1220000
1263,1269000
1264,1175400
1265,2558000
1266,3489600
1267,1951600
1268,1681900
1269,1665800
1270,2553900
1271,1793000
1272,2206100
1273,1784600
1274,1342200
1275,1662800
1276,1421500
1277,1120900
1278,5469300
1279,1649500
1280,1356000
1281,1900500
1282,2218000
1283,1709100
1284,1858000
1285,1576800
1286,1679700
1287,1404600
1288,1175000
1289,1036100
1290,1973600
1291,3530500
1292,1201700
1293,2170200
1294,2066400
1295,2250100
1296,2283600
1297,1729200
1298,1323600
1299,1343500
1300,1524800
1301,1217400
1302,1372100
1303,974300
1304,2038800
1305,3261800
1306,1265800
1307,996400
1308,1277900
1309,1521000
1310,1502700
1311,1821900
1312,1491800
1313,2225200
1314,1733500
1315,1470900
1316,1651400
1317,1437800
1318,1235700
1319,1002800
1320,3081800
1321,2876700
1322,1246100
1323,1431100
1324,1297700
1325,1151800
1326,2205500
1327,1803500
1328,1738100
1329,1704900
1330,1379400
1331,1433800
1332,1261400
1333,1355100
1334,1111500
1335,1113600
1336,1131500
1337,1892600
1338,2985300
1339,1249100
1340,1794400
1341,1322700
1342,1329800
1343,1908000
1344,1533500
1345,1693400
1346,1896700
1347,1565000
1348,1377400
1349,1411000
1350,1239400
1351,1042500
1352,1025900
1353,993200
1354,2752300
1355,3015300
1356,1473700
1357,1763199
1358,1270899
1359,2106200
1360,2241500
1361,2054701
1362,1523100
1363,1371899
1364,1990699
1365,2194599
1366,5021500
1367,1451800
1368,1809701
1369,2232100
1370,1799999
1371,1838799
1372,1902700
1373,2302899
1374,1348600
1375,1374999
1376,1394300
1377,1040201
1378,3123800
1379,2547699
1380,1261599
1381,1540700
1382,1297100
1383,1242601
1384,1850100
1385,1861000
1386,2487700
1387,1408200
1388,1161400
1389,1073501
1390,1207301
1391,936900
1392,1070501
1393,980200
1394,911300
1395,3894301
1396,1351801
1397,1466401
1398,1716100
1399,1570099
1400,1689900
1401,2340900
1402,2354601
1403,1427499
1404,1255501
1405,1641900
1406,1177000
1407,986400
1408,1155299
1409,1270999
1410,3180700
1411,1563601
1412,1449400
1413,1487200
1414,1600900
1415,1825700
1416,2031000
1417,1878600
1418,1786100
1419,1428099
1420,1427901
1421,1111899
1422,1121900
1423,919400
1424,3926801
1425,2884700
1426,1644900
1427,1576901
1428,1313699
1429,1962100
1430,2324200
1431,1948800
1432,1870600
1433,1786600
1434,1353200
1435,1084299
1436,989600
1437,2247001
1438,2639600
1439,1331499
1440,1059100
1441,1459801
1442,1275800
1443,1652900
1444,2210500
1445,1620899
1446,1949600
1447,1757500
1448,1486300
1449,1875000
1450,1544501
1451,1275300
1452,5447100
1453,1335101
1454,1654800
1455,2003000
1456,1479900
1457,2060600
1458,2068400
1459,1665001
1460,1812001
1461,1426301
1462,1344200
1463,1253100
1464,1186600
1465,1153101
1466,2459400
1467,2117299
1468,1811099
1469,1018200
1470,1518300
1471,1521099
1472,1633800
1473,1682599
1474,1440300
1475,1749001
1476,1456800
1477,1408499
1478,1336501
1479,1071499
1480,1216400
1481,1305901
1482,4538400
1483,1345999
1484,1953300
1485,1505301
1486,1209000
1487,1902301
1488,2128000
1489,2159100
1490,1744700
1491,1756599
1492,1204699
1493,982399
1494,1567100
1495,1166100
1496,1028600
1497,1056999
1498,1085000
1499,3057099
1500,2552900
1501,1353099
1502,1558500
1503,1448000
1504,1258199
1505,1965100
1506,2812701
1507,1763600
1508,1646600
1509,1293100
1510,1248899
1511,1252301
1512,1043599
1513,1577200
1514,4703299
1515,1188600
1516,1513300
1517,1490000
1518,1515900
1519,1721700
1520,2207100
1521,1963900
1522,1653999
1523,1867200
1524,1576300
1525,1798700
1526,3263099
1527,1719801
1528,2367600
1529,1489800
1530,7637200
1531,3170700
1532,1564100
1533,1489899
1534,1634799
1535,1521200
1536,1644200
1537,1549399
1538,3613900
1539,3195399
1540,1228101
1541,1467800
1542,1544800
1543,2287200
1544,1987900
1545,2087000
1546,1622601
1547,1729200
1548,1713300
1549,1497000
1550,1675700
1551,1547799
1552,4641199
1553,2867901
1554,2057000
1555,1512100
1556,1810900
1557,2803400
1558,1808599
1559,1968300
1560,1630500
1561,2211599
1562,2174301
1563,1651400
1564,1694100
1565,1235900
1566,1224600
1567,1255900
1568,2900200
1569,4023200
1570,1805601
1571,1945100
1572,1834600
1573,2973999
1574,2260301
1575,2203500
1576,1637300
1577,2267001
1578,1367401
1579,1320600
1580,1238400
1581,1956500
1582,3334801
1583,2278601
1584,1662299
1585,1735300
1586,1696800
1587,2399000
1588,2672600
1589,3011000
1590,3058900
1591,2310399
1592,5077101
1593,2378300
1594,2263000
1595,2441100
1596,2148800
1597,2410300
1598,2390900
1599,2383200
1600,2167200
1601,2233000
1602,2142600
1603,1366300
1604,1087101
1605,2695601
1606,3604500
1607,1771401
1608,2312599
1609,1740000
1610,1384400
1611,2173100
1612,1710500
1613,2056699
1614,2488800
1615,1842999
1616,1684801
1617,1190001
1618,1276000
1619,3231700
1620,2239700
1621,1147500
1622,1551699
1623,1519700
1624,1255500
1625,1716300
1626,1527400
1627,2085199
1628,1712499
1629,1336499
1630,1244400
1631,1111800
1632,1231999
1633,1557401
1634,1204100
1635,977600
1636,4157901
1637,2015200
1638,1329400
1639,1451901
1640,1641500
1641,1659200
1642,1692300
1643,1995100
1644,1350799
1645,1418801
1646,1039600
1647,1066600
1648,1141600
1649,2762600
1650,2456200
1651,1149200
1652,1075900
1653,1715300
1654,1339500
1655,1628300
1656,1875700
1657,1866500
1658,1858200
1659,1419700
1660,1323999
1661,1103500
1662,1171800
1663,3371101
1664,3102300
1665,2125400
1666,2184101
1667,2384400
1668,2194700
1669,1957800
1670,2291500
1671,2170699
1672,1727101
1673,1264700
1674,1369001
1675,1781900
1676,2065000
1677,4225200
1678,1683899
1679,1837200
1680,1606000
1681,1469600
1682,2606100
1683,2273000
1684,1523500
1685,1372800
1686,1720700
1687,1165400
1688,1436601
1689,1655800
1690,5381500
1691,1438200
1692,2135200
1693,2186900
1694,2531601
1695,2322299
1696,1515500
1697,1604400
1698,1855100
1699,1255201
1700,1772401
1701,5543000
1702,1289900
1703,1507100
1704,2176499
1705,1849701
1706,2113000
1707,1832100
1708,2209800
1709,1515099
1710,1415200
1711,1577099
1712,1220300
1713,1250900
1714,1007599
1715,1183000
1716,4092100
1717,1477200
1718,1536100
1719,1175300
1720,1545299
1721,1778600
1722,1898700
1723,2442600
1724,1692399
1725,1338000
1726,1551700
1727,1154900
1728,1149700
1729,1090800
1730,3263199
1731,2972000
1732,1417000
1733,1110800
1734,1292501
1735,1634900
1736,1953099
1737,1752000
1738,1804399
1739,1328401
1740,1621899
1741,1449001
1742,1127099
1743,1360001
1744,1151500
1745,3401900
1746,2037100
1747,1468400
1748,1481301
1749,1938100
1750,1686400
1751,1454500
1752,1811000
1753,1221899
1754,1595900
1755,1101400
1756,1255400
1757,978599
1758,928199
1759,1183200
1760,3704200
1761,2254400
1762,1319200
1763,1562299
1764,1426999
1765,2277500
1766,2194200
1767,1451799
1768,1391599
1769,1526100
1770,1193600
1771,1290900
1772,1281701
1773,3526600
1774,3263901
1775,1887800
1776,1747500
1777,1796000
1778,1651300
1779,1775400
1780,2046500
1781,2123400
1782,1740400
1783,1447900
1784,1127200
1785,1217501
1786,1353500
1787,1926999
1788,1317900
1789,1046800
1790,1427799
1791,2761999
1792,2532900
1793,1161700
1794,1412399
1795,1481000
1796,1944099
1797,1707900
1798,1681999
1799,2008500
1800,2413400
1801,1323400
1802,1144100
1803,1370800
1804,1173400
1805,1204900
1806,988901
1807,1727500
1808,3078800
1809,1548500
1810,1130400
1811,1437300
1812,1326899
1813,1431500
1814,2279000
1815,2357400
1816,2157500
1817,2143000
1818,1960000
1819,1343401
1820,1301400
1821,1074701
1822,3615400
1823,2751700
1824,1557201
1825,1549800
1826,1305199
1827,1185401
1828,1284700
1829,1171200
1830,1226101
1831,1627200
1832,1586599
1833,1811099
1834,1981301
1835,1248601
1836,1859800
1837,2255400
1838,3926100
1839,1280899
1840,1287300
1841,1415300
1842,2566900
1843,1801900
1844,1915000
1845,2037800
1846,2014300
1847,1601500
1848,1481599
1849,1646299
1850,1188100
1851,1247400
1852,1453600
1853,3753200
1854,1752599
1855,1424800
1856,1694601
1857,1525000
1858,1912100
1859,2045800
1860,2205000
1861,1527900
1862,1315100
1863,1239999
1864,1292901
1865,5213701
1866,1707301
1867,1602201
1868,1662699
1869,1610000
1870,1914901
1871,2239400
1872,1821700
1873,1797900
1874,1402200
1875,1283999
1876,1306200
1877,1221899
1878,4081200
1879,1535900
1880,1019601
1881,1753100
1882,1455300
1883,1683600
1884,2256399
1885,2184000
1886,2231300
1887,1582401
1888,1279099
1889,1148600
1890,1061400
1891,1093900
1892,1445701
1893,1261099
1894,2040700
1895,1978500
1896,3589499
1897,2375100
1898,1256100
1899,1407600
1900,1887500
1901,1773700
1902,2038700
1903,1710599
1904,2455300
1905,2513001
1906,1666901
1907,1856499
1908,1320799
1909,1148300
1910,1041301
1911,1687900
1912,4015800
1913,1471500
1914,1566500
1915,2649301
1916,2344699
1917,2556300
1918,1880700
1919,1620800
1920,1740099
1921,1238601
1922,1102001
1923,1100400
1924,1115000
1925,3246500
1926,2224500
1927,1219900
1928,1442700
1929,1713199
1930,1471000
1931,2492799
1932,2265001
1933,1688199
1934,1400401
1935,1813600
1936,1602100
1937,1312299
1938,1437000
1939,3676299
1940,3310501
1941,1514700
1942,2386900
1943,1751101
1944,1462399
1945,1818900
1946,2369200
1947,2215800
1948,2382900
1949,1613300
1950,1723100
1951,1335499
1952,1401500
1953,1029100
1954,1054500
1955,5010900
1956,1464600
1957,2467701
1958,2186500
1959,2321900
1960,2234700
1961,2536800
1962,2131900
1963,1453400
1964,2007201
1965,2079300
1966,1295100
1967,2518200
1968,4007900
1969,1970800
1970,1880000
1971,2427401
1972,2187200
1973,2112200
1974,1949999
1975,2022800
1976,1761301
1977,2151700
1978,1608600
1979,1488800
1980,1715200
1981,3468599
1982,2202900
1983,1331700
1984,1340800
1985,1512800
1986,1937801
1987,1980200
1988,2125400
1989,1996700
1990,1946899
1991,1855701
1992,1259999
1993,1195599
1994,955400
1995,2356200
1996,4567100
1997,1733901
1998,1928701
1999,1634100
2000,2026900
2001,2249300
2002,1949599
2003,1421699
2004,1463000
2005,1603000
2006,1256400
2007,1342299
2008,6274001
2009,1487101
2010,1317599
2011,1585200
2012,2415799
2013,1804899
2014,1973199
2015,2001800
2016,1533700
2017,1374099
2018,1241800
2019,1330800
2020,1743600
2021,1260200
2022,1141001
2023,961900
2024,1140900
2025,3367200
2026,1903500
2027,1574800
2028,1658499
2029,1329101
2030,1782600
2031,2344999
2032,1829800
2033,1411200
2034,1204400
2035,1236300
2036,1334800
2037,1285200
2038,1222400
2039,1221301
2040,1548300
2041,3039301
2042,1901800
2043,1078800
2044,1566099
2045,1351400
2046,1263100
2047,1651501
2048,2362999
2049,1767900
2050,1710000
2051,1354900
2052,1304599
2053,1228000
2054,1065700
2055,2656099
2056,2769500
2057,1297000
2058,1066800
2059,1625899
2060,1513500
2061,1420900
2062,2340700
2063,2008000
2064,2399801
2065,1420501
2066,1267001
2067,1133801
2068,873700
2069,2932400
2070,2282100
2071,1294000
2072,1536899
2073,1897200
2074,1713200
2075,2435600
2076,1970201
2077,2033400
2078,1475499
2079,1563700
2080,1789500
2081,1291999
2082,996399
2083,2704200
2084,3521100
2085,1213200
2086,1285700
2087,1123800
2088,1676899
2089,1691200
2090,1769900
2091,2082300
2092,1887800
2093,1365199
2094,1183700
2095,1158300
2096,1045300
2097,2883801
2098,2268000
2099,1319001
2100,1585100
2101,1426600
2102,1936600
2103,2576901
2104,2185499
2105,1920200
2106,1994500
2107,1576101
2108,1200400
2109,1225101
2110,1286299
2111,1051500
2112,3230100
2113,2823300
2114,1316600
2115,1489600
2116,1666601
2117,2247600
2118,2195799
2119,2362300
2120,1730501
2121,1860100
2122,1245501
2123,1059101
2124,952500
2125,1000000
2126,1305701
2127,1344200
2128,1310800
2129,1110000
2130,1410001
2131,3128300
2132,2981000
2133,1500500
2134,1458000
2135,1554901
2136,2199700
2137,1369801
2138,2295301
2139,2129101
2140,1765401
2141,1535199
2142,1453701
2143,1301700
2144,1239000
2145,1407599
2146,2843301
2147,1615200
2148,1280400
2149,1489700
2150,1383000
2151,2196499
2152,1812600
2153,2176599
2154,1522000
2155,1517100
2156,1747200
2157,1329200
2158,1326500
2159,1426300
2160,1162800
2161,3432601
2162,2923600
2163,1344199
2164,1484700
2165,1305400
2166,1593299
2167,2213499
2168,1793000
2169,1978000
2170,1666601
2171,1802601
2172,1564500
2173,1173300
2174,1602401
2175,1614199
2176,5107600
2177,1670300
2178,1978899
2179,1600800
2180,2063299
2181,2018400
2182,1712800
2183,1872401
2184,2982500
2185,1469600
2186,1302200
2187,1395000
2188,2504199
2189,3801701
2190,1787000
2191,1553800
2192,1677200
2193,1942700
2194,1688800
2195,1981901
2196,2010700
2197,1546900
2198,1552800
2199,2021999
2200,2027200
2201,1593200
2202,1280300
2203,1117101
2204,1186100
2205,3112000
2206,2451400
2207,1304800
2208,1031100
2209,1778400
2210,1437801
2211,1351800
2212,1882000
2213,1427900
2214,2013399
2215,2179900
2216,1659001
2217,1291700
2218,1173600
2219,1180499
2220,1268800
2221,2911299
2222,2029900
2223,1166401
2224,1406200
2225,1252100
2226,1141300
2227,1607000
2228,1991300
2229,1705500
2230,2257300
2231,1538600
2232,1277001
2233,1032499
2234,1013899
2235,893199
2236,3279400
2237,1488699
2238,960800
2239,1460601
2240,1589800
2241,1314600
2242,1787901
2243,2103101
2244,1939501
2245,1667401
2246,1283200
2247,1597499
2248,1380200
2249,1090500
2250,1070101
2251,3313600
2252,3290899
2253,1581901
2254,1316600
2255,1175701
2256,2168001
2257,2026901
2258,1716601
2259,2238899
2260,1154500
2261,994600
2262,943600
2263,953900
2264,1427300
2265,1136599
2266,1211999
2267,1017900
2268,1047600
2269,3107500
2270,3242800
2271,1982900
2272,1875700
2273,1683000
2274,1819300
2275,1876000
2276,1703900
2277,2258200
2278,1943200
2279,1337800
2280,1103000
2281,985401
2282,979500
2283,1498001
2284,1456200
2285,1427200
2286,1234999
2287,1165199
2288,1144500
2289,3063100
2290,2544400
2291,1280800
2292,1685499
2293,1925200
2294,1579701
2295,1978600
2296,1441899
2297,1789301
2298,1849799
2299,1560900
2300,1526701
2301,1185499
2302,1088100
2303,1119701
2304,3124300
2305,2829700
2306,1085101
2307,1788901
2308,1733600
2309,2194400
2310,1727401
2311,1863200
2312,1492500
2313,2319999
2314,1543700
2315,1582700
2316,1313600
2317,1262799
2318,1044299
2319,2195899
2320,3505300
2321,1251400
2322,1507000
2323,1500600
2324,1405901
2325,1686201
2326,1519000
2327,1711399
2328,1667701
2329,3793600
2330,1409100
2331,1108600
2332,1243699
2333,1111601
2334,1126800
2335,3154299
2336,2522300
2337,1600600
2338,1261700
2339,1279499
2340,1966201
2341,1809500
2342,1798700
2343,1883300
2344,1627400
2345,1564601
2346,1166499
2347,1299500
2348,1145400
2349,4270299
2350,2426900
2351,1771300
2352,1514200
2353,1125800
2354,1552000
2355,1730499
2356,1654101
2357,1685400
2358,1397601
2359,1182599
2360,1518101
2361,1550499
2362,1044400
2363,945700
2364,2642101
2365,2766000
2366,1157899
2367,1176900
2368,1383100
2369,1369001
2370,1777701
2371,1769600
2372,2244200
2373,2391501
2374,1670499
2375,1380700
2376,1237200
2377,1024899
2378,1170199
2379,1707700
2380,3246800
2381,1660900
2382,1402399
2383,1520500
2384,1542500
2385,1713099
2386,1830199
2387,1866100
2388,2202500
2389,1496400
2390,1376500
2391,1078500
2392,1079401
2393,946400
2394,2500700
2395,2021300
2396,1477400
2397,1065700
2398,2012300
2399,1491201
2400,1923701
2401,2112900
2402,2194600
2403,1532600
2404,1681199
2405,1723500
2406,1281699
2407,1109900
2408,896100
2409,1772000
2410,3148499
2411,1470999
2412,1269200
2413,1323100
2414,1720200
2415,1628900
2416,1933701
2417,1793300
2418,1856100
2419,1254601
2420,1345600
2421,1212200
2422,1044700
2423,1568300
2424,4663100
2425,1443200
2426,1230701
2427,1386001
2428,1410899
2429,1724500
2430,1923800
2431,1821499
2432,1340800
2433,1440300
2434,1237600
2435,1138100
2436,919499
2437,2208700
2438,3517799
2439,1383100
2440,1059200
2441,1547900
2442,1659600
2443,1554800
2444,1575099
2445,1665101
2446,1463399
2447,1632500
2448,1347000
2449,1294800
2450,1278599
2451,1083000
2452,1025600
2453,965900
2454,931899
2455,2201700
2456,2234300
2457,982100
2458,1842200
2459,1292300
2460,1283000
2461,1823099
2462,2096400
2463,2241200
2464,1431500
2465,1633099
2466,1275400
2467,1109700
2468,1087600
2469,1247100
2470,959400
2471,2203700
2472,3182600
2473,1061200
2474,1672300
2475,1532500
2476,1827399
2477,1827400
2478,1901600
2479,1842700
2480,2105000
2481,1824000
2482,1256599
2483,1557299
2484,1062100
2485,2158299
2486,4051100
2487,1626300
2488,1953400
2489,1501100
2490,1890800
2491,1382001
2492,2247500
2493,2182500
2494,1484701
2495,1753701
2496,1171400
2497,1148201
2498,1204000
2499,2503300
2500,3418900
2501,1404799
2502,1601000
2503,1679300
2504,1738901
2505,2099399
2506,1786300
2507,1847300
2508,1983200
2509,1137301
2510,1048600
2511,1150400
2512,1158800
2513,1285699
2514,1136800
2515,1122400
2516,938300
2517,2264499
2518,2536400
2519,1479700
2520,1022800
2521,1436200
2522,1508800
2523,1668300
2524,1838699
2525,1309001
2526,2112900
2527,1798800
2528,1209600
2529,1286000
2530,1437100
2531,1146800
2532,984500
2533,1029099
2534,928300
2535,3071800
2536,1947401
2537,1704000
2538,2037800
2539,1228500
2540,2269400
2541,1966999
2542,1638100
2543,1454199
2544,1291000
2545,1264100
2546,1250499
2547,2063000
2548,2792900
2549,1695099
2550,1437301
2551,1535599
2552,1189001
2553,2040300
2554,1589900
2555,1962700
2556,1893901
2557,1642000
2558,1259500
2559,1282300
2560,1318299
2561,1178301
2562,957801
2563,945200
2564,915900
2565,2689499
2566,3253401
2567,1174999
2568,1100900
2569,1484500
2570,1703800
2571,1842800
2572,1471600
2573,1417300
2574,1956000
2575,1428100
2576,1172100
2577,1383800
2578,3031700
2579,2838100
2580,1332900
2581,1410600
2582,1349000
2583,1514800
2584,1736500
2585,1487800
2586,1586100
2587,1727400
2588,1361700
2589,1581601
2590,1124601
2591,1077101
2592,944099
2593,2498500
2594,2298600
2595,1425600
2596,2301900
2597,1939100
2598,1792600
2599,1805501
2600,1824900
2601,1666600
2602,1279500
2603,1516400
2604,1095100
2605,1085400
2606,1073600
2607,2148800
2608,3383399
2609,1378200
2610,1607500
2611,1365100
2612,1442000
2613,1736500
2614,1897700
2615,2267000
2616,1743900
2617,1454801
2618,1347899
2619,1586100
2620,1034501
2621,919700
2622,911300
2623,1408601
2624,3038101
2625,1479599
2626,1297999
2627,1460899
2628,1364100
2629,1547500
2630,1724501
2631,1837001
2632,1964500
2633,1712701
2634,1319400
2635,1276300
2636,1396700
2637,1140100
2638,951901
2639,2906700
2640,2949800
2641,1705399
2642,2025600
2643,1835800
2644,2279601
2645,1723899
2646,1874899
2647,1525701
2648,1394900
2649,1065000
2650,1121500
2651,971500
2652,1172100
2653,3103300
2654,1691899
2655,1237300
2656,1644500
2657,1537200
2658,1310300
2659,1617000
2660,2089100
2661,1730500
2662,1403900
2663,1385300
2664,1554500
2665,1116700
2666,1184699
2667,996500
2668,1801700
2669,3932600
2670,1351400
2671,1694401
2672,2191700
2673,2871101
2674,2501001
2675,2205101
2676,1461000
2677,1484499
2678,1310500
2679,1300999
2680,1302400
2681,1886300
2682,3179899
2683,2141900
2684,1520900
2685,2089500
2686,1990401
2687,2213900
2688,2130300
2689,1791600
2690,1735400
2691,1560900
2692,1599399
2693,1193999
2694,1329400
2695,3026200
2696,2756700
2697,1568500
2698,1575101
2699,1788600
2700,1345000
2701,1832501
2702,1668300
2703,2493100
2704,2312500
2705,1645600
2706,1207000
2707,1166100
2708,1212601
2709,1138600
2710,1273101
2711,1086700
2712,1266500
2713,2537999
2714,2190700
2715,1250100
2716,1296800
2717,1506201
2718,1324599
2719,1666301
2720,1357101
2721,1485900
2722,1779799
2723,1353199
2724,1223400
2725,1081099
2726,903400
2727,1799300
2728,3416300
2729,1170099
2730,1532301
2731,1561600
2732,1679500
2733,1814700
2734,1496099
2735,1927600
2736,1724400
2737,1337900
2738,1188199
2739,1457700
2740,1082200
2741,1050500
2742,990700
2743,1588799
2744,3779001
2745,2634100
2746,2038999
2747,1439001
2748,2347300
2749,1504599
2750,1980501
2751,1645700
2752,1260700
2753,1011800
2754,1597599
2755,1189200
2756,1382700
2757,1117300
2758,1307101
2759,3261501
2760,1966099
2761,1440799
2762,1540401
2763,1512700
2764,1460000
2765,1983300
2766,1389901
2767,2172700
2768,1579999
2769,1520700
2770,1244400
2771,1212600
2772,5653799
2773,1354201
2774,1540200
2775,1553401
2776,1284299
2777,1835101
2778,2103400
2779,1812200
2780,1467600
2781,1400000
2782,1075801
2783,1089100
2784,1136800
2785,915600
2786,925200
2787,883600
2788,964600
2789,993700
2790,920000
2791,866901
2792,1049700
2793,1024700
2794,1036301
2795,1143100
2796,1322901
2797,3297100
2798,1893100
2799,1028199
2800,1634701
2801,1250100
2802,1602700
2803,1654200
2804,2191400
2805,1679700
2806,1270300
2807,1410699
2808,1253800
2809,1282300
2810,1059000
2811,948200
2812,1038600
2813,1870301
2814,2491400
2815,1762900
2816,1184000
2817,1609100
2818,1607200
2819,1150400
2820,1812900
2821,1575400
2822,1944400
2823,1787201
2824,1486401
2825,1587200
2826,1104600
2827,1117900
2828,1086200
2829,1786200
2830,3187599
2831,1415600
2832,1310501
2833,1598799
2834,1429299
2835,1493599
2836,1857800
2837,1356100
2838,1924500
2839,1404001
2840,1419799
2841,1433600
2842,1149000
2843,1073200
2844,901799
2845,3189899
2846,2883200
2847,1073899
2848,1214800
2849,1575901
2850,1691600
2851,2027299
2852,2521900
2853,1522501
2854,1539799
2855,1228300
2856,1385500
2857,1030401
2858,2973301
2859,2737200
2860,1250000
2861,1087601
2862,1299300
2863,1704701
2864,1379700
2865,1204700
2866,1763900
2867,1624199
2868,2176599
2869,2260499
2870,1404301
2871,1141000
2872,1609200
2873,1148901
2874,1062000
2875,3249001
2876,2773201
2877,1324499
2878,1522699
2879,1669700
2880,1459600
2881,2516701
2882,1934800
2883,2054900
2884,1737800
2885,1347400
2886,1592601
2887,1381899
2888,1165899
2889,5727100
2890,1327200
2891,1124100
2892,1821299
2893,1704400
2894,2108600
2895,1426200
2896,2078700
2897,1899700
2898,1710100
2899,1353600
2900,1407800
2901,1403900
2902,1186400
2903,1000900
2904,1031400
2905,1184400
2906,3581301
2907,1291100
2908,1803400
2909,1487500
2910,1450700
2911,1853700
2912,2064400
2913,2225500
2914,1558200
2915,1318299
2916,1288600
2917,1550300
2918,1213501
2919,1063500
2920,963200
2921,2426200
2922,3756700
2923,1357400
2924,1352000
2925,1644200
2926,1689899
2927,2181400
2928,2021800
2929,1889700
2930,1401600
2931,1469300
2932,1158199
2933,1287700
2934,5730901
2935,1376700
2936,1598101
2937,1446299
2938,1489800
2939,1954599
2940,1738800
2941,1879501
2942,1282200
2943,1301900
2944,1306601
2945,1216500
2946,1180201
2947,1563599
2948,3169299
2949,2010900
2950,1172400
2951,1556700
2952,1517500
2953,1409900
2954,1753500
2955,2088101
2956,2190401
2957,1774900
2958,1654101
2959,1897500
2960,1305800
2961,1207300
2962,1026400
2963,1548101
2964,2676000
2965,1923401
2966,1674101
2967,1394400
2968,1347800
2969,1668200
2970,2201200
2971,2042401
2972,1382800
2973,1550699
2974,1046900
2975,1048200
2976,1050699
2977,1589500
2978,4586301
2979,1448900
2980,1309300
2981,1619600
2982,1623801
2983,2530701
2984,2061099
2985,1703800
2986,1205001
2987,1314199
2988,1309500
2989,1401799
2990,1113001
2991,1100301
2992,1093200
2993,959600
2994,2378701
2995,3563400
2996,1108400
2997,1606200
2998,1877300
2999,1710700
3000,1786201
3001,1561200
3002,1855800
3003,1601301
3004,1117600
3005,1486301
3006,1016699
3007,992000
3008,1301800
3009,1625901
3010,1625499
3011,1090300
3012,1213900
3013,2541100
3014,2677399
3015,1433000
3016,1471300
3017,1326100
3018,1566200
3019,1851500
3020,1915400
3021,2066800
3022,1651900
3023,1575400
3024,1328800
3025,1141599
3026,1374900
3027,1975599
3028,3220301
3029,1428601
3030,1890800
3031,1540400
3032,1381100
3033,1804900
3034,1730500
3035,1541499
3036,1620800
3037,1446600
3038,1467900
3039,1460100
3040,991600
3041,1205300
3042,3138699
3043,1460801
3044,1395200
3045,1157800
3046,1671000
3047,1527400
3048,1729900
3049,1858401
3050,2088800
3051,1321400
3052,1496700
3053,1538599
3054,984300
3055,1027500
3056,1052301
3057,1356300
3058,3691801
3059,1826899
3060,1575701
3061,1281600
3062,1602201
3063,1850300
3064,1970700
3065,1881099
3066,1860999
3067,1272100
3068,1606601
3069,1203400
3070,1040501
3071,951701
3072,906601
3073,1218900
3074,2584500
3075,2533000
3076,1008600
3077,1130600
3078,1321700
3079,1748500
3080,2374500
3081,2175701
3082,2219000
3083,2074001
3084,1554100
3085,1332600
3086,1303100
3087,1424700
3088,1107600
3089,1051700
3090,950399
3091,866300
3092,895100
3093,3294500
3094,2606101
3095,2071199
3096,1533600
3097,1319900
3098,1798900
3099,1571400
3100,1971300
3101,1489699
3102,1474299
3103,1542500
3104,1352001
3105,1349400
3106,1344000
3107,3579599
3108,2364299
3109,1412000
3110,1418101
3111,1814601
3112,1693201
3113,1817000
3114,1868000
3115,1729000
3116,1742700
3117,1596000
3118,1694900
3119,1276800
3120,1527400
3121,1143301
3122,1549601
3123,3064400
3124,1435199
3125,2198199
3126,1348900
3127,1360100
3128,1824500
3129,6320301
3130,1479100
3131,1596700
3132,1070100
3133,1311100
3134,992400
3135,1882400
3136,2829400
3137,1772600
3138,1753700
3139,1971200
3140,1318500
3141,1936300
3142,1232600
3143,1526600
3144,2005500
3145,1404200
3146,1278200
3147,1316800
3148,1121600
3149,1007400
3150,1988800
3151,4205200
3152,1244300
3153,1598700
3154,1614400
3155,1774500
3156,2499900
3157,2378800
3158,1886600
3159,1772200
3160,1197100
3161,1288800
3162,942000
3163,2969900
3164,2497900
3165,1381300
3166,1385800
3167,1304800
3168,1244500
3169,1464000
3170,2064800
3171,1778500
3172,1508900
3173,1184900
3174,1027300
3175,1417700
3176,1092000
3177,1097300
3178,1146600
3179,1483700
3180,3351000
3181,1585800
3182,1492400
3183,1183500
3184,1115100
3185,1572200
3186,1771600
3187,2009900
3188,1856300
3189,1272100
3190,1341100
3191,1045100
3192,1531800
3193,1191700
3194,3156500
3195,2403200
3196,965500
3197,1510100
3198,1261900
3199,1505900
3200,2000400
3201,1920300
3202,1862500
3203,1741200
3204,1327900
3205,1197300
3206,1001500
3207,1166500
3208,973100
3209,2101400
3210,2897300
3211,1385700
3212,1244600
3213,1096000
3214,1385900
3215,1490800
3216,1573000
3217,1879300
3218,1696300
3219,1765500
3220,1333300
3221,1332600
3222,1417800
3223,1570700
3224,2841200
3225,3350000
3226,1201500
3227,1566800
3228,1340600
3229,1419700
3230,1707400
3231,1760600
3232,1629800
3233,1625100
3234,1506400
3235,1537700
3236,1489200
3237,1057900
3238,1271900
3239,1040500
3240,2811400
3241,1575200
3242,1420900
3243,1583500
3244,1336700
3245,1712900
3246,2062400
3247,1666000
3248,1884100
3249,1399800
3250,1224300
3251,1285700
3252,1003300
3253,1025200
3254,1014700
3255,1403300
3256,1750700
3257,1589600
3258,2796600
3259,3210700
3260,1639600
3261,1428700
3262,1280800
3263,1936600
3264,1727700
3265,1656100
3266,1417800
3267,1759400
3268,1612000
3269,1304700
3270,1233700
3271,1132300
3272,1186900
3273,1044600
3274,930700
3275,961300
3276,1999800
3277,2423000
3278,1977700
3279,1222800
3280,1356600
3281,1793000
3282,1865900
3283,1673900
3284,1534600
3285,1742400
3286,1383500
3287,1484600
3288,1588900
3289,1084400
3290,955200
3291,989000
3292,975100
3293,2367500
3294,3504800
3295,1768100
3296,1370900
3297,1959900
3298,1946300
3299,2256300
3300,1961700
3301,1838100
3302,1407200
3303,1419100
3304,1338700
3305,1133900
3306,1014200
3307,3426300
3308,2628100
3309,1121000
3310,1176800
3311,1527100
3312,1584400
3313,1637100
3314,1500600
3315,1752100
3316,1508100
3317,1258100
3318,1301500
3319,1188800
3320,1204700
3321,1060400
3322,3087000
3323,1792800
3324,1674200
3325,1332100
3326,1208600
3327,1581600
3328,2171700
3329,1421200
3330,1400100
3331,1742800
3332,1406500
3333,1288200
3334,1195900
3335,996600
3336,3828600
3337,2684600
3338,1336400
3339,1296000
3340,1884100
3341,1734800
3342,1730200
3343,1276600
3344,1875300
3345,1357300
3346,1669200
3347,1371100
3348,949200
3349,977800
3350,2216700
3351,3594900
3352,1034800
3353,1586600
3354,1493600
3355,1169600
3356,1595000
3357,1669300
3358,1547100
3359,1708700
3360,2188300
3361,1363200
3362,1169800
3363,1490800
3364,1426100
3365,1217700
3366,1057400
3367,1072300
3368,3280700
3369,2430900
3370,945000
3371,1398500
3372,1230100
3373,1283800
3374,1820200
3375,1665800
3376,1439800
3377,1566700
3378,1873800
3379,1669700
3380,1268600
3381,1190200
3382,1182000
3383,2709500
3384,3107200
3385,1192500
3386,1374400
3387,1635500
3388,1277800
3389,2957600
3390,1804200
3391,2002600
3392,1664600
3393,1558800
3394,1107100
3395,1084700
3396,1058200
3397,1082100
3398,4831500
3399,1343800
3400,1699300
3401,1571600
3402,1270700
3403,1728000
3404,2198600
3405,1700800
3406,1297000
3407,1232200
3408,1492000
3409,1294800
3410,1087100
3411,995000
3412,2279200
3413,2948900
3414,1472700
3415,1002400
3416,2008500
3417,1546900
3418,1371600
3419,1787100
3420,1849600
3421,1669300
3422,1525800
3423,1403300
3424,1612700
3425,1357700
3426,1375200
3427,1021600
3428,1068700
3429,1340000
3430,3259300
3431,1734800
3432,1130600
3433,1334300
3434,1255000
3435,1145500
3436,1697200
3437,1963000
3438,1866000
3439,1678600
3440,1319200
3441,1456100
3442,1218600
3443,1083600
3444,1028800
3445,3337200
3446,2108200
3447,970700
3448,1226900
3449,1227800
3450,1314700
3451,1226800
3452,1947900
3453,1801800
3454,1815100
3455,1418800
3456,1392400
3457,1722700
3458,1228100
3459,1214000
3460,1063300
3461,935700
3462,2587300
3463,2710100
3464,1262500
3465,1374800
3466,1790100
3467,1247600
3468,1666800
3469,1469200
3470,1677200
3471,2070300
3472,1401100
3473,1273700
3474,1064700
3475,1029600
3476,1842600
3477,3070700
3478,1603600
3479,978600
3480,1904200
3481,1366500
3482,1269300
3483,1997600
3484,1973500
3485,1849500
3486,1822700
3487,1378400
3488,1262500
3489,1395800
3490,1083900
3491,3204700
3492,2674800
3493,1437100
3494,1132300
3495,1530400
3496,1564400
3497,2210600
3498,2372000
3499,1881600
3500,1811600
3501,1206300
3502,988900
3503,1611300
3504,1480300
3505,1688600
3506,2133000
3507,3155300
3508,1774700
3509,1506400
3510,1426900
3511,1365600
3512,1781000
3513,1461700
3514,2027400
3515,1963400
3516,1601900
3517,1536100
3518,1155700
3519,997400
3520,1161600
3521,1083900
3522,1093700
3523,3479300
3524,2098400
3525,1540000
3526,1568300
3527,1548900
3528,2182700
3529,1816200
3530,1819900
3531,1837600
3532,1743400
3533,1785700
3534,1318900
3535,1672700
3536,1708800
3537,2985000
3538,2318800
3539,1310700
3540,1072700
3541,1602700
3542,972800
3543,1731700
3544,1249400
3545,1590500
3546,2192200
3547,2264200
3548,2093400
3549,1711700
3550,1238600
3551,989800
3552,1209300
3553,1043100
3554,948500
3555,1250000
3556,1113000
3557,2501800
3558,2564000
3559,1722000
3560,1458900
3561,1232400
3562,1445200
3563,2091300
3564,1894200
3565,1842400
3566,1207900
3567,1212600
3568,1258500
3569,1333600
3570,1068100
3571,2444500
3572,3160300
3573,1357700
3574,1034700
3575,1265600
3576,2020000
3577,1684000
3578,1811100
3579,2087000
3580,1622100
3581,1334800
3582,1582200
3583,1347600
3584,1009600
3585,900300
3586,1504700
3587,2720000
3588,2116300
3589,955900
3590,1403800
3591,1424100
3592,1318400
3593,1510900
3594,1657500
3595,1491200
3596,1601100
3597,1691900
3598,1492400
3599,1364700
3600,1161700
3601,1015300
3602,3161200
3603,2590600
3604,1534100
3605,1852000
3606,1471600
3607,1630700
3608,1748500
3609,2528100
3610,2072700
3611,1603400
3612,1341400
3613,1646200
3614,2178700
3615,1897100
3616,1387700
3617,1044400
3618,1199500
3619,2748000
3620,1575900
3621,1485700
3622,1564600
3623,1306100
3624,1906800
3625,3075100
3626,2905700
3627,1709500
3628,1380800
3629,1280400
3630,1107200
3631,1139600
3632,3458700
3633,2324300
3634,1240200
3635,1180300
3636,1574000
3637,1739200
3638,1780400
3639,1724600
3640,1589000
3641,1313800
3642,1175200
3643,1815900
3644,1029200
3645,1171500
3646,1004700
3647,1550700
3648,3686500
3649,1696300
3650,1682400
3651,1216800
3652,1716100
3653,1751500
3654,2390700
3655,1655900
3656,1473200
3657,1575600
3658,1470200
3659,1386800
3660,1034700
3661,922000
3662,2541400
3663,2781600
3664,1598500
3665,1412600
3666,1042900
3667,1411700
3668,1525800
3669,1800600
3670,2057800
3671,1773600
3672,1495100
3673,1383200
3674,1066800
3675,1063600
3676,1061100
3677,2123600
3678,3027300
3679,2251900
3680,2185300
3681,1902800
3682,1891200
3683,1576500
3684,1666700
3685,1405600
3686,1217600
3687,1667100
3688,2623000
3689,1841100
3690,1114300
3691,1718100
3692,1514900
3693,1773300
3694,1489600
3695,1792400
3696,1332400
3697,1418300
3698,1170400
3699,1866700
3700,3976400
3701,1281200
3702,1459400
3703,1664000
3704,1815900
3705,2067900
3706,1927400
3707,1328700
3708,1704700
3709,1399100
3710,2620600
3711,2046600
3712,1270800
3713,1449600
3714,1543900
3715,1640600
3716,1618400
3717,1811000
3718,1869100
3719,1231300
3720,1065800
3721,1270300
3722,1254400
3723,1752600
3724,4900500
3725,1238500
3726,1467300
3727,1916300
3728,1773000
3729,1852300
3730,1416300
3731,1269100
3732,1573400
3733,1182600
3734,1045900
3735,1026000
3736,873000
3737,1051300
3738,1385600
3739,1262100
3740,994600
3741,1281400
3742,2558400
3743,2339400
3744,1054700
3745,1417900
3746,1291600
3747,1332100
3748,1724400
3749,1771300
3750,1627400
3751,1750700
3752,1361500
3753,1220400
3754,1187200
3755,1000400
3756,2909200
3757,2634900
3758,1143000
3759,1929300
3760,1209200
3761,1234200
3762,1017600
3763,1052500
3764,1303700
3765,1316700
3766,1611200
3767,1784400
3768,1700600
3769,1494000
3770,2216700
3771,1219100
3772,3125800
3773,2010700
3774,1345900
3775,1601000
3776,1591200
3777,1599300
3778,2350500
3779,2058100
3780,1482500
3781,1358000
3782,1492300
3783,1150700
3784,938500
3785,1206100
3786,3475900
3787,2261100
3788,1417400
3789,1467000
3790,1829600
3791,2763300
3792,1924400
3793,1622000
3794,1651600
3795,1552500
3796,1989700
3797,1370800
3798,1062900
3799,1048000
3800,2972800
3801,3472900
3802,1714600
3803,1261800
3804,1497600
3805,1931500
3806,1368000
3807,1484800
3808,1426100
3809,1503700
3810,1326800
3811,1430500
3812,1656300
3813,1609900
3814,1076700
3815,1549800
3816,3136000
3817,1904600
3818,984300
3819,1176800
3820,1102300
3821,1485000
3822,2117200
3823,1664200
3824,1876700
3825,1478900
3826,1674200
3827,1533500
3828,1096200
3829,1083100
3830,1050200
3831,1326800
3832,2728700
3833,2744800
3834,1070200
3835,1763400
3836,2004200
3837,1817000
3838,1662300
3839,1337100
3840,1209400
3841,1219000
3842,1109500
3843,1197100
3844,1203100
3845,1062200
3846,4090400
3847,2146100
3848,1737500
3849,1664400
3850,1585700
3851,2136800
3852,1997600
3853,1652900
3854,1764800
3855,1674400
3856,1050600
3857,1014500
3858,1360600
3859,2077100
3860,3522300
3861,1292600
3862,1436800
3863,1276700
3864,1365500
3865,1826600
3866,2112400
3867,2195000
3868,1553200
3869,1333000
3870,1004600
3871,961200
3872,899200
3873,2833600
3874,3110400
3875,1339700
3876,1356100
3877,1747000
3878,1224400
3879,1518800
3880,1488200
3881,1933900
3882,1873500
3883,1611800
3884,1566400
3885,1309700
3886,1083200
3887,1371700
3888,1171000
3889,1852400
3890,2826700
3891,1898800
3892,1572800
3893,1375200
3894,1330000
3895,1557700
3896,1793000
3897,1770100
3898,1645800
3899,1503900
3900,1480900
3901,1177000
3902,1077600
3903,1333400
3904,1131300
3905,1083800
3906,1201500
3907,5693200
3908,1557700
3909,1510200
3910,1508500
3911,1639900
3912,2506100
3913,1972700
3914,1745300
3915,1342600
3916,1359500
3917,1335900
3918,1318000
3919,4827900
3920,1653700
3921,1584900
3922,1464000
3923,1580100
3924,2213700
3925,1636200
3926,1539000
3927,1731300
3928,1598100
3929,1368100
3930,1680900
3931,1556700
3932,1354600
3933,1342200
3934,1377900
3935,1930000
3936,3107800
3937,2155900
3938,1847800
3939,3766800
3940,2786400
3941,2246100
3942,2994400
3943,1774000
3944,1945300
3945,1305500
3946,1153500
3947,5285700
3948,1608700
3949,1206400
3950,2229700
3951,2356500
3952,2470000
3953,2416200
3954,2146300
3955,1926200
3956,1566700
3957,2231300
3958,1402300
3959,1322400
3960,2328000
3961,4037800
3962,1519700
3963,1733700
3964,1600100
3965,1422900
3966,2022000
3967,1797200
3968,1957600
3969,2186800
3970,1712000
3971,1975100
3972,1910800
3973,1688400
3974,1651200
3975,1884400
3976,1956200
3977,2036300
3978,1814900
3979,3474500
3980,3565700
3981,2052800
3982,1712100
3983,1602200
3984,2342700
3985,2358000
3986,1782300
3987,2135200
3988,2335100
3989,1608400
3990,1325700
3991,1570900
3992,4419800
3993,2142500
3994,2369000
3995,2327400
3996,2400400
3997,2412500
3998,2262500
3999,18736100
4000,2079800
4001,1570500
4002,1502700
4003,2172800
4004,1712500
4005,2281500
4006,1733300
4007,1657800
4008,1758100
4009,2519800
4010,1717700
4011,1157900
4012,1234900
4013,987800
4014,1013500
4015,4102100
4016,2214100
4017,1552300
4018,1696700
4019,1866300
4020,1758200
4021,1640900
4022,1878500
4023,1523100
4024,1360200
4025,1078100
4026,1147800
4027,1041700
4028,938200
4029,2073400
4030,3726300
4031,1555100
4032,1229500
4033,1525700
4034,1697900
4035,1683700
4036,1710600
4037,1459500
4038,1245300
4039,1253000
4040,1109200
4041,998200
4042,989800
4043,972200
4044,879300
4045,3429000
4046,2868400
4047,1320300
4048,1444100
4049,1444800
4050,1433000
4051,2647200
4052,1938800
4053,1844900
4054,1366600
4055,1237400
4056,2007700
4057,1265900
4058,1090300
4059,2329800
4060,3376800
4061,1611400
4062,2578100
4063,2601800
4064,2433300
4065,2306000
4066,2146600
4067,2150200
4068,2114200
4069,1528400
4070,1829700
4071,1717500
4072,2097800
4073,2886900
4074,2814500
4075,1816600
4076,1759300
4077,1852400
4078,1593100
4079,2319200
4080,2187200
4081,2678300
4082,2430300
4083,1834100
4084,1211900
4085,1133500
4086,1020200
4087,3049800
4088,2938000
4089,1407300
4090,1295900
4091,1243300
4092,2820300
4093,1715700
4094,1815000
4095,1486100
4096,1392200
4097,1419900
4098,1368300
4099,1096100
4100,2435900
4101,2202300
4102,2045600
4103,1718300
4104,2739800
4105,2114200
4106,2175400
4107,2221400
4108,1772500
4109,3409700
4110,2427900
4111,1077600
4112,1096400
4113,1224000
4114,1502200
4115,1219600
4116,1167100
4117,1961500
4118,4155600
4119,1901000
4120,1822800
4121,1207000
4122,2338900
4123,2658600
4124,2655600
4125,2487400
4126,1952200
4127,1729200
4128,2054600
4129,1134500
4130,1004900
4131,917400
4132,879100
4133,2361400
4134,3510100
4135,1216300
4136,1676500
4137,1711500
4138,1516800
4139,2420900
4140,1537900
4141,1632400
4142,1595900
4143,1388400
4144,1505100
4145,1317800
4146,990700
4147,927400
4148,1141600
4149,3301400
4150,2394700
4151,2029900
4152,1685700
4153,1413200
4154,2135400
4155,2050400
4156,1767400
4157,1403100
4158,1236600
4159,1632000
4160,1192600
4161,1173800
4162,3313000
4163,2113100
4164,1619600
4165,1183800
4166,1175100
4167,1744000
4168,1974000
4169,1636300
4170,1255400
4171,1151200
4172,1299800
4173,1098300
4174,1000300
4175,1249000
4176,2987500
4177,2110900
4178,1182000
4179,1532700
4180,1358100
4181,1748500
4182,2239400
4183,2194900
4184,1547800
4185,1548700
4186,1860300
4187,1966900
4188,1622100
4189,3001500
4190,3327800
4191,1775100
4192,1474100
4193,1732900
4194,2089800
4195,1632500
4196,1745800
4197,1434800
4198,1542700
4199,1254700
4200,1070800
4201,1055300
4202,971200
4203,998500
4204,1288900
4205,1255400
4206,999200
4207,1162400
4208,3384100
4209,2019500
4210,1116400
4211,1419600
4212,1478600
4213,1580700
4214,1687900
4215,1564300
4216,1845900
4217,1289400
4218,1264100
4219,1314400
4220,1230400
4221,992400
4222,853900
4223,3616200
4224,2581400
4225,1505100
4226,1201100
4227,1641700
4228,1592400
4229,1450100
4230,1447100
4231,1767800
4232,1494900
4233,1189400
4234,1267900
4235,1121900
4236,1629900
4237,1402400
4238,1228700
4239,3014600
4240,3524300
4241,1138900
4242,1896700
4243,1560600
4244,1221800
4245,1702900
4246,1689600
4247,1463000
4248,1428300
4249,1765600
4250,1237500
4251,1546400
4252,1276300
4253,1309100
4254,2965300
4255,1927800
4256,1073400
4257,1038200
4258,1368000
4259,1339800
4260,1915300
4261,1774700
4262,1771500
4263,1363800
4264,1177200
4265,1349500
4266,1291100
4267,1068100
4268,1073500
4269,3256000
4270,2472600
4271,999000
4272,1726300
4273,1138100
4274,1131300
4275,1569600
4276,1584100
4277,1830100
4278,1598600
4279,1327900
4280,1451100
4281,1122200
4282,1227800
4283,1481900
4284,3653800
4285,1190200
4286,1544800
4287,1589200
4288,1785400
4289,1938800
4290,1817200
4291,1458300
4292,1770900
4293,1432500
4294,1699800
4295,1134700
4296,1046900
4297,923700
4298,1475500
4299,3663400
4300,1578000
4301,1390100
4302,1517400
4303,1486700
4304,2052800
4305,1526300
4306,1414500
4307,1485000
4308,1648800
4309,1338300
4310,1499300
4311,1311400
4312,2352800
4313,2328600
4314,2423500
4315,1418800
4316,1127500
4317,1569700
4318,1758100
4319,1665700
4320,1440200
4321,1703200
4322,1456900
4323,1311600
4324,1097500
4325,933200
4326,1443700
4327,3412600
4328,2201000
4329,2054500
4330,1674500
4331,1436400
4332,1814400
4333,1979800
4334,2279400
4335,2273300
4336,2066700
4337,1915400
4338,2197500
4339,1493400
4340,1568000
4341,1332300
4342,4469500
4343,2265600
4344,1140400
4345,1462600
4346,1181100
4347,1925800
4348,2134900
4349,2134400
4350,1846100
4351,1740700
4352,1279900
4353,1507100
4354,1483100
4355,927200
4356,840600
4357,2230800
4358,2788500
4359,1511000
4360,1356500
4361,1351600
4362,2064900
4363,1900400
4364,1720500
4365,1605300
4366,1633700
4367,1258500
4368,1127900
4369,1009700
4370,2136400
4371,2892200
4372,1592100
4373,1137700
4374,1831300
4375,1722300
4376,2210300
4377,1594400
4378,1772200
4379,1547200
4380,1400500
4381,1294800
4382,1143500
4383,1097600
4384,1133400
4385,1037100
4386,2443400
4387,2722500
4388,1723800
4389,1503200
4390,1649300
4391,1385900
4392,2299500
4393,1734600
4394,1870500
4395,1659500
4396,1453400
4397,1300600
4398,1082100
4399,1067000
4400,4634600
4401,1510600
4402,1288900
4403,1231500
4404,1549100
4405,1473200
4406,1646000
4407,1617200
4408,1862600
4409,1585000
4410,1364500
4411,1607500
4412,1361900
4413,966700
4414,881900
4415,1874600
4416,3636000
4417,1446500
4418,1256500
4419,1512600
4420,1971500
4421,1829900
4422,1488100
4423,1907900
4424,1663100
4425,1454300
4426,1391200
4427,1270900
4428,1120900
4429,923200
4430,2145900
4431,3501000
4432,1515000
4433,1454800
4434,1470600
4435,1683000
4436,1950400
4437,1705800
4438,1814400
4439,1477500
4440,1417600
4441,1292800
4442,1256700
4443,1287800
4444,1514400
4445,966100
4446,1452800
4447,3132400
4448,2018400
4449,1137700
4450,1111600
4451,1726700
4452,1335400
4453,1642500
4454,1698400
4455,2037600
4456,1567300
4457,1392000
4458,1306200
4459,1043700
4460,1649000
4461,3302700
4462,1501000
4463,1622900
4464,1413400
4465,1245300
4466,1877200
4467,2085400
4468,1660900
4469,1478000
4470,1327300
4471,1598000
4472,1292500
4473,1212600
4474,1038300
4475,1073300
4476,1888500
4477,2670100
4478,1093400
4479,1919700
4480,1480500
4481,1475500
4482,1700800
4483,2055700
4484,2259900
4485,1909800
4486,1860500
4487,1154200
4488,950100
4489,1144200
4490,1045300
4491,2605600
4492,2789700
4493,1540300
4494,2269400
4495,1641200
4496,2006400
4497,1910400
4498,2214200
4499,1833100
4500,1425200
4501,1407800
4502,1220500
4503,1036900
4504,939300
4505,922000
4506,1176300
4507,3133600
4508,1771000
4509,1112800
4510,1392400
4511,1816800
4512,1548900
4513,2486200
4514,1654300
4515,1643800
4516,1373600
4517,1292200
4518,1649100
4519,1372100
4520,1042100
4521,2132400
4522,3810300
4523,1137300
4524,1404500
4525,1253800
4526,1599900
4527,1860300
4528,1956200
4529,2408700
4530,1553200
4531,1316100
4532,1485000
4533,1280800
4534,1224100
4535,1558500
4536,2383100
4537,2189200
4538,1730800
4539,1413200
4540,2009400
4541,1569200
4542,1591600
4543,1967800
4544,1696800
4545,1644300
4546,1379800
4547,1614700
4548,1151600
4549,1334400
4550,967400
4551,2940200
4552,3593400
4553,1142300
4554,1335100
4555,1978800
4556,2520100
4557,2318100
4558,1998000
4559,1943500
4560,1270400
4561,1019400
4562,864100
4563,1111600
4564,1348400
4565,1122400
4566,1052900
4567,933800
4568,2870200
4569,3178500
4570,1284300
4571,1537900
4572,1374200
4573,1950000
4574,2003000
4575,1652700
4576,1583100
4577,1508300
4578,1412800
4579,1227400
4580,1269900
4581,1046500
4582,2325300
4583,3083700
4584,1449400
4585,1157800
4586,1099800
4587,1262800
4588,1511600
4589,2483800
4590,1638100
4591,2304900
4592,1283900
4593,1460700
4594,1366600
4595,1146200
4596,1101900
4597,1285400
4598,3128500
4599,2048600
4600,1401100
4601,1784800
4602,1543200
4603,1843600
4604,1733500
4605,1533500
4606,1655300
4607,1354200
4608,1376100
4609,1094800
4610,1120800
4611,1146100
4612,2601400
4613,1731600
4614,1055400
4615,1346600
4616,1443000
4617,1453800
4618,1745700
4619,1703100
4620,1894200
4621,1815000
4622,1874000
4623,1667800
4624,1144700
4625,1113700
4626,1109700
4627,3550000
4628,2638900
4629,1800400
4630,1511800
4631,1765900
4632,1693800
4633,1948800
4634,1563800
4635,1395900
4636,1484000
4637,1154200
4638,1186100
4639,1168700
4640,938800
4641,3489400
4642,2718900
4643,1113200
4644,1240900
4645,1311600
4646,1363600
4647,1776500
4648,1726900
4649,1739200
4650,1711600
4651,1375300
4652,1495000
4653,1299700
4654,1090900
4655,1139800
4656,1164900
4657,4085300
4658,2442400
4659,1505400
4660,1386300
4661,1527300
4662,1993600
4663,2209600
4664,1935600
4665,1484000
4666,1462700
4667,1452800
4668,1111000
4669,1136500
4670,1261000
4671,1060200
4672,2716500
4673,2008200
4674,1310600
4675,1567400
4676,1247200
4677,1575600
4678,1689500
4679,1757700
4680,1705300
4681,1652000
4682,1769000
4683,1290500
4684,973200
4685,891600
4686,928800
4687,1062600
4688,1645200
4689,1470500
4690,1164300
4691,1235100
4692,1688900
4693,2558700
4694,1348800
4695,1303300
4696,1287800
4697,1351800
4698,1664900
4699,1504900
4700,1974100
4701,1676500
4702,1355400
4703,1378500
4704,1082100
4705,1261900
4706,941500
4707,1457300
4708,2992300
4709,2075700
4710,1347000
4711,1348500
4712,1722400
4713,1566700
4714,2084400
4715,1727500
4716,1627500
4717,1496500
4718,1203000
4719,1576900
4720,1110000
4721,2047600
4722,2671600
4723,1966200
4724,1259900
4725,1363700
4726,1313800
4727,1303500
4728,2453200
4729,1439100
4730,2004000
4731,1707200
4732,1434400
4733,1267100
4734,1423700
4735,3312700
4736,1568600
4737,956300
4738,1633900
4739,1207700
4740,1489900
4741,1787100
4742,1888200
4743,1743500
4744,1896700
4745,1651100
4746,2022600
4747,1317900
4748,1136500
4749,1043100
4750,1574600
4751,1331600
4752,1203700
4753,1216700
4754,3266200
4755,2930800
4756,1385900
4757,1433800
4758,1754800
4759,1575100
4760,2004500
4761,2198000
4762,2434700
4763,1834900
4764,1370600
4765,1852100
4766,1196300
4767,1043300
4768,983000
4769,977600
4770,3647400
4771,1609300
4772,1352900
4773,1231400
4774,1508100
4775,1767300
4776,1233000
4777,1466600
4778,2027800
4779,1683400
4780,1260100
4781,1396300
4782,1286100
4783,1160000
4784,1007100
4785,1306800
4786,3981100
4787,1696300
4788,1544100
4789,1755800
4790,1759500
4791,1813500
4792,1728500
4793,1682400
4794,1780600
4795,1484100
4796,1284600
4797,1363100
4798,1134500
4799,3378700
4800,2131700
4801,1609600
4802,1365300
4803,1462700
4804,1701600
4805,2064600
4806,1720700
4807,1713700
4808,1373600
4809,1133500
4810,1371900
4811,1016500
4812,2442900
4813,3247000
4814,1562600
4815,1853100
4816,1959800
4817,1423000
4818,1729700
4819,1652600
4820,1811600
4821,1726400
4822,1597300
4823,1309200
4824,1090500
4825,1531100
4826,1880500
4827,2929700
4828,1475100
4829,1552600
4830,1384200
4831,1791600
4832,1664200
4833,1801200
4834,1909900
4835,1495500
4836,1246600
4837,1328900
4838,1151800
4839,1191900
4840,969900
4841,974000
4842,1029800
4843,1404700
4844,5124800
4845,1168500
4846,1710600
4847,1916000
4848,1529000
4849,1960900
4850,1758400
4851,1508000
4852,1106800
4853,1078500
4854,1374400
4855,1026500
4856,885600
4857,1358800
4858,2870900
4859,2331300
4860,1178500
4861,1234700
4862,1766300
4863,1596600
4864,2041600
4865,2377100
4866,1875300
4867,1422500
4868,1586200
4869,1484600
4870,1151100
4871,1149300
4872,1276600
4873,1018900
4874,1076000
4875,3790900
4876,2251700
4877,1458200
4878,1925400
4879,1840300
4880,1895500
4881,1530600
4882,2026500
4883,1641000
4884,1308800
4885,1320200
4886,1121500
4887,1232300
4888,1148000
4889,3140500
4890,2134100
4891,1175900
4892,1217500
4893,1243000
4894,1401900
4895,1548700
4896,2174900
4897,1654900
4898,1856100
4899,1835200
4900,1639900
4901,1994300
4902,1412300
4903,1175500
4904,933400
4905,2045500
4906,3068800
4907,1423800
4908,1573000
4909,1382600
4910,1304000
4911,2096600
4912,2236400
4913,1631000
4914,1546800
4915,1706600
4916,1558200
4917,1211900
4918,1416800
4919,1145000
4920,1145800
4921,2578300
4922,3286200
4923,1679000
4924,2440100
4925,2439400
4926,2282100
4927,1955400
4928,1897800
4929,1507900
4930,1289100
4931,1226700
4932,1132200
4933,1286200
4934,1761000
4935,1107900
4936,1234400
4937,1085100
4938,1051000
4939,4336500
4940,1920000
4941,1507500
4942,1529100
4943,2054700
4944,1782000
4945,1521200
4946,1923700
4947,1947700
4948,1422300
4949,1321500
4950,1056200
4951,3206200
4952,2808000
4953,1255500
4954,1641400
4955,1807200
4956,2295100
4957,1795700
4958,1378400
4959,1310800
4960,1410000
4961,1115000
4962,1150900
4963,1250300
4964,1256200
4965,957200
4966,2881800
4967,1817700
4968,1279800
4969,1470200
4970,1300600
4971,1382700
4972,1745700
4973,1811300
4974,1554600
4975,1714000
4976,1478000
4977,1662000
4978,1274200
4979,1040900
4980,1318600
4981,1155100
4982,5833000
4983,2113400
4984,2295700
4985,1794400
4986,2020700
4987,1824400
4988,1609500
4989,1908400
4990,1775900
4991,1606700
4992,1442700
4993,1195000
4994,1434000
4995,2838000
4996,3877700
4997,1676000
4998,1300100
4999,1742900
5000,2016800
5001,2783200
5002,1883000
5003,1686700
5004,1401300
5005,1135900
5006,1141000
5007,1058400
5008,4927600
5009,1417000
5010,1746600
5011,1582500
5012,1299600
5013,1801700
5014,2647400
5015,2092400
5016,1358800
5017,1412800
5018,1213700
5019,1354200
5020,1366200
5021,962600
5022,971900
5023,997900
5024,1377200
5025,3684500
5026,1354600
5027,1582500
5028,1547400
5029,1335600
5030,1335700
5031,2087100
5032,1642400
5033,1559500
5034,1918900
5035,2056000
5036,1455400
5037,1070500
5038,1100000
5039,1029500
5040,3181200
5041,1684500
5042,1689400
5043,1755600
5044,1861100
5045,2501700
5046,2005700
5047,1711500
5048,1455200
5049,1404500
5050,1130800
5051,1047200
5052,1003800
5053,1009500
5054,3108300
5055,2718900
5056,1302900
5057,1624700
5058,1613800
5059,1345900
5060,1563200
5061,1986900
5062,2091700
5063,1555400
5064,1225800
5065,1429900
5066,1084700
5067,1153700
5068,943000
5069,1513400
5070,4280700
5071,1790700
5072,1846600
5073,1452800
5074,1840000
5075,1592900
5076,1969000
5077,1857200
5078,1744100
5079,1499900
5080,1306200
5081,1426500
5082,1100700
5083,1814000
5084,3480700
5085,1586900
5086,1446100
5087,1695800
5088,1731600
5089,2087900
5090,1760700
5091,1578200
5092,1582300
5093,1309100
5094,1422000
5095,1358600
5096,1033100
5097,1160300
5098,2520000
5099,1939500
5100,1654700
5101,1611300
5102,1972800
5103,1988200
5104,2236300
5105,1827900
5106,1459900
5107,1223600
5108,1002800
5109,1438600
5110,1158700
5111,1121900
5112,1109100
5113,1103100
5114,3579600
5115,1540000
5116,1147600
5117,1805500
5118,1428900
5119,1732500
5120,1536300
5121,1923300
5122,1753200
5123,1461500
5124,1849600
5125,1170900
5126,1167800
5127,1056900
5128,3561200
5129,2261800
5130,1456400
5131,1676400
5132,1254500
5133,1503500
5134,1818200
5135,1891100
5136,1743300
5137,1340100
5138,1458900
5139,1130200
5140,1058300
5141,957900
5142,2480700
5143,3490300
5144,1678300
5145,1428500
5146,1856000
5147,2186800
5148,2051600
5149,1642100
5150,1913300
5151,1324600
5152,1224200
5153,1399700
5154,1314100
5155,1803100
5156,3649700
5157,1937600
5158,1651100
5159,1359100
5160,2019100
5161,2474500
5162,1737500
5163,1813000
5164,2108300
5165,1662900
5166,1816100
5167,1660500
5168,1311200
5169,1853700
5170,1536800
5171,1431000
5172,1291200
5173,1380100
5174,3182200
5175,2542100
5176,1387300
5177,1293700
5178,1437500
5179,1701700
5180,2082500
5181,2197000
5182,1703100
5183,1660700
5184,1973600
5185,1363700
5186,1022400
5187,1129800
5188,988100
5189,1220600
5190,1185100
5191,1161200
5192,1768600
5193,2755600
5194,2597200
5195,2107100
5196,1523600
5197,1404700
5198,1878600
5199,1896800
5200,1695800
5201,1977500
5202,1464100
5203,1361800
5204,1067900
5205,996500
5206,981900
5207,2395500
5208,3555300
5209,2164500
5210,2392000
5211,2443300
5212,2654300
5213,1997300
5214,2289900
5215,1935800
5216,1336500
5217,1025100
5218,975400
5219,1282300
5220,4655700
5221,1974900
5222,1586100
5223,1810400
5224,1597000
5225,1984400
5226,1839100
5227,1967500
5228,1927100
5229,1456000
5230,1603700
5231,1461200
5232,1248600
5233,958500
5234,1173300
5235,4746700
5236,1555700
5237,1164900
5238,1812400
5239,1631500
5240,2334200
5241,1639400
5242,1893000
5243,1914400
5244,1378600
5245,1461700
5246,1357000
5247,1314000
5248,2677700
5249,3222500
5250,1156300
5251,1516400
5252,1464100
5253,1399800
5254,1498900
5255,1800300
5256,1610800
5257,1708800
5258,1778900
5259,1361600
5260,2003900
5261,1916600
5262,1163300
5263,2607700
5264,2696300
5265,1246700
5266,1864500
5267,1633600
5268,1327500
5269,1856500
5270,2000500
5271,2139500
5272,1567700
5273,1349300
5274,1748100
5275,1506200
5276,1047800
5277,2131700
5278,5008300
5279,1215700
5280,1662800
5281,1897300
5282,1886800
5283,2152200
5284,2239900
5285,2269300
5286,2363800
5287,1474200
5288,1818800
5289,1145800
5290,1650400
5291,3285800
5292,2292700
5293,1757400
5294,2216500
5295,2085400
5296,2241500
5297,2540600
5298,2385300
5299,1586800
5300,1378000
5301,1515500
5302,1321900
5303,1269900
5304,1017500
5305,924500
5306,4357400
5307,2369400
5308,1387100
5309,2524200
5310,1696200
5311,1930600
5312,1437500
5313,2266500
5314,1928200
5315,1889800
5316,1340100
5317,1451200
5318,1061700
5319,1975300
5320,3384700
5321,1327400
5322,1003100
5323,1504100
5324,1506100
5325,1479800
5326,2031900
5327,1671200
5328,1936100
5329,1345100
5330,1173700
5331,1640700
5332,1246400
5333,1131400
5334,1175200
5335,957600
5336,5162700
5337,1475700
5338,1660200
5339,1474100
5340,2123600
5341,1616000
5342,2055100
5343,1965200
5344,1412700
5345,1438200
5346,1287200
5347,1140000
5348,1089100
5349,955800
5350,914400
5351,2401600
5352,3517900
5353,1552000
5354,981000
5355,1462600
5356,1301800
5357,2142100
5358,2382400
5359,2051100
5360,2043400
5361,1452200
5362,1426400
5363,1196600
5364,1252800
5365,1984900
5366,3043800
5367,1548400
5368,1590900
5369,1265100
5370,1477100
5371,2117600
5372,2026900
5373,1623900
5374,1974500
5375,1404900
5376,1296100
5377,1161200
5378,1080200
5379,1254100
5380,3880300
5381,2089600
5382,2293100
5383,2401700
5384,1792700
5385,2322700
5386,2095800
5387,1571600
5388,1377900
5389,1244300
5390,1231700
5391,1301300
5392,1247400
5393,1423200
5394,1182000
5395,1879200
5396,3338400
5397,1875900
5398,1914200
5399,1547000
5400,1553700
5401,1561700
5402,2424900
5403,1676800
5404,2159700
5405,1680800
5406,1420500
5407,1239900
5408,1419500
5409,1182000
5410,1456300
5411,1233300
5412,1571800
5413,1251600
5414,5695300
5415,1694800
5416,1646300
5417,1560000
5418,2685000
5419,2121700
5420,2199800
5421,1834000
5422,1817000
5423,1381400
5424,1107400
5425,1377000
5426,1216500
5427,1300900
5428,1725600
5429,2116900
5430,4891400
5431,1886600
5432,1422700
5433,1252000
5434,2007300
5435,1704700
5436,1722200
5437,1777500
5438,1509100
5439,1507300
5440,1182200
5441,1381000
5442,1112900
5443,1896900
5444,2163100
5445,2214100
5446,1499300
5447,1413100
5448,1669600
5449,1566200
5450,2723000
5451,2408900
5452,2013700
5453,1483200
5454,1351800
5455,1077100
5456,1189500
5457,1103700
5458,2583100
5459,2373500
5460,1692900
5461,1602300
5462,1548500
5463,1281800
5464,2667000
5465,2174800
5466,1957800
5467,1595500
5468,1526700
5469,1041700
5470,949200
5471,4270600
5472,2222700
5473,1561800
5474,1431200
5475,1571400
5476,2268800
5477,2335800
5478,2206000
5479,1368900
5480,1368800
5481,2063500
5482,1318200
5483,1210400
5484,1069900
5485,1205000
5486,3454500
5487,1653500
5488,1883500
5489,1564900
5490,1650600
5491,1825700
5492,2388600
5493,2335300
5494,1612700
5495,1618800
5496,1319500
5497,1058100
5498,1274800
5499,1090200
5500,1395100
5501,1235700
5502,1651700
5503,2361300
5504,2447000
5505,1434900
5506,1357300
5507,1483600
5508,1880600
5509,2364300
5510,2105600
5511,1783800
5512,1801200
5513,1453500
5514,1178900
5515,996800
5516,1265400
5517,1316000
5518,2578200
5519,2585400
5520,1654400
5521,1586900
5522,1464800
5523,1607200
5524,1930000
5525,2139800
5526,1802600
5527,1383300
5528,1442300
5529,1118400
5530,1186100
5531,1116200
5532,4441100
5533,1335100
5534,1743700
5535,1714500
5536,1508400
5537,1821200
5538,1959700
5539,2148000
5540,2052300
5541,1691700
5542,1836600
5543,1627200
5544,1437700
5545,2024800
5546,4321800
5547,1694000
5548,2981600
5549,1550800
5550,2423700
5551,1933500
5552,1693000
5553,1947800
5554,1743700
5555,1808000
5556,1340000
5557,1662100
5558,3505300
5559,3958800
5560,1376600
5561,1608300
5562,1689100
5563,1868800
5564,2519800
5565,2112200
5566,2332600
5567,1719000
5568,1634500
5569,2274300
5570,1843800
5571,1681200
5572,2057100
5573,1319600
5574,1341400
5575,3479100
5576,2443500
5577,1209600
5578,1841200
5579,1603100
5580,1764500
5581,2023600
5582,1810900
5583,2190500
5584,1535800
5585,1743900
5586,2178500
5587,1336000
5588,1603100
5589,1777400
5590,3442300
5591,3539200
5592,1445700
5593,1694500
5594,1505900
5595,1698400
5596,1785800
5597,1578200
5598,1860900
5599,1891200
5600,1722800
5601,1230800
5602,1954400
5603,1277400
5604,3387600
5605,3351500
5606,1428000
5607,1634400
5608,1617800
5609,2144300
5610,1901200
5611,1494200
5612,1882200
5613,2379300
5614,1923900
5615,1656400
5616,1372900
5617,1457500
5618,1066500
5619,1803100
5620,3706700
5621,1422500
5622,1435400
5623,1328800
5624,1788100
5625,1905800
5626,2220900
5627,1832800
5628,1712300
5629,1667800
5630,1695200
5631,1151900
5632,1285500
5633,1126700
5634,3998300
5635,2334800
5636,1440200
5637,1555700
5638,1654300
5639,1364400
5640,1397600
5641,1849100
5642,2217600
5643,2111000
5644,2102400
5645,1808800
5646,1480300
5647,1421900
5648,1502800
5649,1357800
5650,1139500
5651,1147600
5652,1796800
5653,3750000
5654,1594100
5655,1561200
5656,1403000
5657,1828300
5658,1783000
5659,1491000
5660,1663800
5661,2349600
5662,2075600
5663,1392600
5664,1214300
5665,1988200
5666,5158200
5667,1655900
5668,1373800
5669,1666800
5670,1348900
5671,1985000
5672,2151200
5673,1635500
5674,1882200
5675,1282900
5676,1541600
5677,1180300
5678,1988700
5679,4125700
5680,1995100
5681,2231600
5682,2259000
5683,2416300
5684,1793800
5685,1705300
5686,1385700
5687,1767600
5688,1384400
5689,1280500
5690,1034300
5691,4559700
5692,1974000
5693,1064900
5694,1651200
5695,1673200
5696,1755700
5697,1510500
5698,2018500
5699,1590900
5700,1334200
5701,1273800
5702,1319300
5703,1081500
5704,1268500
5705,997500
5706,3218600
5707,2694500
5708,1173300
5709,1233000
5710,1338100
5711,1541900
5712,2170700
5713,1770400
5714,1894700
5715,1400600
5716,1198600
5717,1232800
5718,1044800
5719,2333300
5720,2081200
5721,1748400
5722,1673200
5723,1405300
5724,1005800
5725,1345900
5726,1167600
5727,2545800
5728,1969300
5729,1654500
5730,1346700
5731,1345300
5732,1383900
5733,1089700
5734,915600
5735,1401300
5736,2886900
5737,3351000
5738,1653800
5739,1898700
5740,1494100
5741,1937700
5742,1919100
5743,1735600
5744,1838500
5745,1425000
5746,1705900
5747,1448700
5748,1305600
5749,1348900
5750,1369800
5751,2418000
5752,3096900
5753,1882300
5754,1699700
5755,1777400
5756,1300300
5757,1863800
5758,2353500
5759,2277800
5760,1603900
5761,1264400
5762,1403500
5763,1013300
5764,3720600
5765,2360700
5766,1350200
5767,1959900
5768,1666000
5769,1933300
5770,2353600
5771,2255800
5772,1693800
5773,1938200
5774,1260500
5775,1347400
5776,1320200
5777,1244900
5778,4185000
5779,2483400
5780,1976900
5781,1479600
5782,1333700
5783,2193200
5784,1974400
5785,1713200
5786,2199400
5787,1602700
5788,2068800
5789,1836100
5790,1462000
5791,1594600
5792,1184300
5793,1810300
5794,4044300
5795,1369800
5796,1700700
5797,1310100
5798,1423500
5799,2205400
5800,2222600
5801,1646200
5802,1605600
5803,2198500
5804,1687300
5805,1237100
5806,1531000
5807,1625300
5808,1350500
5809,1288200
5810,1238800
5811,1194800
5812,3491400
5813,1471300
5814,1375600
5815,1202400
5816,1569000
5817,1664700
5818,2370200
5819,2922300
5820,1489700
5821,1591900
5822,1091600
5823,1176000
5824,1029900
5825,1520100
5826,3485100
5827,1464300
5828,1228600
5829,1634300
5830,2274400
5831,2599500
5832,1833400
5833,1479400
5834,1419900
5835,1492100
5836,1254600
5837,1105200
5838,915900
5839,901600
5840,1269300
5841,4299200
5842,1674000
5843,1827400
5844,1496100
5845,1489500
5846,1874800
5847,2806500
5848,1679000
5849,1456100
5850,1564000
5851,1114600
5852,1530200
5853,1020800
5854,2716000
5855,2425900
5856,1557600
5857,1473600
5858,1574200
5859,1366200
5860,1848400
5861,1783500
5862,1901700
5863,1598600
5864,1408300
5865,1603900
5866,1447300
5867,1368900
5868,1433500
5869,2749100
5870,2135400
5871,1066300
5872,1414000
5873,1392100
5874,1350400
5875,1886800
5876,1688100
5877,1633100
5878,1693900
5879,1480100
5880,1239600
5881,999700
5882,908100
5883,1001700
5884,1603000
5885,1099200
5886,1104100
5887,946400
5888,1587600
5889,3634400
5890,1172600
5891,1849700
5892,1613400
5893,2132400
5894,1847800
5895,2204000
5896,1758700
5897,1411900
5898,1178700
5899,1326400
5900,1406600
5901,1105800
5902,1018900
5903,891400
5904,1092300
5905,3676900
5906,1802200
5907,1256900
5908,1574200
5909,1510300
5910,2635100
5911,1772600
5912,1748800
5913,1509000
5914,1235800
5915,1411800
5916,1155100
5917,1336900
5918,4437600
5919,1616400
5920,1556100
5921,1478100
5922,1232100
5923,2269800
5924,1686500
5925,2056600
5926,1938900
5927,2051500
5928,1548600
5929,1655800
5930,1077400
5931,1462700
5932,2088000
5933,4119300
5934,1488700
5935,1227800
5936,1570600
5937,1637200
5938,1470800
5939,1580900
5940,1726800
5941,2277600
5942,1710500
5943,1556100
5944,1743000
5945,1138600
5946,1056800
5947,2744700
5948,3370800
5949,1452400
5950,2027500
5951,1555800
5952,1925000
5953,1714400
5954,2279000
5955,1972600
5956,1652600
5957,1594600
5958,1608700
5959,1203600
5960,925900
5961,1328400
5962,3220200
5963,1638700
5964,1396800
5965,1671400
5966,1673500
5967,1837500
5968,1891100
5969,1825000
5970,1901300
5971,1956900
5972,1440200
5973,1415400
5974,1181500
5975,1038700
5976,3119600
5977,2836000
5978,1308600
5979,1451200
5980,1254600
5981,1895400
5982,1783800
5983,1600500
5984,1943400
5985,1500800
5986,1402000
5987,1053800
5988,1606400
5989,1163500
5990,1803500
5991,3439700
5992,1392400
5993,1651400
5994,1683000
5995,1327900
5996,2485200
5997,1551000
5998,2330300
5999,1687400
6000,1388100
6001,1483000
6002,1164100
6003,954300
6004,2761600
6005,2848800
6006,1294400
6007,1360900
6008,1181800
6009,1985200
6010,2100100
6011,1586600
6012,1965400
6013,1887400
6014,1567800
6015,1464600
6016,1183400
6017,1087700
6018,1280800
6019,1832700
6020,2396200
6021,2360600
6022,1802000
6023,1423600
6024,1693500
6025,1524600
6026,1789600
6027,2028500
6028,1968100
6029,1275600
6030,1652300
6031,1326500
6032,1273800
6033,923300
6034,2050000
6035,3351000
6036,1171700
6037,943900
6038,1615500
6039,1593300
6040,1557500
6041,1844700
6042,2320000
6043,1791200
6044,1534900
6045,1544100
6046,1123000
6047,1588200
6048,1105200
6049,1711000
6050,2825700
6051,1607700
6052,1048500
6053,1301400
6054,1374700
6055,1528800
6056,1816200
6057,1564300
6058,1445200
6059,1494400
6060,1267000
6061,1284700
6062,1265600
6063,1115400
6064,1340600
6065,4159100
6066,1679100
6067,1193600
6068,1665300
6069,1538700
6070,1362800
6071,1796800
6072,1299700
6073,1732900
6074,1682200
6075,1757800
6076,1289200
6077,1210400
6078,1234200
6079,1017400
6080,3642200
6081,2143800
6082,1306200
6083,1211600
6084,1304400
6085,1907900
6086,1767500
6087,2093500
6088,1718500
6089,1330200
6090,1245400
6091,1066400
6092,1205200
6093,1062300
6094,4065900
6095,1620900
6096,1175200
6097,1699600
6098,2045100
6099,2071700
6100,1842800
6101,1956800
6102,1717200
6103,1358100
6104,1312700
6105,1350600
6106,1288900
6107,949600
6108,880400
6109,903700
6110,2459000
6111,3147200
6112,1049500
6113,1631500
6114,1741200
6115,1436900
6116,1676600
6117,1685100
6118,1959200
6119,1623100
6120,1345100
6121,1372400
6122,1026600
6123,955400
6124,904500
6125,1213800
6126,1136700
6127,1078400
6128,1092700
6129,914200
6130,944600
6131,2740700
6132,2799400
6133,1581600
6134,1309400
6135,1512400
6136,1466700
6137,1593400
6138,2319200
6139,1998400
6140,1556100
6141,2298300
6142,1649800
6143,1040700
6144,1178500
6145,1036600
6146,1939900
6147,3415100
6148,1768300
6149,1638300
6150,1328900
6151,1198600
6152,1360600
6153,1465300
6154,1738700
6155,1484500
6156,1448900
6157,2439000
6158,2314500
6159,4031600
6160,1757500
6161,1739600
6162,1206900
6163,1552100
6164,1978800
6165,1875400
6166,2124200
6167,1602500
6168,1505000
6169,1533700
6170,1492600
6171,1100400
6172,984900
6173,973100
6174,999900
6175,1936300
6176,2539700
6177,1926100
6178,1298600
6179,1429200
6180,1949200
6181,1916200
6182,1599300
6183,1748800
6184,1800000
6185,1614200
6186,1297300
6187,1196200
6188,981700
6189,2495100
6190,2846800
6191,1984700
6192,1488100
6193,1344900
6194,1787100
6195,2367400
6196,1852100
6197,1965700
6198,2056400
6199,1361000
6200,1528800
6201,1421400
6202,1065500
6203,1220400
6204,3743100
6205,2564300
6206,1065000
6207,1310400
6208,1919200
6209,1595000
6210,1690300
6211,1591300
6212,1838600
6213,1957900
6214,1345700
6215,1388500
6216,1194200
6217,1256200
6218,1766100
6219,3214700
6220,1532400
6221,983500
6222,1453300
6223,1338500
6224,1228300
6225,1792000
6226,2238300
6227,1737600
6228,1575800
6229,1441300
6230,1307100
6231,1337200
6232,1176200
6233,3258900
6234,2430900
6235,2160700
6236,1251100
6237,1593400
6238,1961900
6239,2057200
6240,1470600
6241,1564900
6242,1470400
6243,2071200
6244,1785100
6245,1219200
6246,1146300
6247,3050500
6248,2103600
6249,1188100
6250,1583600
6251,1305100
6252,1306400
6253,1717600
6254,1947200
6255,2163400
6256,1385700
6257,1285400
6258,1322500
6259,1286300
6260,1437200
6261,1110200
6262,1251400
6263,1263000
6264,3172300
6265,2376600
6266,1289700
6267,1493600
6268,1179700
6269,1545200
6270,1895300
6271,2139300
6272,1918900
6273,1500000
6274,1649600
6275,1289100
6276,974300
6277,1098700
6278,950500
6279,2435400
6280,2656000
6281,1604200
6282,1119600
6283,1643100
6284,1808700
6285,1801200
6286,1949600
6287,2565200
6288,1694100
6289,1353600
6290,1421600
6291,1127200
6292,1149800
6293,991800
6294,906200
6295,3458700
6296,1817500
6297,1758800
6298,1536900
6299,1311300
6300,1727400
6301,1555900
6302,1815900
6303,2358800
6304,1422900
6305,1533500
6306,1305100
6307,968900
6308,2094800
6309,2820800
6310,1846500
6311,1267000
6312,1263600
6313,1376700
6314,1417000
6315,2023100
6316,1566600
6317,2096400
6318,1659900
6319,1335300
6320,1387100
6321,1091500
6322,1377200
6323,957000
6324,1523300
6325,2661600
6326,2061900
6327,1304500
6328,1697900
6329,1567300
6330,1568200
6331,1909000
6332,1853000
6333,2242700
6334,1674500
6335,1430200
6336,1371600
6337,1500900
6338,1149800
6339,1043800
6340,1534400
6341,3500200
6342,2979600
6343,1941400
6344,1805700
6345,1622400
6346,1862800
6347,1811200
6348,2194000
6349,1961000
6350,1863800
6351,1760100
6352,1051900
6353,930900
6354,848700
6355,1287000
6356,1067200
6357,1132500
6358,905300
6359,871000
6360,833200
6361,889900
6362,881300
6363,847300
6364,850400
6365,855700
6366,1452200
6367,1152000
6368,1336000
6369,1040900
6370,891700
6371,1407800
6372,2739600
6373,6725600
6374,2216900
6375,1883100
6376,2579000
6377,2099500
6378,1732400
6379,1865200
6380,1249000
6381,1024700
6382,1034300
6383,1340700
6384,1298000
6385,1337600
6386,1313700
6387,1214100
6388,4768900
6389,1745000
6390,1592700
6391,2085200
6392,1449100
6393,2251000
6394,1907200
6395,1750000
6396,2101200
6397,1584700
6398,1641800
6399,2259300
6400,1539400
6401,4021300
6402,2898300
6403,2115900
6404,2371500
6405,2557800
6406,2292500
6407,2062300
6408,1926900
6409,1481400
6410,1890400
6411,1131700
6412,1631500
6413,2950100
6414,2681600
6415,2197900
6416,1467500
6417,2005400
6418,2690200
6419,2230600
6420,2072000
6421,2219600
6422,2083600
6423,1271800
6424,1279000
6425,2885800
6426,3331500
6427,1928700
6428,1418500
6429,1389100
6430,1812700
6431,2235900
6432,1682900
6433,1820700
6434,8704400
6435,1793300
6436,1459500
6437,1211900
6438,1108800
6439,1151100
6440,2506500
6441,3934000
6442,1105700
6443,1358000
6444,1091500
6445,1692700
6446,1119700
6447,1714300
6448,2082400
6449,2224100
6450,1936400
6451,1938200
6452,1660800
6453,1315000
6454,1430600
6455,1137800
6456,1442900
6457,954600
6458,2782200
6459,3231700
6460,2024500
6461,2079500
6462,1622300
6463,2042900
6464,2322100
6465,1817200
6466,1590600
6467,1322400
6468,1408200
6469,1586200
6470,1217900
6471,1595900
6472,4351200
6473,1372500
6474,1631400
6475,2023600
6476,1933600
6477,2138300
6478,1903900
6479,2175900
6480,1484400
6481,1553100
6482,1280400
6483,1253700
6484,1111200
6485,3008800
6486,2081200
6487,1221900
6488,976100
6489,1130900
6490,1425500
6491,1698000
6492,2132100
6493,1875800
6494,1705200
6495,1603900
6496,1228700
6497,1195900
6498,1143400
6499,3076800
6500,2592500
6501,1428100
6502,1569400
6503,1239900
6504,1992100
6505,1618900
6506,1904000
6507,1808800
6508,1223500
6509,1378700
6510,1042300
6511,1018700
6512,3660400
6513,2008700
6514,1430900
6515,1255100
6516,1433700
6517,2272600
6518,2198500
6519,1729300
6520,1920600
6521,1439000
6522,1347400
6523,1296400
6524,1517500
6525,1079700
6526,953500
6527,960900
6528,999000
6529,2779400
6530,2390700
6531,1502300
6532,1452200
6533,1523800
6534,1492900
6535,2023700
6536,2603900
6537,1964200
6538,1570300
6539,1301900
6540,1380000
6541,1052600
6542,1135800
6543,1039100
6544,2297900
6545,3095900
6546,1357100
6547,1043300
6548,1533300
6549,1402900
6550,1654500
6551,1601200
6552,1642200
6553,1937000
6554,1394600
6555,1531100
6556,1178900
6557,1178600
6558,1342300
6559,1541800
6560,3150000
6561,1989800
6562,1667600
6563,1588600
6564,1513700
6565,1767600
6566,1918600
6567,1420200
6568,1421000
6569,1442200
6570,1966200
6571,1485800
6572,1178000
6573,1125200
6574,4321300
6575,2141900
6576,1907700
6577,1418100
6578,1577300
6579,1784900
6580,2544300
6581,1559300
6582,1790000
6583,1683400
6584,1295200
6585,1147100
6586,1022900
6587,4326200
6588,1409000
6589,2008800
6590,2309200
6591,1947800
6592,2035100
6593,1816400
6594,1701600
6595,1919800
6596,1411900
6597,1229900
6598,1169700
6599,1123200
6600,3748100
6601,3099500
6602,2020500
6603,2465800
6604,2285200
6605,1755400
6606,2038200
6607,1707900
6608,1480600
6609,1894300
6610,1258200
6611,1103800
6612,1117000
6613,1407600
6614,1209600
6615,1137200
6616,1216200
6617,1586000
6618,3220200
6619,1793800
6620,2335800
6621,1894900
6622,1766800
6623,2271600
6624,1833600
6625,1856800
6626,1641500
6627,1624300
6628,1445300
6629,1473500
6630,1075700
6631,933900
6632,957900
6633,3130100
6634,1548300
6635,1556300
6636,1485500
6637,1382800
6638,1622200
6639,2165300
6640,1989000
6641,1497800
6642,1334500
6643,1059000
6644,1216200
6645,981800
6646,2865800
6647,3373800
6648,2063000
6649,2004900
6650,1300700
6651,2042400
6652,1948100
6653,1826400
6654,1527900
6655,1960300
6656,1584600
6657,1074900
6658,2620900
6659,2525800
6660,1723700
6661,1729100
6662,1489600
6663,2126800
6664,2312900
6665,2191200
6666,2088900
6667,1684800
6668,1445100
6669,1256600
6670,1292300
6671,1087900
6672,3424100
6673,2637400
6674,1125900
6675,1339500
6676,1459800
6677,1207500
6678,1678500
6679,1512800
6680,2065600
6681,2154300
6682,1464800
6683,1719000
6684,1281500
6685,957600
6686,1073700
6687,1022000
6688,5118500
6689,1314300
6690,1560400
6691,1564500
6692,1324900
6693,1818000
6694,1749800
6695,2078400
6696,1533400
6697,1523100
6698,1819600
6699,1415500
6700,1120000
6701,1044500
6702,1262900
6703,5056500
6704,2076600
6705,2660700
6706,2248200
6707,2170100
6708,1779000
6709,1636000
6710,1433200
6711,2109200
6712,1890400
6713,2155700
6714,4895500
6715,1431400
6716,1523300
6717,1923900
6718,1655900
6719,2100800
6720,1689900
6721,2022900
6722,2220800
6723,1588600
6724,1425900
6725,1523400
6726,1503100
6727,1191300
6728,5743400
6729,1548900
6730,1715200
6731,1513200
6732,1561800
6733,1802900
6734,1975100
6735,2694300
6736,1944100
6737,1900000
6738,1564800
6739,1863000
6740,1440100
6741,1318400
6742,5071100
6743,1775000
6744,1484500
6745,1559500
6746,2225900
6747,2185000
6748,2423700
6749,1585300
6750,1191800
6751,2042800
6752,1802100
6753,1724500
6754,2196500
6755,4299600
6756,1593900
6757,1524600
6758,1483300
6759,1328400
6760,1720900
6761,1995300
6762,1661600
6763,1450800
6764,1274500
6765,1402000
6766,1566300
6767,1043600
6768,900500
6769,4058300
6770,2664200
6771,1624900
6772,1703900
6773,1660000
6774,1563600
6775,1293000
6776,1671000
6777,1646200
6778,1197800
6779,1414000
6780,1335300
6781,1352900
6782,1612300
6783,2995000
6784,1927500
6785,1101300
6786,1158700
6787,1366200
6788,1399400
6789,1982500
6790,1595700
6791,2064000
6792,1803700
6793,1259000
6794,1494700
6795,1319100
6796,1265500
6797,1218700
6798,2935500
6799,2983300
6800,1178800
6801,1384500
6802,1637900
6803,1538500
6804,1835100
6805,1690800
6806,1643100
6807,1238400
6808,1499000
6809,1263200
6810,1099100
6811,1168500
6812,2946400
6813,2490900
6814,2076800
6815,2078300
6816,2342800
6817,1667100
6818,1202500
6819,1817500
6820,1466200
6821,1341300
6822,1248000
6823,1279000
6824,1027700
6825,5050700
6826,1519600
6827,1355400
6828,1526200
6829,1461700
6830,1858000
6831,2167100
6832,2550300
6833,1478400
6834,1313500
6835,1064300
6836,914400
6837,1089500
6838,981600
6839,893000
6840,1260000
6841,1537600
6842,1208400
6843,1195300
6844,1295000
6845,1290500
6846,3254600
6847,1951700
6848,1000600
6849,1228400
6850,1124700
6851,1838900
6852,1799200
6853,1798300
6854,2052600
6855,2146900
6856,1692200
6857,1517000
6858,1190300
6859,1074800
6860,1105300
6861,1887100
6862,4310600
6863,1337000
6864,1260600
6865,1384100
6866,1511500
6867,2296600
6868,1931700
6869,1837600
6870,1550900
6871,1236000
6872,1075300
6873,1198900
6874,1148900
6875,3407100
6876,1953800
6877,1639300
6878,1326500
6879,1194200
6880,1360000
6881,1805300
6882,1513700
6883,2152900
6884,1337100
6885,1304900
6886,1384900
6887,1274800
6888,972800
6889,1053700
6890,2445000
6891,2037700
6892,1453900
6893,1413600
6894,1354000
6895,1433400
6896,1702400
6897,1167600
6898,2214500
6899,1760100
6900,1784800
6901,1546800
6902,1180300
6903,1264400
6904,935700
6905,1481000
6906,2806000
6907,2240300
6908,1107000
6909,2043200
6910,1547000
6911,2009800
6912,1769000
6913,2049100
6914,1783500
6915,1780000
6916,1386200
6917,1179500
6918,1216100
6919,1146500
6920,3229300
6921,2194200
6922,1440100
6923,1333600
6924,2261500
6925,1874900
6926,1775000
6927,1792200
6928,1906300
6929,1352100
6930,1681600
6931,1415500
6932,1194000
6933,1128100
6934,1743300
6935,4966600
6936,1362200
6937,1413000
6938,1176000
6939,2173200
6940,1896800
6941,1455800
6942,2040700
6943,1840600
6944,1475900
6945,2184700
6946,1595200
6947,2876200
6948,3885800
6949,1738500
6950,1627500
6951,1321900
6952,2145600
6953,1639700
6954,1460600
6955,2133000
6956,2116600
6957,1393400
6958,1162600
6959,1354500
6960,1438600
6961,1016200
6962,3119700
6963,2998200
6964,1644700
6965,1662400
6966,1607700
6967,1949800
6968,1483300
6969,1763300
6970,1680900
6971,1452000
6972,1448700
6973,1159000
6974,1215900
6975,1068800
6976,3021800
6977,2686600
6978,1692200
6979,1633200
6980,1191800
6981,1685100
6982,2733600
6983,2541500
6984,2508800
6985,1409500
6986,1456300
6987,1198300
6988,1188100
6989,1855700
6990,2427900
6991,1926000
6992,1312400
6993,1441300
6994,1219100
6995,1545200
6996,1795400
6997,2133000
6998,1711000
6999,1571200
7000,1720400
7001,1233200
7002,1147200
7003,1108600
7004,3524500
7005,3066400
7006,2211200
7007,1445200
7008,1690900
7009,1703200
7010,1453600
7011,1975800
7012,1586700
7013,1303200
7014,1703500
7015,1338100
7016,1114600
7017,1064200
7018,1023000
7019,2463900
7020,1772600
7021,1748300
7022,1655800
7023,1407700
7024,1778800
7025,1912900
7026,1578700
7027,1776100
7028,1230700
7029,1539000
7030,1184400
7031,1257200
7032,1047400
7033,2101300
7034,3627000
7035,1407900
7036,1419200
7037,1592800
7038,1944300
7039,1677100
7040,2270800
7041,1931500
7042,1394700
7043,1333600
7044,1096000
7045,1280700
7046,1043300
7047,2162600
7048,2949900
7049,1523900
7050,1118000
7051,1904600
7052,1797100
7053,2236700
7054,1590900
7055,1676000
7056,1694100
7057,1595900
7058,1363300
7059,1304800
7060,1123800
7061,3492300
7062,2170300
7063,1789000
7064,1401500
7065,1445900
7066,2065900
7067,1612300
7068,1584300
7069,1889200
7070,1739100
7071,1323400
7072,1123800
7073,1012500
7074,1316500
7075,1160500
7076,1743300
7077,1197800
7078,2748100
7079,2923700
7080,1011700
7081,1540900
7082,1281900
7083,1555400
7084,1799900
7085,1593900
7086,1643300
7087,1590800
7088,2006500
7089,1345400
7090,1095100
7091,1031200
7092,999400
7093,3382300
7094,2649400
7095,1043200
7096,1595000
7097,1195400
7098,1359200
7099,2052400
7100,1755200
7101,2131200
7102,1291000
7103,1267700
7104,1550400
7105,1175800
7106,1132700
7107,958100
7108,1110600
7109,2844000
7110,2386400
7111,1144000
7112,1114300
7113,1285000
7114,1580800
7115,1168400
7116,1407000
7117,1571900
7118,1842000
7119,1446100
7120,1580000
7121,1738500
7122,1338200
7123,1170500
7124,1197500
7125,1053000
7126,3313200
7127,3270900
7128,1345300
7129,1463000
7130,1958800
7131,2251800
7132,2719900
7133,2114600
7134,1756100
7135,1696300
7136,1440400
7137,1255000
7138,1208200
7139,1113400
7140,2323200
7141,3472100
7142,1110100
7143,1630200
7144,1548800
7145,1275500
7146,2444500
7147,2071700
7148,1822000
7149,1460800
7150,1366500
7151,1237400
7152,1075100
7153,1066500
7154,3295500
7155,2555500
7156,1271600
7157,1928300
7158,1687200
7159,1288700
7160,2200300
7161,2488300
7162,2788600
7163,1600200
7164,1396000
7165,1592100
7166,1570000
7167,3531100
7168,3612100
7169,1156700
7170,1670800
7171,2275900
7172,2304700
7173,1770700
7174,1924600
7175,1603600
7176,2055400
7177,1496000
7178,1046000
7179,1463400
7180,981900
7181,2021300
7182,3966200
7183,1246500
7184,1515000
7185,1928900
7186,1200900
7187,1446000
7188,2645600
7189,3269100
7190,1638200
7191,1466500
7192,1381200
7193,1005900
7194,3785300
7195,1249700
7196,1072300
7197,2307100
7198,3799900
7199,1190800
7200,1601900
7201,1855400
7202,1931600
7203,2522700
7204,1834600
7205,2432700
7206,1954300
7207,1270300
7208,1286400
7209,1317500
7210,1310300
7211,2133900
7212,3335300
7213,1831000
7214,1525400
7215,1479600
7216,1397600
7217,1552800
7218,1638400
7219,1602300
7220,1906600
7221,1334500
7222,2067700
7223,1382100
7224,1136500
7225,1102100
7226,1328100
7227,1003400
7228,3955300
7229,2155200
7230,1195200
7231,1524400
7232,1580200
7233,1945800
7234,1858300
7235,1612500
7236,1674400
7237,1233000
7238,1530100
7239,1788700
7240,1293600
7241,2915100
7242,2803900
7243,1330500
7244,1265800
7245,1634500
7246,1458000
7247,1670800
7248,1595100
7249,1737400
7250,1407300
7251,1488300
7252,1405900
7253,1414600
7254,1221500
7255,1249400
7256,1096900
7257,1257000
7258,3756900
7259,1718100
7260,1129100
7261,1835400
7262,1588000
7263,1831200
7264,2431800
7265,2512800
7266,1513800
7267,1155500
7268,1251200
7269,1254400
7270,1899100
7271,1065400
7272,1092000
7273,1054800
7274,3654900
7275,2853900
7276,1885100
7277,1612400
7278,1312300
7279,1568500
7280,2084500
7281,2312500
7282,1596700
7283,1444200
7284,1452500
7285,1383600
7286,1306200
7287,1195700
7288,4802500
7289,1608700
7290,1303100
7291,1260300
7292,1519600
7293,1796400
7294,1602200
7295,1761900
7296,1983200
7297,1328900
7298,1392400
7299,1185200
7300,1041100
7301,950800
7302,1142700
7303,1824200
7304,2298800
7305,1840300
7306,1122200
7307,1041900
7308,966800
7309,961400
7310,1237900
7311,1162200
7312,1326700
7313,2241900
7314,1939500
7315,2259300
7316,1712300
7317,1625500
7318,1300200
7319,1043600
7320,936400
7321,1283600
7322,1231300
7323,1043100
7324,1161800
7325,1074800
7326,1280100
7327,5742600
7328,1758600
7329,2242300
7330,1439100
7331,1823300
7332,1940300
7333,1881600
7334,1638000
7335,1541700
7336,1649100
7337,1489500
7338,1431200
7339,1148900
7340,1161400
7341,4066200
7342,2302800
7343,1505100
7344,1480300
7345,1515000
7346,1878000
7347,2375300
7348,1785700
7349,1420700
7350,1536900
7351,1363400
7352,1376700
7353,1246700
7354,1327700
7355,1257600
7356,3038000
7357,2595900
7358,1416900
7359,1854300
7360,1690300
7361,1678700
7362,1817100
7363,1840100
7364,2018300
7365,1961200
7366,2069700
7367,1656000
7368,2188000
7369,1411400
7370,1276800
7371,3885100
7372,2229600
7373,1242200
7374,1523900
7375,2127200
7376,1639400
7377,2253700
7378,2297200
7379,2051600
7380,2091000
7381,1554100
7382,1921100
7383,1489600
7384,1338000
7385,1205600
7386,1070200
7387,1089300
7388,3898800
7389,2444500
7390,1311900
7391,1511100
7392,1635900
7393,1373700
7394,1529400
7395,2129300
7396,2335200
7397,1566500
7398,1311000
7399,1543900
7400,1264500
7401,1312000
7402,1001100
7403,2129200
7404,4030100
7405,2094500
7406,1311800
7407,1596400
7408,1550500
7409,2330400
7410,2024800
7411,1965800
7412,1948800
7413,1904000
7414,1458600
7415,1249200
7416,1002300
7417,2951900
7418,3127400
7419,1503000
7420,1217200
7421,1384900
7422,1859000
7423,1769600
7424,1848300
7425,1666400
7426,1441100
7427,1187400
7428,974400
7429,931600
7430,1791000
7431,2058800
7432,1810200
7433,3301200
7434,3210300
7435,1315500
7436,1857400
7437,1499400
7438,2258000
7439,1920100
7440,2078900
7441,1597300
7442,1771900
7443,1138900
7444,1105900
7445,1113500
7446,3070900
7447,2490400
7448,1460500
7449,1299600
7450,1133800
7451,2277700
7452,2070600
7453,1370300
7454,2131200
7455,2189000
7456,1815500
7457,2115500
7458,3459600
7459,4183500
7460,2365100
7461,2370100
7462,2065000
7463,2435400
7464,2227900
7465,2266400
7466,1420500
7467,1486300
7468,1726000
7469,1764400
7470,3387600
7471,3868800
7472,1681200
7473,1472500
7474,2090300
7475,2181600
7476,2190300
7477,1811900
7478,2127400
7479,2118100
7480,1505300
7481,4429200
7482,1493600
7483,1423300
7484,2073500
7485,2042800
7486,2109600
7487,1570800
7488,1905600
7489,1870400
7490,1354400
7491,2033200
7492,2410900
7493,3637700
7494,1461300
7495,1731200
7496,2399200
7497,2281600
7498,2023400
7499,2436200
7500,1871000
7501,1684900
7502,2092400
7503,1340500
7504,1890300
7505,1409700
7506,1554700
7507,1426200
7508,1442900
7509,4221800
7510,2975500
7511,1489300
7512,1667700
7513,1784800
7514,1603400
7515,1388600
7516,1377600
7517,1679300
7518,1972600
7519,2426700
7520,1685700
7521,1476400
7522,1357000
7523,1332200
7524,5483600
7525,1456300
7526,1337100
7527,1720500
7528,1280900
7529,1893100
7530,1552300
7531,2101700
7532,1863800
7533,2041900
7534,2030700
7535,1630900
7536,3676600
7537,1169900
7538,1384300
7539,1267800
7540,1811900
7541,2361700
7542,1556000
7543,1619600
7544,1520600
7545,1230400
7546,1896800
7547,1118200
7548,1698100
7549,1823100
7550,1254400
7551,1254000
7552,3324700
7553,3182300
7554,1405500
7555,1490000
7556,1384100
7557,1923600
7558,1336700
7559,1732000
7560,1799900
7561,1632000
7562,1637500
7563,1182200
7564,1428700
7565,1621900
7566,5370200
7567,2740800
7568,2158200
7569,1509600
7570,1694100
7571,2579900
7572,1831700
7573,2192000
7574,1800700
7575,1555300
7576,1438300
7577,1198300
7578,1678800
7579,1249700
7580,1193200
7581,1336300
7582,2674700
7583,3212000
7584,1573500
7585,1628400
7586,1805200
7587,1166900
7588,1058300
7589,2569900
7590,1799200
7591,2193500
7592,1824800
7593,1596700
7594,1478800
7595,1463800
7596,1131000
7597,960000
7598,4632400
7599,2176600
7600,1230900
7601,1348500
7602,1521800
7603,1462800
7604,2381000
7605,1361100
7606,2381000
7607,2510700
7608,2007500
7609,1658500
7610,1436800
7611,1142200
7612,1285000
7613,3260700
7614,2878400
7615,1179900
7616,1845400
7617,1369100
7618,1605800
7619,2452500
7620,2447300
7621,1944100
7622,1723700
7623,1211400
7624,953400
7625,1664700
7626,1172700
7627,1028000
7628,907700
7629,2276100
7630,3142400
7631,1190800
7632,1651900
7633,2306800
7634,1861600
7635,2246900
7636,1780200
7637,2221400
7638,2121400
7639,2006000
7640,1566700
7641,1409300
7642,1142300
7643,978200
7644,1060300
7645,2418800
7646,2331300
7647,1142900
7648,1580100
7649,1458700
7650,1438000
7651,1993300
7652,1725500
7653,1702400
7654,1611800
7655,1409200
7656,1386100
7657,2032100
7658,1644200
7659,1103100
7660,1168400
7661,969900
7662,5196000
7663,2470700
7664,2325400
7665,1460700
7666,1972800
7667,2186700
7668,1887800
7669,2101700
7670,2069000
7671,1557000
7672,2322700
7673,1601800
7674,1737000
7675,5311900
7676,2290900
7677,2461100
7678,1990800
7679,1891600
7680,2017300
7681,1937300
7682,2051600
7683,1326500
7684,1543800
7685,1130600
7686,1316700
7687,1109400
7688,3017100
7689,3722500
7690,1331000
7691,1959200
7692,1490300
7693,2144700
7694,2063600
7695,1740100
7696,1726800
7697,1448100
7698,1592600
7699,1372100
7700,1515400
7701,1109200
7702,1713200
7703,4356800
7704,1550400
7705,1416700
7706,1777200
7707,1341300
7708,1975300
7709,1604600
7710,1576900
7711,1643900
7712,1677400
7713,1659700
7714,1765700
7715,1202600
7716,1114600
7717,2604900
7718,3460700
7719,1689900
7720,1586600
7721,1522400
7722,1941600
7723,1751900
7724,1767500
7725,1730900
7726,1587800
7727,1268700
7728,1462700
7729,1569200
7730,2249200
7731,1556900
7732,1377500
7733,5007500
7734,1382900
7735,2309500
7736,1868600
7737,1635300
7738,2316300
7739,1750500
7740,2046200
7741,1979200
7742,1555100
7743,1578300
7744,1517000
7745,1205700
7746,1710100
7747,5161100
7748,1215300
7749,2062700
7750,2353300
7751,2266600
7752,2244100
7753,2154200
7754,1797300
7755,1660100
7756,1432800
7757,1367000
7758,1338200
7759,1562900
7760,3496100
7761,1773000
7762,1825200
7763,2401300
7764,2013700
7765,2635500
7766,2190200
7767,1780200
7768,1481000
7769,1628000
7770,1347800
7771,1550600
7772,1548400
7773,3535500
7774,3346700
7775,2019500
7776,1843400
7777,1943500
7778,2099300
7779,2228000
7780,1972100
7781,1683100
7782,1393300
7783,1149100
7784,1160900
7785,1211200
7786,1241200
7787,1453200
7788,1190300
7789,2747600
7790,3054200
7791,1210900
7792,1436900
7793,1418700
7794,1302700
7795,2533000
7796,1859300
7797,2156900
7798,1431300
7799,1552800
7800,1354400
7801,1452100
7802,1397300
7803,1770100
7804,3561300
7805,3890200
7806,1534500
7807,1448500
7808,1361900
7809,1183300
7810,1781800
7811,2517300
7812,1942600
7813,1982000
7814,2021700
7815,1548000
7816,1433900
7817,1585100
7818,1113600
7819,1016300
7820,2703500
7821,3628200
7822,1994400
7823,2415200
7824,2197200
7825,2287800
7826,2330700
7827,1459500
7828,1280800
7829,1659700
7830,1350000
7831,1145100
7832,1129000
7833,1152100
7834,4175300
7835,2185000
7836,1581100
7837,1742100
7838,1452000
7839,1844900
7840,1714200
7841,1700600
7842,1523800
7843,1453700
7844,1312200
7845,1426200
7846,1465100
7847,1794700
7848,2963800
7849,1451800
7850,1121800
7851,1581100
7852,1569400
7853,1641700
7854,2092300
7855,1809700
7856,1542100
7857,1537300
7858,1246000
7859,1417000
7860,1135900
7861,1626800
7862,3880500
7863,1214300
7864,1452400
7865,1481700
7866,1374600
7867,2400000
7868,1923400
7869,2247600
7870,1323200
7871,1607100
7872,1246000
7873,1291300
7874,1007500
7875,3547100
7876,2270100
7877,1829300
7878,1603300
7879,1706400
7880,2266300
7881,2353300
7882,2079400
7883,1890800
7884,1381800
7885,1155500
7886,1312400
7887,1594900
7888,1273300
7889,1337900
7890,1177400
7891,2509100
7892,3067900
7893,2413300
7894,1862200
7895,1834300
7896,1570400
7897,1890000
7898,1904800
7899,2206600
7900,1703300
7901,2245100
7902,1608900
7903,1819200
7904,1701900
7905,1556700
7906,1471100
7907,4147100
7908,2508400
7909,1304000
7910,2215300
7911,1891400
7912,2447500
7913,2061400
7914,2175500
7915,1863000
7916,1473200
7917,1597100
7918,1264400
7919,3151700
7920,3045500
7921,1434800
7922,2010600
7923,1748500
7924,2361100
7925,2763600
7926,1987700
7927,1977800
7928,1491100
7929,1191700
7930,1148200
7931,1190200
7932,6448600
7933,2120300
7934,1293600
7935,1651600
7936,2070500
7937,1937400
7938,2642000
7939,2134600
7940,2065100
7941,1838300
7942,1253800
7943,1034700
7944,1068600
7945,3567900
7946,2224500
7947,1712700
7948,1881500
7949,2285400
7950,2168800
7951,1935100
7952,1919500
7953,1599100
7954,1482900
7955,1259300
7956,1212300
7957,1436700
7958,1301400
7959,1339700
7960,1164500
7961,4857000
7962,1557200
7963,1205800
7964,1541000
7965,2174500
7966,2264600
7967,2450000
7968,1944500
7969,2007400
7970,1559600
7971,1514900
7972,1129100
7973,2232200
7974,3282100
7975,1846300
7976,1370800
7977,1349300
7978,1544400
7979,1832200
7980,1810200
7981,1685800
7982,1611000
7983,1494800
7984,1330200
7985,1312400
7986,1208800
7987,1101100
7988,1102900
7989,3164600
7990,2172000
7991,1485300
7992,1177400
7993,1466700
7994,1526200
7995,1477000
7996,1908700
7997,2717000
7998,1574200
7999,1239200
8000,1283900
8001,963700
8002,1967100
8003,2869400
8004,1353000
8005,1053000
8006,1657700
8007,1333200
8008,1151600
8009,1903500
8010,1552200
8011,2022800
8012,1601600
8013,4617100
8014,1288300
8015,1197500
8016,1057400
8017,1043200
8018,1146400
8019,1065300
8020,1539800
8021,1328100
8022,4128800
8023,2403600
8024,1514600
8025,1182500
8026,1370000
8027,1633100
8028,1530200
8029,1611200
8030,1732600
8031,1477800
8032,1253900
8033,1453100
8034,1170500
8035,946800
8036,1219100
8037,3424400
8038,2073000
8039,1147000
8040,1604000
8041,1313500
8042,1666400
8043,1517600
8044,1935000
8045,1911800
8046,1443200
8047,1393100
8048,1102500
8049,1077300
8050,1167800
8051,1339600
8052,1349100
8053,2711300
8054,1742800
8055,986100
8056,1353200
8057,1159800
8058,1717000
8059,1839100
8060,2066300
8061,2309100
8062,1696800
8063,1513100
8064,1359100
8065,1006000
8066,938100
8067,943700
8068,2811800
8069,3245400
8070,1137800
8071,1833500
8072,1459100
8073,1445000
8074,1733800
8075,1861000
8076,2023100
8077,1612300
8078,1301600
8079,1319800
8080,1205000
8081,1248000
8082,1014800
8083,3136200
8084,3144900
8085,1481100
8086,1277100
8087,1614000
8088,2301300
8089,1427800
8090,1628900
8091,1640900
8092,1279000
8093,1192800
8094,1189600
8095,1120500
8096,1116800
8097,1141600
8098,2574300
8099,2073900
8100,1445300
8101,1377800
8102,1403500
8103,1326200
8104,1489100
8105,1695500
8106,1654600
8107,1551800
8108,1424500
8109,1346700
8110,1250800
8111,1115500
8112,1223600
8113,2995300
8114,2400700
8115,1105200
8116,1554600
8117,1626900
8118,1702000
8119,2145900
8120,1729600
8121,2126700
8122,1403800
8123,1180600
8124,1686700
8125,1157200
8126,1365900
8127,1415600
8128,3694100
8129,2724100
8130,1614500
8131,1374600
8132,1359900
8133,1087600
8134,1544900
8135,1938300
8136,1607600
8137,1697300
8138,1763700
8139,1976800
8140,1338200
8141,1134800
8142,1013000
8143,1110800
8144,1963000
8145,2842100
8146,1317200
8147,1168600
8148,1343700
8149,1604100
8150,1380300
8151,1861600
8152,2116000
8153,2254700
8154,1588200
8155,1438700
8156,1137300
8157,1275600
8158,988700
8159,1177800
8160,2861900
8161,2249800
8162,1693400
8163,1435000
8164,1253700
8165,2488500
8166,1976700
8167,1833300
8168,1633500
8169,1262600
8170,1166800
8171,1148400
8172,982100
8173,1461900
8174,3284000
8175,1956100
8176,1412400
8177,1509800
8178,1322700
8179,1663100
8180,1867300
8181,2239600
8182,1614500
8183,1352100
8184,1353600
8185,1339200
8186,1048400
8187,1158800
8188,1153300
8189,3538500
8190,2537900
8191,1098000
8192,1505300
8193,1563200
8194,1722600
8195,1628100
8196,1756900
8197,1673700
8198,2010100
8199,1390300
8200,1668300
8201,1192800
8202,998300
8203,993300
8204,3255700
8205,2581600
8206,1094400
8207,1754600
8208,2050800
8209,1499300
8210,2101200
8211,2074500
8212,1841700
8213,1684000
8214,1343900
8215,1529400
8216,1187500
8217,1171100
8218,1409600
8219,3766800
8220,1369300
8221,1441800
8222,1286100
8223,1791300
8224,1811500
8225,1903700
8226,1855100
8227,1638300
8228,1309700
8229,1184000
8230,1220000
8231,1166700
8232,1015400
8233,894000
8234,1633600
8235,3766200
8236,1521200
8237,1066300
8238,1641300
8239,1341000
8240,1898400
8241,1899900
8242,1761300
8243,1493000
8244,1438900
8245,1315700
8246,1280400
8247,1143500
8248,1185900
8249,1062500
8250,3179300
8251,2073900
8252,1208600
8253,2010300
8254,1481300
8255,1779100
8256,2202600
8257,1984000
8258,2011900
8259,1577900
8260,1247500
8261,1127600
8262,1124900
8263,1376400
8264,1096500
8265,1055700
8266,959800
8267,1254400
8268,3576200
8269,1691300
8270,1424400
8271,1261000
8272,1306500
8273,2330300
8274,1612000
8275,1647400
8276,2031600
8277,2176900
8278,1273700
8279,971800
8280,1285200
8281,1322600
8282,3392900
8283,2085000
8284,1762500
8285,1454700
8286,1268900
8287,2093900
8288,1974800
8289,1485600
8290,1463200
8291,1436600
8292,1238400
8293,1241200
8294,1065500
8295,925500
8296,3157100
8297,2749200
8298,1164300
8299,1590900
8300,1335100
8301,1406600
8302,2157700
8303,2033500
8304,1883300
8305,1404500
8306,1503500
8307,1542700
8308,1276000
8309,1275000
8310,3558700
8311,2719100
8312,1374900
8313,1823300
8314,1568800
8315,1613400
8316,2055400
8317,1707300
8318,2033000
8319,1855700
8320,1377600
8321,1419900
8322,1153500
8323,1428600
8324,1387100
8325,1373700
8326,1131700
8327,1044200
8328,3078700
8329,2950600
8330,1709300
8331,1800100
8332,1320200
8333,1450100
8334,2172500
8335,1713600
8336,1850300
8337,1538000
8338,1438700
8339,1386800
8340,1165500
8341,1191000
8342,985100
8343,1592500
8344,3004600
8345,1675900
8346,1934400
8347,1321900
8348,1660900
8349,2631000
8350,2176100
8351,1759700
8352,1348300
8353,1527300
8354,1291900
8355,1153500
8356,994300
8357,1101300
8358,3264500
8359,1222300
8360,1698200
8361,2392100
8362,2233500
8363,2354300
8364,2087500
8365,1514200
8366,1691400
8367,1203100
8368,1441300
8369,1560900
8370,5435700
8371,1345100
8372,1687800
8373,1665200
8374,2170100
8375,2266000
8376,1995400
8377,1742300
8378,1628100
8379,1373200
8380,1100300
8381,1263600
8382,3200400
8383,2053400
8384,1028100
8385,1947000
8386,1484700
8387,1225800
8388,1780100
8389,1734700
8390,2534100
8391,2063600
8392,1602700
8393,1444900
8394,1271100
8395,973300
8396,953200
8397,976100
8398,975000
8399,3311000
8400,2095000
8401,1063900
8402,1506200
8403,1424500
8404,1395200
8405,1530000
8406,1576000
8407,1617200
8408,1558000
8409,1420600
8410,1315100
8411,1379200
8412,1409900
8413,1399100
8414,1237000
8415,1011900
8416,881100
8417,3202600
8418,2475600
8419,1242400
8420,1347400
8421,1653100
8422,1551300
8423,1596700
8424,2101300
8425,1949200
8426,1609700
8427,1372400
8428,1127600
8429,1355400
8430,1127600
8431,2081800
8432,2464800
8433,1969600
8434,1544400
8435,1361100
8436,1435800
8437,1943700
8438,1714100
8439,1511800
8440,1202600
8441,1942900
8442,1419200
8443,1456000
8444,1226300
8445,1191200
8446,3092300
8447,2145800
8448,1163000
8449,1728100
8450,1793000
8451,2129100
8452,2203600
8453,2372200
8454,1472800
8455,1179700
8456,1318800
8457,1456100
8458,1244200
8459,1292700
8460,1633400
8461,2029700
8462,3273300
8463,1400500
8464,1331400
8465,1459800
8466,1127400
8467,1705700
8468,2008900
8469,2078200
8470,1578100
8471,1376900
8472,1366200
8473,1473500
8474,1346700
8475,3923800
8476,1712400
8477,1058600
8478,1251500
8479,1622800
8480,1883000
8481,2199300
8482,1674100
8483,1744200
8484,1483000
8485,1355500
8486,1183800
8487,1130500
8488,937700
8489,1696600
8490,2534300
8491,2043800
8492,1521700
8493,1269200
8494,1681600
8495,2236000
8496,1935400
8497,1947200
8498,1736800
8499,1554800
8500,1102700
8501,1113800
8502,1032500
8503,994500
8504,995300
8505,1026200
8506,1333500
8507,1163200
8508,1011000
8509,1700400
8510,1095900
8511,2630100
8512,1981000
8513,2067100
8514,1310000
8515,1501700
8516,1307800
8517,1869700
8518,2276600
8519,2227600
8520,1518300
8521,2306400
8522,1418400
8523,1099300
8524,1140500
8525,1157700
8526,1027200
8527,2648700
8528,2697300
8529,1167800
8530,965600
8531,1935000
8532,1703000
8533,1325100
8534,1549100
8535,2165100
8536,1605900
8537,1425000
8538,1463600
8539,1054300
8540,1072400
8541,907400
8542,1863600
8543,3497000
8544,1670200
8545,1593000
8546,1725400
8547,1333500
8548,1310700
8549,1603000
8550,1874000
8551,2179800
8552,2008400
8553,1371400
8554,1463500
8555,1259000
8556,3632100
8557,2646000
8558,1936100
8559,1494600
8560,1622900
8561,1750100
8562,1930700
8563,2006100
8564,1899600
8565,1563700
8566,1227200
8567,1229800
8568,1254800
8569,1197200
8570,1604600
8571,3302800
8572,1642600
8573,1582000
8574,1620000
8575,1616200
8576,2366800
8577,1736700
8578,1885700
8579,1663100
8580,1401800
8581,1333200
8582,1053200
8583,1327700
8584,2446600
8585,4031400
8586,1567500
8587,1520800
8588,1463300
8589,1686100
8590,1768300
8591,2197100
8592,1574800
8593,1507200
8594,1225000
8595,1354800
8596,1193100
8597,941700
8598,1024500
8599,1018600
8600,929400
8601,2582600
8602,2878400
8603,1244100
8604,1705300
8605,1520400
8606,1306200
8607,1661900
8608,1672600
8609,1732900
8610,1653100
8611,1184400
8612,1575400
8613,1297200
8614,1087800
8615,1000300
8616,3326400
8617,2434500
8618,1266400
8619,1223700
8620,1775800
8621,1756700
8622,1845500
8623,1732200
8624,1618400
8625,1353900
8626,1329100
8627,1207000
8628,1483600
8629,992700
8630,3224800
8631,2843500
8632,1626900
8633,1412200
8634,1695100
8635,2124300
8636,1671800
8637,2145900
8638,1629800
8639,1550800
8640,1783600
8641,1269600
8642,1162000
8643,1052600
8644,3378100
8645,2217300
8646,1795800
8647,1344200
8648,1252200
8649,1141400
8650,1978700
8651,1738300
8652,1861900
8653,1223900
8654,1473000
8655,1316800
8656,1130200
8657,1117400
8658,4035600
8659,3199800
8660,1979400
8661,1907100
8662,1514100
8663,1906900
8664,2750400
8665,1841600
8666,1436100
8667,1570500
8668,1129000
8669,1000600
8670,928800
8671,1758100
8672,4009800
8673,1496300
8674,1492000
8675,2650300
8676,2044200
8677,1870100
8678,2086800
8679,1569700
8680,1495200
8681,1526800
8682,1411600
8683,1378600
8684,4006700
8685,1565900
8686,1237100
8687,1296000
8688,1699300
8689,1919500
8690,1868400
8691,1852000
8692,1356900
8693,1657800
8694,1234700
8695,2067000
8696,3769500
8697,1218700
8698,1588200
8699,1663700
8700,1834100
8701,1765200
8702,1673400
8703,1373100
8704,1458400
8705,1750500
8706,1186200
8707,1101000
8708,3256600
8709,2919500
8710,1470000
8711,1251500
8712,1591800
8713,1470100
8714,2338000
8715,1824900
8716,2309000
8717,1706900
8718,1773200
8719,1638800
8720,1365400
8721,1157200
8722,1350100
8723,3265500
8724,1836300
8725,1854700
8726,1586100
8727,1615200
8728,2335900
8729,1449100
8730,1489100
8731,2097600
8732,1738400
8733,1343100
8734,1000700
8735,989800
8736,1110800
8737,1362100
8738,1104400
8739,1490100
8740,1376700
8741,1384700
8742,1277900
8743,4945100
8744,1953000
8745,1569400
8746,1636200
8747,1779800
8748,1749900
8749,1673600
8750,1804600
8751,1358800
8752,1306300
8753,1274500
8754,1115600
8755,1059800
8756,1194700
8757,2972400
8758,2340500
8759,1244900
8760,1570000
8761,1411200
8762,1954900
8763,1885500
8764,1523400
8765,2209800
8766,1345100
8767,1686100
8768,1327900
8769,979800
8770,956200
8771,1076700
8772,2670000
8773,3265800
8774,1119300
8775,1637200
8776,1854400
8777,1540100
8778,2267600
8779,1996200
8780,1614800
8781,1675000
8782,1638700
8783,1532700
8784,1342400
8785,1031500
8786,979700
8787,998300
8788,2479400
8789,3425500
8790,1158800
8791,1331200
8792,1340700
8793,1379100
8794,1338900
8795,2090400
8796,2148500
8797,1748200
8798,1766200
8799,1568200
8800,1317100
8801,1113400
8802,1140800
8803,2428900
8804,3084400
8805,1217600
8806,948100
8807,1364500
8808,1534200
8809,1555700
8810,1802700
8811,1769300
8812,1530200
8813,1827400
8814,1590600
8815,1597000
8816,1197200
8817,1262500
8818,1210000
8819,2920000
8820,2910300
8821,1496800
8822,1624400
8823,1551100
8824,1281700
8825,2274000
8826,1321800
8827,1610000
8828,1547200
8829,1454000
8830,1547700
8831,1334000
8832,1297800
8833,1040200
8834,5832600
8835,1422900
8836,2097000
8837,1562400
8838,1369900
8839,2279900
8840,2102600
8841,5856000
8842,2291200
8843,1326200
8844,1187900
8845,1189000
8846,1960700
8847,3580200
8848,1557300
8849,1830600
8850,1480700
8851,1643900
8852,2240300
8853,2546800
8854,2136000
8855,2381100
8856,1558100
8857,1801300
8858,1251100
8859,1538000
8860,1268800
8861,3044300
8862,2862300
8863,1428500
8864,1527800
8865,1984500
8866,1819600
8867,2440900
8868,2072700
8869,2002400
8870,1395300
8871,1603100
8872,2161800
8873,1333200
8874,1047600
8875,1231400
8876,3195600
8877,2587300
8878,1982800
8879,1583800
8880,2344700
8881,1891900
8882,2339000
8883,2314700
8884,1880800
8885,1400500
8886,1530700
8887,1617700
8888,1447300
8889,1232200
8890,3063700
8891,2300500
8892,1991500
8893,1575400
8894,2012600
8895,1922700
8896,2494600
8897,2239900
8898,1740800
8899,2015100
8900,15384600
8901,3480400
8902,2227100
8903,2306000
8904,2081800
8905,1609500
8906,1541100
8907,1952200
8908,1246300
8909,1670000
8910,1177000
8911,1892900
8912,4197400
8913,1283100
8914,1540400
8915,1303800
8916,1557300
8917,2042900
8918,1965700
8919,2855800
8920,1698800
8921,1317100
8922,1186000
8923,1312100
8924,1162200
8925,1040900
8926,1168200
8927,1235400
8928,3571600
8929,1955700
8930,1483400
8931,1401800
8932,1284900
8933,1803800
8934,1730400
8935,1679700
8936,1439200
8937,1502600
8938,1559000
8939,1090200
8940,1081600
8941,1100900
8942,2648900
8943,2523600
8944,1206200
8945,1491800
8946,1256400
8947,1353400
8948,1675300
8949,2518800
8950,1818700
8951,1285000
8952,1448900
8953,1410500
8954,1007700
8955,998300
8956,1030100
8957,1135100
8958,3478400
8959,2640000
8960,1449400
8961,1142800
8962,1249200
8963,1772500
8964,1561800
8965,1671800
8966,2021100
8967,1287800
8968,1461000
8969,1065400
8970,1211000
8971,1093800
8972,1148100
8973,1114700
8974,978600
8975,3537500
8976,2815700
8977,1192400
8978,1964200
8979,1805700
8980,1480900
8981,1848100
8982,1583600
8983,2036200
8984,1678800
8985,1947100
8986,1546500
8987,1493200
8988,1208700
8989,1985700
8990,3851400
8991,1486800
8992,2193800
8993,1752100
8994,1606200
8995,1872900
8996,2452100
8997,1899000
8998,1422500
8999,1419100
9000,1404000
9001,1028300
9002,1293700
9003,4663100
9004,1376700
9005,1278900
9006,1154400
9007,1515200
9008,1656000
9009,2037400
9010,1810400
9011,1382900
9012,1295100
9013,1170500
9014,1082300
9015,1220200
9016,1146000
9017,1127800
9018,961300
9019,1911800
9020,2700600
9021,1509600
9022,1419600
9023,1569700
9024,1306100
9025,2409900
9026,1607300
9027,1763800
9028,1473300
9029,1910700
9030,1252500
9031,1099500
9032,1108200
9033,1112100
9034,3035700
9035,2672400
9036,1207800
9037,1529200
9038,1442200
9039,1369300
9040,2149300
9041,1619500
9042,1872600
9043,1410700
9044,1372600
9045,1009100
9046,1032600
9047,949600
9048,1007600
9049,1810100
9050,4936000
9051,1284400
9052,1375000
9053,1434300
9054,1364000
9055,1688200
9056,1559300
9057,1766800
9058,1798000
9059,1616100
9060,1643900
9061,1514900
9062,1331600
9063,2945000
9064,3009500
9065,1688000
9066,1444600
9067,1301000
9068,1272500
9069,1792000
9070,1828500
9071,2048700
9072,2137700
9073,1568100
9074,1760000
9075,1360200
9076,1532700
9077,1158200
9078,2876300
9079,1674600
9080,1103900
9081,1416500
9082,1288300
9083,1463100
9084,1809300
9085,1226700
9086,1503600
9087,2146000
9088,1474200
9089,1386200
9090,1250000
9091,1080000
9092,2124400
9093,3250800
9094,1505300
9095,1583000
9096,1430400
9097,1564000
9098,2028700
9099,1973400
9100,1855900
9101,1521400
9102,1382600
9103,1141000
9104,1053500
9105,1321900
9106,1059000
9107,1595200
9108,3133000
9109,2086300
9110,1510800
9111,1427100
9112,1476700
9113,1995000
9114,1847100
9115,1891900
9116,1786700
9117,1666100
9118,1535200
9119,1213800
9120,1526800
9121,1312000
9122,1060800
9123,2817300
9124,3220700
9125,1878800
9126,1795700
9127,1748500
9128,1418900
9129,1717800
9130,1802700
9131,1836300
9132,1728000
9133,1468100
9134,1433000
9135,1643400
9136,1312700
9137,1060900
9138,986800
9139,1298000
9140,3171400
9141,1763100
9142,1590000
9143,1306200
9144,1451200
9145,1499800
9146,1436000
9147,1981400
9148,1737300
9149,1434800
9150,1255000
9151,1469400
9152,1139600
9153,1216000
9154,1141900
9155,3740600
9156,2689600
9157,1700500
9158,1592800
9159,1669900
9160,1801600
9161,1730200
9162,2047100
9163,1623400
9164,1228900
9165,1531000
9166,1287400
9167,2186800
9168,2837800
9169,1466200
9170,1132300
9171,1679300
9172,1521100
9173,1264500
9174,1777800
9175,1651200
9176,1773000
9177,1584800
9178,1404100
9179,1395900
9180,1263200
9181,1022800
9182,1456400
9183,3738300
9184,2301900
9185,2453000
9186,2700600
9187,1909800
9188,1791100
9189,2320700
9190,2683300
9191,1900700
9192,1389900
9193,1660700
9194,1292400
9195,1174600
9196,1075100
9197,2968900
9198,2395700
9199,1158900
9200,1130900
9201,1653400
9202,1639000
9203,1865500
9204,2276900
9205,1835600
9206,1481200
9207,1540900
9208,1451200
9209,1062600
9210,1080600
9211,1195500
9212,1169000
9213,1176300
9214,1110700
9215,1351500
9216,3865700
9217,2772100
9218,1473900
9219,1087100
9220,1479200
9221,1405900
9222,1733500
9223,1380700
9224,1848800
9225,1523100
9226,1540700
9227,1366600
9228,1126600
9229,958000
9230,3700900
9231,2717600
9232,1233400
9233,1358500
9234,1597400
9235,1213000
9236,1706700
9237,1600000
9238,1718000
9239,2030100
9240,1737000
9241,1817000
9242,1489000
9243,1029400
9244,1622600
9245,3326800
9246,2054700
9247,1010400
9248,1887700
9249,1814600
9250,1928200
9251,1841600
9252,2400900
9253,1965700
9254,1692700
9255,1441300
9256,1341000
9257,1680300
9258,4913400
9259,2067900
9260,1717500
9261,1328300
9262,2236400
9263,2215000
9264,2344100
9265,2651400
9266,1791800
9267,1912100
9268,1532300
9269,1252000
9270,1108600
9271,1095100
9272,3591900
9273,2416500
9274,1217300
9275,1756500
9276,1481100
9277,1693400
9278,1303200
9279,2319400
9280,1243600
9281,2255800
9282,1856800
9283,1488000
9284,1811800
9285,1437900
9286,1106500
9287,3167700
9288,1921500
9289,1299100
9290,1499400
9291,1631100
9292,1852200
9293,2310400
9294,2408400
9295,2258100
9296,2188800
9297,1512700
9298,2039100
9299,1481600
9300,2270100
9301,4394900
9302,1568300
9303,1698400
9304,1412000
9305,1486700
9306,1983300
9307,1790900
9308,1658900
9309,1671900
9310,2008600
9311,1487600
9312,1636400
9313,2075300
9314,4605300
9315,1265900
9316,1642400
9317,1731900
9318,2103900
9319,1648600
9320,2217900
9321,1903600
9322,1419300
9323,1311300
9324,1410100
9325,1194400
9326,1264200
9327,1289600
9328,1196000
9329,3180100
9330,2146600
9331,1562100
9332,1427100
9333,1553800
9334,1569000
9335,1615800
9336,1879800
9337,1626700
9338,1596800
9339,1579000
9340,2123400
9341,2290600
9342,1758200
9343,1070900
9344,1010500
9345,2883900
9346,3441300
9347,1209300
9348,1421800
9349,1912700
9350,1321000
9351,2523800
9352,2395400
9353,2426900
9354,2126500
9355,1758600
9356,2179200
9357,1994000
9358,1702900
9359,2390700
9360,4835600
9361,2309800
9362,2460600
9363,2510000
9364,2312000
9365,2388900
9366,2537600
9367,2506700
9368,1421900
9369,2335300
9370,2223000
9371,1550200
9372,3388100
9373,2597500
9374,1327000
9375,2254700
9376,1587100
9377,1833300
9378,1259100
9379,1574200
9380,1911100
9381,1525900
9382,1248700
9383,1503200
9384,1118600
9385,1146000
9386,1077800
9387,2072100
9388,2601700
9389,1625300
9390,1021900
9391,1376500
9392,1421000
9393,1397700
9394,1232700
9395,1155700
9396,1199900
9397,2105200
9398,1892300
9399,1937800
9400,1868200
9401,1824700
9402,1328100
9403,3557100
9404,2573100
9405,1723100
9406,1739700
9407,1554000
9408,2493500
9409,1914500
9410,2289800
9411,1777500
9412,2276000
9413,1752200
9414,1676500
9415,1590700
9416,1320100
9417,1487200
9418,1512500
9419,1404200
9420,2704900
9421,2388600
9422,1749200
9423,1222900
9424,1444600
9425,2245200
9426,2419000
9427,1482200
9428,1169100
9429,1307100
9430,966300
9431,909700
9432,987200
9433,3288600
9434,2674100
9435,1040700
9436,1054000
9437,1405400
9438,1584100
9439,1817700
9440,1608000
9441,1842500
9442,1420500
9443,1274300
9444,1203800
9445,911400
9446,1049000
9447,1072600
9448,1156300
9449,1171100
9450,973600
9451,909600
9452,1997800
9453,3010300
9454,1379400
9455,1343300
9456,1682200
9457,1204400
9458,1571600
9459,1972600
9460,1710000
9461,1892500
9462,1315600
9463,1610900
9464,1409600
9465,1102600
9466,1164900
9467,1271100
9468,1106300
9469,2671100
9470,2336500
9471,1071800
9472,1513200
9473,1602000
9474,1538500
9475,1903500
9476,1739000
9477,2054000
9478,1677800
9479,1565700
9480,1293200
9481,1151100
9482,1027600
9483,1012800
9484,3524300
9485,2502900
9486,1073800
9487,1369500
9488,1903200
9489,2183400
9490,1952400
9491,1969500
9492,1762600
9493,1192500
9494,1208200
9495,1481700
9496,1427700
9497,1471500
9498,3406500
9499,2328200
9500,1269000
9501,1523200
9502,1768800
9503,2102500
9504,2315400
9505,1923900
9506,2057300
9507,2465600
9508,1517900
9509,1497500
9510,1492300
9511,1128500
9512,1143600
9513,5772900
9514,1546700
9515,1878500
9516,1617500
9517,1550200
9518,2019400
9519,1848300
9520,2000100
9521,2031500
9522,1273100
9523,1271900
9524,1329700
9525,1348000
9526,1991700
9527,3712200
9528,1130500
9529,1893900
9530,1896000
9531,2225400
9532,1565000
9533,1944700
9534,2291900
9535,1468200
9536,1565200
9537,1187100
9538,1105000
9539,1184300
9540,1036700
9541,2021200
9542,4696100
9543,1799800
9544,1457600
9545,1359000
9546,2068100
9547,1620900
9548,1524400
9549,1549100
9550,1428400
9551,1449300
9552,1917700
9553,1260900
9554,1113000
9555,2881200
9556,2589300
9557,1425100
9558,1254900
9559,1389000
9560,1309400
9561,1767700
9562,2000500
9563,2108300
9564,1597600
9565,2042600
9566,1859900
9567,1176900
9568,4048300
9569,2172300
9570,1096300
9571,1584500
9572,1289700
9573,1147500
9574,2016500
9575,2321500
9576,1671000
9577,1473000
9578,1649400
9579,1263500
9580,1390300
9581,1133900
9582,1040900
9583,964600
9584,2586100
9585,3310500
9586,1027600
9587,1588200
9588,1651000
9589,1269200
9590,1689700
9591,1377300
9592,2024800
9593,1683800
9594,1395900
9595,1830200
9596,1349500
9597,1107100
9598,1052000
9599,1401700
9600,3522100
9601,1230000
9602,1342400
9603,1454900
9604,1577800
9605,1931900
9606,1493700
9607,1774100
9608,1935900
9609,1446800
9610,1397700
9611,1575800
9612,1169600
9613,1117500
9614,1095700
9615,2298100
9616,3824400
9617,1163300
9618,1546200
9619,1337100
9620,1322700
9621,1554700
9622,1649200
9623,1818400
9624,1717200
9625,1505800
9626,1942300
9627,1351200
9628,1549400
9629,1039200
9630,1358100
9631,3159800
9632,2504600
9633,1868300
9634,1427400
9635,1673200
9636,1502600
9637,2069100
9638,1501900
9639,1599200
9640,1277600
9641,1589600
9642,1284800
9643,1394600
9644,1110200
9645,1035900
9646,2579100
9647,3609500
9648,1564600
9649,1664300
9650,1406200
9651,1927800
9652,2110000
9653,1518500
9654,1797500
9655,1662700
9656,1497400
9657,1461600
9658,1303400
9659,1221800
9660,2086000
9661,3429500
9662,1392300
9663,1644300
9664,1573300
9665,1294200
9666,1604200
9667,1850300
9668,1708900
9669,1726300
9670,1586100
9671,1181800
9672,1548200
9673,1252700
9674,1017700
9675,1218700
9676,1142400
9677,2830900
9678,2517900
9679,2163600
9680,1497700
9681,1547500
9682,1796000
9683,2126300
9684,1706400
9685,1548500
9686,1295600
9687,992600
9688,889500
9689,1127800
9690,1145400
9691,1017600
9692,994900
9693,958200
9694,1453100
9695,2744900
9696,2797900
9697,1060100
9698,1510200
9699,1335900
9700,1384900
9701,1771000
9702,1405500
9703,1746900
9704,1697600
9705,1443300
9706,1396200
9707,1096900
9708,1222200
9709,1206700
9710,1001400
9711,3234300
9712,3135800
9713,1242600
9714,1615000
9715,1845300
9716,2007000
9717,1833300
9718,2203900
9719,1471200
9720,1350100
9721,1357800
9722,1294900
9723,1041100
9724,5775100
9725,1058100
9726,1758900
9727,1485500
9728,1349100
9729,1675300
9730,2063400
9731,1784400
9732,2299000
9733,2168700
9734,1786100
9735,1575800
9736,1165100
9737,1286800
9738,1023100
9739,3035500
9740,1920100
9741,1414100
9742,2213700
9743,1756800
9744,1656200
9745,2282100
9746,1785600
9747,1578700
9748,1391000
9749,1236000
9750,1623000
9751,1728700
9752,1397900
9753,1346100
9754,1592500
9755,4401700
9756,1446900
9757,2072000
9758,1870600
9759,1967000
9760,2615300
9761,1777700
9762,1461500
9763,1304900
9764,1504100
9765,1216300
9766,1026400
9767,1167900
9768,1210200
9769,4153600
9770,2448500
9771,1320400
9772,1714900
9773,1629300
9774,1229600
9775,2203400
9776,1911000
9777,2029400
9778,1423400
9779,1345600
9780,1520500
9781,1369200
9782,1276800
9783,3433900
9784,2226500
9785,1389900
9786,1794800
9787,1364600
9788,1199400
9789,2023000
9790,2181600
9791,1901700
9792,2293800
9793,1654600
9794,2049300
9795,1213900
9796,1150600
9797,1057900
9798,1017600
9799,3944600
9800,1525300
9801,1225700
9802,1439800
9803,1087800
9804,1262000
9805,2723800
9806,2205000
9807,1660100
9808,1421100
9809,1523100
9810,1509600
9811,1161200
9812,1260200
9813,1152600
9814,2176900
9815,2479900
9816,1598300
9817,1616900
9818,1992500
9819,1324300
9820,1965900
9821,1974800
9822,2088300
9823,1420700
9824,1401100
9825,1104000
9826,1005600
9827,1067900
9828,4153700
9829,1553700
9830,1062200
9831,1420500
9832,1489800
9833,1748400
9834,2039700
9835,2019100
9836,1879000
9837,1502300
9838,1356700
9839,1310800
9840,1368400
9841,1072900
9842,1029300
9843,2377200
9844,3273400
9845,1164300
9846,1471500
9847,1261300
9848,1478300
9849,1832800
9850,1720600
9851,1655200
9852,1709500
9853,2335000
9854,1436400
9855,1102000
9856,1096400
9857,1021900
9858,2065300
9859,3706100
9860,1944700
9861,2247500
9862,1872200
9863,1842800
9864,2338300
9865,2118400
9866,1986500
9867,1566800
9868,1410800
9869,975300
9870,1088000
9871,1023800
9872,1124700
9873,941500
9874,956900
9875,900700
9876,897800
9877,904000
9878,935500
9879,1243300
9880,1120900
9881,1044700
9882,993300
9883,995700
9884,1410700
9885,5356500
9886,1293000
9887,1768300
9888,1478300
9889,1291200
9890,2258400
9891,1911000
9892,2265100
9893,1514100
9894,1393900
9895,1495500
9896,1306100
9897,1228800
9898,1053800
9899,5178800
9900,1242800
9901,1383100
9902,1923900
9903,1908400
9904,2143500
9905,1899500
9906,1772200
9907,1671100
9908,1198700
9909,1608300
9910,1355400
9911,1128500
9912,2258400
9913,3789600
9914,1765900
9915,1376000
9916,1394500
9917,1862500
9918,1798600
9919,1851700
9920,1854500
9921,2400900
9922,1962300
9923,1363500
9924,1736300
9925,1208400
9926,1285200
9927,1104900
9928,920300
9929,1928400
9930,4229400
9931,1550900
9932,1567700
9933,1952000
9934,1677000
9935,2084500
9936,1639200
9937,1888000
9938,1940400
9939,1237100
9940,1129200
9941,1192400
9942,1288700
9943,1196100
9944,1260200
9945,1925200
9946,3462500
9947,1406300
9948,1776400
9949,2321300
9950,1970300
9951,2017700
9952,1575800
9953,1891200
9954,1691400
9955,1496300
9956,1549200
9957,1192000
9958,1210600
9959,2657200
9960,2843000
9961,1166500
9962,1773000
9963,1408600
9964,1570800
9965,1742900
9966,2156900
9967,1954300
9968,1633300
9969,1168200
9970,1332100
9971,1104700
9972,1096300
9973,2958400
9974,2718000
9975,1208300
9976,1545700
9977,1086100
9978,1576000
9979,1791100
9980,2114400
9981,1711400
9982,1730100
9983,1472200
9984,1403800
9985,1301800
9986,1251600
9987,1459400
9988,1674500
9989,3695900
9990,1794500
9991,1570000
9992,1405600
9993,1549900
9994,1544800
9995,1868100
9996,1772200
9997,1372600
9998,1454700
9999,1080200
10000,969700
10001,946700
10002,895700
10003,3167200
10004,2432800
10005,1203200
10006,1277000
10007,1422700
10008,1297000
10009,1489000
10010,1679300
10011,2189100
10012,1742900
10013,1405400
10014,1654500
10015,1156900
10016,1006300
10017,1057300
10018,1026700
10019,3023100
10020,2440400
10021,1145500
10022,1316100
10023,1465500
10024,1518100
10025,1368800
10026,1912100
10027,1740400
10028,1786600
10029,1684400
10030,1390800
10031,1593600
10032,1340200
10033,1207400
10034,1919600
10035,2557200
10036,2292500
10037,1307000
10038,1379500
10039,1310100
10040,1802500
10041,1697600
10042,1509300
10043,1274100
10044,1645900
10045,1371300
10046,1394600
10047,1169400
10048,1221800
10049,3242900
10050,3103700
10051,1635200
10052,1668700
10053,1797300
10054,2137500
10055,2259100
10056,1916800
10057,1536500
10058,1421200
10059,1354400
10060,1058200
10061,924300
10062,1019300
10063,1273700
10064,1916700
10065,1952600
10066,1541200
10067,1401000
10068,1587700
10069,1438400
10070,1179600
10071,2288600
10072,1714700
10073,2002700
10074,1772200
10075,1409700
10076,1137300
10077,1176000
10078,987300
10079,4397500
10080,2268400
10081,1452200
10082,2046600
10083,1353800
10084,1618400
10085,2206900
10086,1558100
10087,2225100
10088,1647200
10089,1465100
10090,1422600
10091,1129200
10092,2153600
10093,3416600
10094,1492500
10095,1323700
10096,1250400
10097,1321900
10098,1916500
10099,1648000
10100,1837300
10101,1602400
10102,1618500
10103,1331200
10104,1020700
10105,1303700
10106,1303800
10107,1460400
10108,1145900
10109,960400
10110,3230600
10111,1529100
10112,1129300
10113,1584300
10114,1569900
10115,1345900
10116,2444600
10117,1713000
10118,1997800
10119,2237100
10120,1595900
10121,1455800
10122,1170400
10123,987300
10124,1257500
10125,2727100
10126,2202200
10127,1139000
10128,1664200
10129,1699000
10130,1918700
10131,2040700
10132,2149700
10133,2158000
10134,1907000
10135,1454200
10136,1349900
10137,1342100
10138,1128100
10139,1117400
10140,1026500
10141,911600
10142,4052700
10143,2583000
10144,1334800
10145,1442200
10146,1655900
10147,1512500
10148,1713900
10149,1729000
10150,1689200
10151,1312000
10152,1277900
10153,1426700
10154,1210500
10155,1126800
10156,1033500
10157,3038700
10158,3063600
10159,1313000
10160,1409000
10161,1488500
10162,1256200
10163,1786700
10164,1663200
10165,2040700
10166,2508000
10167,1595900
10168,1301600
10169,1396300
10170,1191900
10171,1219500
10172,1447800
10173,3234600
10174,2054300
10175,1703400
10176,1542900
10177,1596300
10178,2592900
10179,1722300
10180,2024700
10181,1481600
10182,1263100
10183,1372700
10184,1145200
10185,1555400
10186,1133900
10187,1008600
10188,1150300
10189,1165200
10190,3435700
10191,1524000
10192,1160000
10193,1315800
10194,1485700
10195,1266100
10196,1930000
10197,2191000
10198,3439000
10199,1754200
10200,1852100
10201,1295800
10202,1250800
10203,1014400
10204,920800
10205,1095600
10206,1452400
10207,5272500
10208,1257400
10209,1482400
10210,1359000
10211,1981000
10212,2063700
10213,2321400
10214,1644400
10215,1531700
10216,1214600
10217,1189300
10218,994000
10219,1006700
10220,5089200
10221,1497000
10222,1438200
10223,1133700
10224,1473200
10225,2080800
10226,2084800
10227,1814800
10228,1400600
10229,1344400
10230,1399300
10231,1188800
10232,1085600
10233,943200
10234,1219000
10235,3412800
10236,2774400
10237,1178800
10238,1823700
10239,1418100
10240,2022700
10241,1878900
10242,1581600
10243,1961900
10244,1409000
10245,1422800
10246,1192000
10247,1113600
10248,1224200
10249,2887400
10250,1216600
10251,1115500
10252,1538100
10253,1346500
10254,1435200
10255,1785800
10256,1708300
10257,1815000
10258,1374700
10259,1388500
10260,1537200
10261,1472200
10262,1269200
10263,2245000
10264,3226300
10265,1752400
10266,1190400
10267,1361200
10268,1337100
10269,2215500
10270,1738800
10271,1951600
10272,1585500
10273,1233400
10274,1425200
10275,1093000
10276,998900
10277,937800
10278,3409700
10279,2512000
10280,1476500
10281,1223200
10282,1772000
10283,1742900
10284,2316400
10285,2415100
10286,1648100
10287,1229200
10288,1521100
10289,1216200
10290,1516600
10291,1102000
10292,1090600
10293,949700
10294,1778000
10295,3432200
10296,1368300
10297,1670300
10298,1408500
10299,1610200
10300,2131400
10301,1553100
10302,1674100
10303,1647800
10304,1989100
10305,1227200
10306,1337500
10307,1106100
10308,1377300
10309,4289100
10310,1725800
10311,1810600
10312,1207200
10313,1267300
10314,1968900
10315,1666300
10316,1917700
10317,1733800
10318,1336500
10319,1680700
10320,1988100
10321,1486200
10322,1119900
10323,2370200
10324,3102900
10325,1825600
10326,2040800
10327,1772300
10328,1648200
10329,1811200
10330,1557800
10331,1742900
10332,1997600
10333,1774800
10334,1684100
10335,1401100
10336,1659300
10337,1215800
10338,1466600
10339,3758700
10340,1847800
10341,1678500
10342,1431200
10343,1420000
10344,1595900
10345,1671600
10346,1803600
10347,1317400
10348,1535200
10349,1124200
10350,1178800
10351,1394600
10352,3057200
10353,2128500
10354,1607400
10355,1918300
10356,1546800
10357,1934200
10358,2648100
10359,2049800
10360,1853900
10361,1285700
10362,1179100
10363,981300
10364,3832800
10365,2347100
10366,1038800
10367,1166900
10368,1534900
10369,1846500
10370,1899600
10371,2091300
10372,2071900
10373,1440600
10374,1225000
10375,1773500
10376,1288100
10377,1113200
10378,1105500
10379,1224300
10380,3592900
10381,1335200
10382,1695300
10383,1652500
10384,1230400
10385,1438900
10386,1545000
10387,1546500
10388,1643500
10389,1743200
10390,1480800
10391,1367500
10392,1587300
10393,1020400
10394,977800
10395,959800
10396,1674700
10397,5360200
10398,1165000
10399,1813600
10400,1484200
10401,1251600
10402,2064900
10403,2194700
10404,2004500
10405,1877300
10406,1488200
10407,1828900
10408,1685000
10409,1470200
10410,4233300
10411,2210600
10412,1395600
10413,1428300
10414,1680400
10415,2028400
10416,1809100
10417,1852100
10418,1455500
10419,1671300
10420,1184800
10421,1097500
10422,1495800
10423,1132400
10424,1266600
10425,1139100
10426,974800
10427,2750100
10428,3201400
10429,1560600
10430,1505800
10431,1781100
10432,1885600
10433,1447400
10434,1568700
10435,1979900
10436,1826300
10437,1476900
10438,1436700
10439,1304000
10440,1312000
10441,4786100
10442,1407100
10443,1566700
10444,1503000
10445,1488500
10446,1972500
10447,1781200
10448,1905700
10449,2221900
10450,1533800
10451,1688100
10452,1112300
10453,1371400
10454,1342700
10455,4250600
10456,1424800
10457,1734400
10458,1640500
10459,1380900
10460,2061900
10461,1860100
10462,1851800
10463,1671100
10464,1544000
10465,1391100
10466,1121300
10467,1232300
10468,1096600
10469,1952400
10470,2543100
10471,5828200
10472,1528600
10473,1270600
10474,1963300
10475,1900900
10476,1525000
10477,1480800
10478,1273600
10479,1254500
10480,1119800
10481,2113700
10482,3032100
10483,1340900
10484,1048100
10485,1929100
10486,1891300
10487,2043900
10488,1717100
10489,1928500
10490,1499900
10491,1443400
10492,1632000
10493,1588100
10494,1209700
10495,962400
10496,958700
10497,3204600
10498,2677100
10499,1416400
10500,1521900
10501,1499600
10502,1342800
10503,1878800
10504,2083100
10505,2191900
10506,1298400
10507,1244300
10508,1247600
10509,1169500
10510,1056700
10511,1456800
10512,4506500
10513,2265700
10514,2115900
10515,1961700
10516,1651400
10517,1669200
10518,1621600
10519,1487800
10520,1274900
10521,1367500
10522,1551300
10523,1106100
10524,1521300
10525,3387000
10526,1652200
10527,1088900
10528,1168900
10529,1437500
10530,1772000
10531,1808500
10532,1748600
10533,1515900
10534,1523900
10535,1395500
10536,1031200
10537,976900
10538,1435700
10539,2951500
10540,1702600
10541,1166100
10542,1667200
10543,1551000
10544,1481000
10545,1663700
10546,1448700
10547,1824600
10548,1894300
10549,1374800
10550,1217800
10551,1378800
10552,1270200
10553,1320300
10554,1157500
10555,1253800
10556,3668200
10557,2261500
10558,1248400
10559,1901100
10560,1756800
10561,2286900
10562,2230100
10563,1890300
10564,1566300
10565,1364600
10566,1011200
10567,1140200
10568,1021000
10569,5497400
10570,1710300
10571,1528500
10572,1524900
10573,1976500
10574,2336600
10575,1646000
10576,1933700
10577,1576200
10578,1511400
10579,1245000
10580,1032100
10581,959200
10582,2968600
10583,3252500
10584,1402800
10585,1087900
10586,1984900
10587,2437300
10588,1814500
10589,1764400
10590,1527100
10591,1649700
10592,1475300
10593,1272900
10594,1298500
10595,1065500
10596,2366900
10597,2667300
10598,1798000
10599,1511500
10600,1261500
10601,1218200
10602,1795800
10603,2149100
10604,1757600
10605,1543600
10606,1881200
10607,1690000
10608,1533500
10609,1232400
10610,1719700
10611,1127900
10612,4365200
10613,2308900
10614,1195900
10615,1285800
10616,1463600
10617,1608000
10618,1986300
10619,1577100
10620,1316400
10621,1521300
10622,1409500
10623,1314400
10624,1126600
10625,1120600
10626,1054100
10627,2475600
10628,2279500
10629,1166200
10630,1513000
10631,1416700
10632,1446600
10633,2011300
10634,1632400
10635,2597300
10636,1795400
10637,1637800
10638,1510400
10639,1110300
10640,1551200
10641,1256300
10642,1201000
10643,1135300
10644,2327600
10645,4112500
10646,1647300
10647,2184500
10648,1765100
10649,2248300
10650,1808500
10651,1853300
10652,1531500
10653,1242000
10654,1048100
10655,1044100
10656,1065900
10657,1107200
10658,1285300
10659,1015100
10660,977500
10661,2251100
10662,4002100
10663,1207900
10664,1593300
10665,1860300
10666,2005500
10667,1392600
10668,1836700
10669,1938200
10670,1454800
10671,1289800
10672,1155700
10673,1253500
10674,2440500
10675,3416200
10676,2233900
10677,1452100
10678,1429000
10679,1806900
10680,1806400
10681,2214300
10682,1418200
10683,1511800
10684,1336000
10685,1170800
10686,1047100
10687,1065600
10688,1308300
10689,3087200
10690,1742300
10691,949000
10692,1089100
10693,1382200
10694,1693800
10695,1374900
10696,1867100
10697,2012900
10698,2139600
10699,1474400
10700,1330800
10701,1660900
10702,1089000
10703,1176000
10704,991000
10705,1610400
10706,3261400
10707,1253000
10708,1638500
10709,2115900
10710,2074800
10711,2265500
10712,1991500
10713,2088000
10714,1297600
10715,1199900
10716,1076900
10717,2060400
10718,3043700
10719,1934900
10720,2051300
10721,1517400
10722,1406800
10723,1791900
10724,2023600
10725,2313200
10726,2135600
10727,1401800
10728,1490700
10729,1318500
10730,1585000
10731,1358900
10732,1343300
10733,2817300
10734,2486500
10735,1257300
10736,1242000
10737,1665700
10738,1572700
10739,1792300
10740,2105100
10741,1954100
10742,1730000
10743,1520900
10744,1263400
10745,1077800
10746,1159900
10747,1154800
10748,3169900
10749,1861000
10750,1462500
10751,2082200
10752,1606500
10753,1614500
10754,2325600
10755,1806700
10756,1662400
10757,1334600
10758,1288500
10759,980300
10760,1034100
10761,1050100
10762,1674600
10763,2820500
10764,1287700
10765,1480300
10766,1130700
10767,1574300
10768,1357400
10769,1611900
10770,1824900
10771,2065000
10772,1307900
10773,1299300
10774,1355400
10775,1159100
10776,1055500
10777,917400
10778,993300
10779,1295600
10780,3739000
10781,1339100
10782,1438100
10783,1672000
10784,1522100
10785,1743700
10786,1544300
10787,1930200
10788,1392600
10789,1428600
10790,1499400
10791,1280100
10792,1001000
10793,1781500
10794,3801000
10795,1459900
10796,1635600
10797,1285700
10798,1226000
10799,2346700
10800,2324800
10801,2022900
10802,1341900
10803,1262400
10804,1534000
10805,1244000
10806,1218900
10807,1083000
10808,2709000
10809,2582100
10810,1164700
10811,1208300
10812,1390100
10813,1152900
10814,1317200
10815,2104900
10816,1662600
10817,1650600
10818,2054600
10819,1442900
10820,1541500
10821,1520800
10822,1266700
10823,1155200
10824,1072500
10825,1653200
10826,2452200
10827,1852800
10828,1126000
10829,1345700
10830,1407700
10831,1135600
10832,1833500
10833,1627200
10834,1601100
10835,1917000
10836,1211500
10837,1206700
10838,1269700
10839,1004500
10840,1026700
10841,988100
10842,3744500
10843,2541700
10844,1125100
10845,2081100
10846,2025500
10847,2149300
10848,1839900
10849,1727800
10850,1780500
10851,1565200
10852,1099500
10853,1119600
10854,1031100
10855,1146900
10856,4463200
10857,1492900
10858,1480500
10859,1774600
10860,1288700
10861,1751900
10862,2119400
10863,1980800
10864,1462900
10865,1325900
10866,1743500
10867,1023900
10868,1232200
10869,915000
10870,4548300
10871,2173300
10872,1576200
10873,1537000
10874,2023700
10875,1891600
10876,1463000
10877,1898600
10878,2088300
10879,1660600
10880,1357400
10881,1187200
10882,2054900
10883,3244300
10884,2295200
10885,1648000
10886,1707500
10887,1334700
10888,1692200
10889,2211500
10890,2220000
10891,1686600
10892,1193400
10893,932600
10894,877900
10895,1035100
10896,1428000
10897,1118100
10898,1392300
10899,1085700
10900,1027400
10901,964600
10902,3549100
10903,1408100
10904,1673900
10905,1473600
10906,1197300
10907,1817500
10908,1700700
10909,2181500
10910,1425300
10911,1301000
10912,1200900
10913,1393500
10914,1122700
10915,1008900
10916,1091100
10917,1055900
10918,2482100
10919,3158100
10920,1217900
10921,1394300
10922,1360600
10923,1820300
10924,1590600
10925,2469500
10926,2115100
10927,1656500
10928,1630800
10929,1196900
10930,981400
10931,968800
10932,1169800
10933,2639500
10934,2607100
10935,1233700
10936,1893400
10937,1511000
10938,1451800
10939,1544700
10940,1791500
10941,2008800
10942,1858100
10943,1273900
10944,1763400
10945,1858800
10946,1099700
10947,1016900
10948,936900
10949,3580400
10950,2241700
10951,1051800
10952,1687000
10953,1416700
10954,1749100
10955,1885700
10956,1404900
10957,1640100
10958,1973300
10959,1937500
10960,1997100
10961,1655400
10962,1195400
10963,1630600
10964,4932100
10965,1211200
10966,1169700
10967,1392200
10968,1738200
10969,2588300
10970,1758200
10971,1530000
10972,1630300
10973,1295300
10974,1355400
10975,1274800
10976,2102100
10977,3605400
10978,1351600
10979,1514600
10980,1736800
10981,1907100
10982,1969200
10983,1509000
10984,1737300
10985,1266700
10986,1578000
10987,1300400
10988,1101500
10989,1439800
10990,3592200
10991,2292300
10992,2558900
10993,1679900
10994,2077400
10995,1700900
10996,1784100
10997,1595700
10998,1333900
10999,1563300
11000,1077500
11001,1130500
11002,1118600
11003,1304400
11004,2884900
11005,2049900
11006,1139900
11007,1662200
11008,1401700
11009,1662600
11010,1835600
11011,1830400
11012,2096600
11013,1788400
11014,1335700
11015,1811600
11016,1334500
11017,1202400
11018,1665400
11019,3049800
11020,1664800
11021,1159500
11022,1281100
11023,1358200
11024,1428400
11025,2187100
11026,2003900
11027,2043200
11028,1562600
11029,1324000
11030,1437200
11031,1782200
11032,1346600
11033,1023200
11034,979400
11035,1051600
11036,3210400
11037,1232500
11038,1470300
11039,1429500
11040,1654800
11041,1884200
11042,2446600
11043,1792100
11044,1703600
11045,1457900
11046,1459000
11047,1364200
11048,1365200
11049,1613000
11050,4606900
11051,1717700
11052,1584800
11053,1621700
11054,1582400
11055,1840700
11056,1992600
11057,1856700
11058,1641400
11059,1544300
11060,1296700
11061,1089300
11062,1307500
11063,1268900
11064,2021400
11065,3375600
11066,1901300
11067,1414400
11068,1772000
11069,2356000
11070,1723200
11071,1902400
11072,1631300
11073,1418600
11074,1359800
11075,1401100
11076,1500100
11077,1093400
11078,1150900
11079,2458300
11080,3329900
11081,1232200
11082,1552000
11083,1683400
11084,1414000
11085,1786100
11086,1854300
11087,1677400
11088,1506300
11089,1746100
11090,1439300
11091,1566900
11092,1201100
11093,1098200
11094,3456300
11095,2359100
11096,1416300
11097,1070700
11098,961400
11099,820400
11100,1172300
11101,1442400
11102,1473800
11103,2222500
11104,1661800
11105,1624200
11106,2175400
11107,1344200
11108,1320800
11109,1195900
11110,1011700
11111,4732100
11112,2177100
11113,1652000
11114,1617600
11115,1965200
11116,2164100
11117,2185000
11118,1916000
11119,1395700
11120,1510100
11121,1108700
11122,1037600
11123,983300
11124,1587700
11125,3011800
11126,2192100
11127,1898100
11128,2032800
11129,2234100
11130,2637400
11131,2240700
11132,1680200
11133,1345000
11134,1077500
11135,1118900
11136,1052300
11137,1637400
11138,1604300
11139,1227800
11140,1386800
11141,1248800
11142,3593600
11143,3309400
11144,1154200
11145,1873000
11146,1923300
11147,1377100
11148,1896000
11149,1811300
11150,1938100
11151,1411500
11152,1475100
11153,1175500
11154,1017700
11155,1065200
11156,3531400
11157,2018100
11158,1478600
11159,1204200
11160,1799800
11161,2001400
11162,2510400
11163,1914200
11164,2149200
11165,1342400
11166,1043000
11167,1284500
11168,1187500
11169,1048300
11170,1070200
11171,1400000
11172,2687200
11173,2275100
11174,1311400
11175,1357500
11176,1396200
11177,1399600
11178,1872400
11179,1487900
11180,1514800
11181,2269200
11182,1410900
11183,2321600
11184,1629000
11185,1057900
11186,1229900
11187,2754000
11188,1822700
11189,1856000
11190,1572000
11191,1650800
11192,2056500
11193,2435100
11194,1692200
11195,1940100
11196,1452800
11197,1847800
11198,1171500
11199,1200500
11200,1178900
11201,4016900
11202,2004200
11203,1753800
11204,1381500
11205,1585100
11206,2097200
11207,2254100
11208,1966000
11209,1465500
11210,1381500
11211,999300
11212,1108400
11213,1097900
11214,1048700
11215,2896800
11216,2725800
11217,1971300
11218,1606900
11219,1423300
11220,1734800
11221,2059400
11222,1635200
11223,1681200
11224,1773200
11225,1550700
11226,1294400
11227,1167800
11228,1655700
11229,1888400
