frame,frame_time_ns
1,213449100
2,768800
3,590200
4,469700
5,380500
6,392300
7,524400
8,352000
9,288800
10,250100
11,237400
12,333400
13,254100
14,257500
15,258600
16,262300
17,240100
18,253400
19,223500
20,249900
21,257400
22,233500
23,648100
24,478900
25,329500
26,326900
27,297600
28,269000
29,224100
30,207000
31,200900
32,195700
33,214300
34,235200
35,201200
36,195400
37,198900
38,206000
39,207300
40,200700
41,200400
42,197600
43,215700
44,247200
45,252300
46,240500
47,246200
48,223500
49,212000
50,196000
51,196400
52,243600
53,195500
54,193200
55,193100
56,195200
57,196500
58,202700
59,201600
60,195100
61,204200
62,200600
63,227200
64,301900
65,229200
66,271000
67,295100
68,301600
69,261000
70,296800
71,236000
72,225900
73,232200
74,290700
75,229500
76,226100
77,321500
78,247400
79,223100
80,228500
81,209100
82,217000
83,196900
84,196500
85,217400
86,226200
87,233900
88,380800
89,385300
90,477500
91,326300
92,236300
93,235300
94,260800
95,331200
96,239300
97,269200
98,300900
99,295100
100,231700
101,214400
102,385300
103,390200
104,300800
105,351800
106,227400
107,215200
108,209500
109,201600
110,217600
111,209200
112,231700
113,215600
114,230800
115,255900
116,199500
117,202500
118,201800
119,215300
120,223200
121,219500
122,200500
123,197000
124,261800
125,238800
126,333700
127,232200
128,210400
129,237500
130,219400
131,202000
132,206300
133,207700
134,195000
135,234900
136,251500
137,281900
138,204400
139,209100
140,207000
141,219100
142,211900
143,219000
144,251800
145,236800
146,314700
147,298900
148,250800
149,211100
150,192600
151,211900
152,199200
153,210200
154,214300
155,200800
156,240200
157,192100
158,251300
159,198700
160,227900
161,212100
162,202700
163,201500
164,202700
165,210200
166,212800
167,192800
168,195500
169,231000
170,276600
171,242600
172,216100
173,237500
174,311400
175,224900
176,205900
177,197700
178,400500
179,230500
180,251800
181,228200
182,210000
183,214800
184,219600
185,225700
186,190200
187,193600
188,213300
189,212200
190,237400
191,287500
192,246600
193,224300
194,196800
195,199600
196,191600
197,193200
198,192100
199,192800
200,211400
201,272500
202,218800
203,211500
204,191300
205,195200
206,456300
207,349700
208,205400
209,205300
210,194500
211,213900
212,233200
213,237500
214,233000
215,432000
216,392400
217,261600
218,229900
219,221200
220,471500
221,347700
222,294100
223,272300
224,239900
225,211600
226,227600
227,268100
228,316600
229,317300
230,280800
231,253500
232,226200
233,212300
234,204200
235,195100
236,192400
237,188000
238,197100
239,212300
240,200300
241,196200
242,235100
243,205600
244,188600
245,189100
246,188100
247,188800
248,187500
249,188200
250,187400
251,203000
252,212700
253,263700
254,229500
255,283600
256,234000
257,326500
258,317200
259,326800
260,255400
261,224100
262,276100
263,220500
264,215600
265,200500
266,197600
267,187900
268,187800
269,187200
270,189200
271,198800
272,254900
273,255700
274,256100
275,224700
276,245000
277,202700
278,228200
279,199400
280,197600
281,215200
282,184600
283,239900
284,195100
285,186900
286,184900
287,207900
288,188900
289,221200
290,189700
291,211100
292,187100
293,182900
294,185300
295,198500
296,261400
297,312800
298,288000
299,263400
300,220400
301,215100
302,220800
303,220100
304,204700
305,228200
306,190600
307,188800
308,188400
309,186900
310,188100
311,188800
312,188300
313,186800
314,187000
315,188200
316,187400
317,188000
318,187500
319,193100
320,227700
321,233300
322,249000
323,228900
324,206000
325,208700
326,253000
327,189900
328,197200
329,190100
330,202200
331,189000
332,189600
333,189000
334,188600
335,186500
336,186900
337,186600
338,187900
339,187700
340,187100
341,187200
342,186700
343,222700
344,414600
345,332000
346,400900
347,297800
348,208800
349,209300
350,228800
351,193400
352,187300
353,185300
354,185100
355,184700
356,185300
357,183800
358,184200
359,186000
360,188500
361,196400
362,184900
363,200200
364,259300
365,268300
366,232700
367,208600
368,254400
369,199300
370,197000
371,187700
372,198900
373,187300
374,184000
375,185100
376,184000
377,184400
378,183700
379,189300
380,182900
381,183800
382,183200
383,195100
384,724600
385,249800
386,219100
387,242800
388,323000
389,341500
390,245200
391,223200
392,235000
393,247500
394,230200
395,223100
396,212700
397,203300
398,188000
399,194300
400,188000
401,186600
402,185700
403,186300
404,187600
405,187700
406,186300
407,188000
408,186600
409,205400
410,228100
411,265800
412,219100
413,192100
414,190300
415,188500
416,189400
417,192900
418,198500
419,193200
420,186500
421,187500
422,189900
423,187700
424,187300
425,188300
426,206300
427,190500
428,195100
429,195800
430,187700
431,189500
432,240000
433,190400
434,200600
435,218900
436,278500
437,286500
438,247300
439,278900
440,228900
441,221100
442,213400
443,206200
444,194600
445,195300
446,212600
447,194000
448,232300
449,193800
450,190700
451,195300
452,189300
453,188800
454,230400
455,190000
456,208500
457,231300
458,215900
459,290600
460,221600
461,204700
462,193300
463,193900
464,188500
465,189700
466,214000
467,190900
468,259300
469,209300
470,202300
471,217200
472,204700
473,234100
474,192100
475,248000
476,195200
477,197300
478,189900
479,206500
480,205300
481,243700
482,284600
483,260700
484,343400
485,280900
486,259600
487,223700
488,242900
489,199200
490,307900
491,238300
492,246200
493,206300
494,201800
495,266500
496,201300
497,214700
498,196900
499,203100
500,212500
501,282500
502,246700
503,297800
504,235400
505,334100
506,236600
507,214500
508,268200
509,252600
510,326100
511,200000
512,193000
513,216700
514,264700
515,303700
516,284900
517,353100
518,229100
519,223200
520,272600
521,345800
522,338200
523,296800
524,218400
525,215600
526,226100
527,222300
528,255100
529,221700
530,245200
531,288300
532,287000
533,192300
534,193700
535,187400
536,228100
537,232000
538,278400
539,259200
540,259000
541,316400
542,349700
543,255700
544,235000
545,238500
546,228900
547,204900
548,201200
549,192400
550,217400
551,191100
552,187900
553,187300
554,209700
555,187600
556,189000
557,197800
558,198400
559,232200
560,188000
561,210100
562,231900
563,221800
564,222700
565,201200
566,207300
567,188300
568,186900
569,204400
570,190500
571,186700
572,187300
573,185400
574,185400
575,267900
576,224500
577,199200
578,220700
579,188600
580,186100
581,221000
582,205000
583,204500
584,193100
585,241300
586,224600
587,219700
588,249600
589,216500
590,186100
591,193600
592,188000
593,188500
594,186700
595,190600
596,187500
597,187100
598,188100
599,185900
600,188200
601,186400
602,258100
603,190600
604,187500
605,186900
606,188200
607,187300
608,189100
609,186300
610,187200
611,190600
612,216500
613,215900
614,267700
615,333500
616,243100
617,196100
618,207400
619,192200
620,224300
621,232700
622,415200
623,326400
624,238400
625,289900
626,319000
627,284300
628,210000
629,232200
630,304200
631,247700
632,240600
633,204700
634,769200
635,221900
636,204600
637,200900
638,191600
639,190200
640,190100
641,190600
642,186700
643,189700
644,243000
645,188800
646,189200
647,186200
648,263100
649,242100
650,244600
651,242300
652,233400
653,213600
654,230500
655,216400
656,194800
657,190000
658,190200
659,190700
660,190800
661,188000
662,188100
663,188300
664,271000
665,258700
666,238000
667,236000
668,195800
669,218600
670,210400
671,228900
672,212400
673,237100
674,236200
675,235900
676,208300
677,216600
678,199900
679,184400
680,184300
681,263000
682,225100
683,212500
684,214700
685,205100
686,190300
687,202200
688,188100
689,188100
690,189300
691,187500
692,187900
693,227100
694,204100
695,188600
696,210100
697,239300
698,211200
699,225900
700,232200
701,211700
702,191400
703,227200
704,188200
705,187000
706,199700
707,378200
708,246900
709,219800
710,217700
711,199100
712,191000
713,187700
714,228100
715,190000
716,190400
717,187700
718,190600
719,215800
720,210800
721,302500
722,196900
723,195200
724,190000
725,189200
726,190000
727,189700
728,188700
729,189300
730,189300
731,189600
732,188800
733,187600
734,188800
735,187600
736,228600
737,195700
738,188800
739,187700
740,187900
741,221000
742,190900
743,187000
744,223900
745,241600
746,231200
747,383300
748,246600
749,212300
750,202200
751,192400
752,197100
753,196600
754,191500
755,186500
756,197400
757,190000
758,188000
759,189600
760,188500
761,186400
762,188100
763,227100
764,236700
765,218700
766,227600
767,211100
768,193700
769,189800
770,188700
771,187600
772,187500
773,187500
774,187200
775,188800
776,216500
777,188500
778,188000
779,188400
780,189100
781,187000
782,188300
783,188600
784,189400
785,188000
786,188800
787,188200
788,193800
789,225300
790,221800
791,214100
792,364500
793,352800
794,438100
795,302000
796,268900
797,253400
798,282700
799,235000
800,216600
801,215000
802,213900
803,213000
804,213700
805,224900
806,214800
807,213200
808,298000
809,317300
810,263500
811,224300
812,192700
813,189200
814,189200
815,188900
816,188400
817,189300
818,187400
819,220000
820,188900
821,188100
822,188400
823,190600
824,186300
825,187400
826,188000
827,188400
828,188700
829,187200
830,187100
831,188700
832,187400
833,188500
834,303700
835,233700
836,232300
837,204300
838,190200
839,189400
840,190700
841,236200
842,196500
843,188400
844,188000
845,187900
846,186900
847,188700
848,189500
849,188300
850,188000
851,188400
852,189000
853,248700
854,189500
855,188200
856,187000
857,187100
858,189400
859,214500
860,217200
861,298400
862,355300
863,261600
864,193400
865,199100
866,237600
867,193700
868,208000
869,212600
870,256000
871,255600
872,287500
873,282700
874,266200
875,259600
876,214600
877,261500
878,255800
879,227800
880,343300
881,386400
882,515600
883,279500
884,225400
885,223300
886,215500
887,207500
888,241200
889,221100
890,279600
891,235800
892,217600
893,219400
894,195900
895,196600
896,320400
897,379400
898,344900
899,270600
900,223900
901,230100
902,261000
903,232000
904,266800
905,225600
906,209900
907,200100
908,237000
909,210300
910,203000
911,247600
912,323600
913,282900
914,234400
915,231200
916,301200
917,381300
918,391400
919,455700
920,398200
921,417100
922,314600
923,266900
924,390100
925,340300
926,295200
927,286400
928,298400
929,252200
930,240700
931,347900
932,422900
933,403700
934,346500
935,307100
936,268600
937,240600
938,243100
939,235400
940,239300
941,557700
942,420600
943,306500
944,268100
945,285000
946,341500
947,555300
948,665800
949,395400
950,370100
951,289300
952,266000
953,249600
954,250300
955,239500
956,231400
957,281000
958,236300
959,243500
960,231000
961,221300
962,217400
963,301500
964,482600
965,447900
966,448900
967,495300
968,423400
969,522800
970,411900
971,321900
972,341600
973,316200
974,324400
975,300000
976,370900
977,471100
978,809100
979,522800
980,406200
981,418400
982,387100
983,360600
984,310100
985,279600
986,368800
987,632300
988,983300
989,642300
990,543800
991,452300
992,538900
993,418600
994,365300
995,311300
996,379600
997,463700
998,422200
999,343100
1000,349400
1001,282600
1002,238300
1003,231900
1004,260400
1005,243800
1006,233400
1007,228000
1008,232200
1009,289400
1010,256700
1011,263100
1012,245900
1013,330500
1014,554600
1015,491600
1016,390700
1017,366000
1018,273200
1019,320600
1020,318500
1021,295400
1022,306800
1023,361200
1024,345300
1025,324400
1026,256000
1027,270400
1028,370600
1029,451600
1030,347900
1031,357000
1032,302900
1033,304100
1034,306400
1035,309500
1036,277600
1037,238000
1038,237500
1039,227900
1040,209300
1041,214100
1042,213200
1043,197000
1044,205900
1045,408100
1046,670400
1047,459800
1048,393300
1049,429800
1050,351100
1051,495300
1052,679900
1053,337400
1054,304300
1055,263000
1056,246600
1057,242500
1058,304600
1059,420800
1060,458700
1061,328800
1062,265600
1063,234700
1064,213800
1065,198500
1066,196400
1067,254400
1068,203000
1069,219200
1070,399600
1071,236000
1072,311000
1073,318900
1074,483200
1075,502600
1076,322100
1077,280900
1078,294000
1079,301300
1080,308200
1081,267600
1082,238900
1083,221800
1084,217700
1085,218200
1086,209900
1087,228500
1088,341000
1089,316900
1090,381000
1091,538100
1092,534500
1093,412300
1094,571800
1095,364800
1096,310900
1097,290800
1098,348900
1099,368800
1100,301800
1101,270900
1102,315900
1103,385500
1104,514000
1105,532100
1106,444500
1107,369400
1108,301400
1109,291300
1110,328100
1111,242800
1112,225400
1113,235100
1114,250000
1115,281900
1116,228300
1117,228700
1118,235300
1119,235200
1120,291400
1121,665000
1122,421700
1123,296200
1124,265100
1125,245900
1126,233400
1127,227100
1128,277700
1129,395700
1130,344400
1131,257000
1132,278800
1133,226600
1134,322700
1135,297600
1136,353100
1137,497100
1138,388000
1139,469200
1140,465400
1141,467500
1142,531400
1143,452600
1144,375000
1145,357100
1146,371000
1147,437500
1148,685800
1149,710800
1150,635499
1151,527001
1152,436000
1153,375000
1154,375800
1155,560499
1156,650099
1157,373999
1158,288099
1159,240500
1160,232499
1161,217899
1162,221000
1163,231700
1164,428700
1165,366200
1166,286800
1167,251599
1168,225200
1169,215601
1170,206200
1171,222300
1172,276300
1173,393400
1174,499099
1175,388099
1176,350800
1177,423699
1178,321400
1179,313899
1180,305600
1181,294199
1182,238700
1183,267599
1184,248501
1185,227699
1186,225801
1187,215801
1188,326000
1189,523099
1190,370200
1191,295800
1192,202500
1193,212899
1194,215399
1195,197500
1196,194100
1197,210699
1198,198701
1199,232800
1200,200700
1201,191700
1202,199200
1203,196901
1204,196700
1205,197000
1206,216901
1207,193700
1208,196700
1209,259699
1210,388400
1211,384499
1212,323400
1213,326800
1214,300300
1215,292100
1216,256900
1217,298300
1218,305200
1219,255400
1220,461300
1221,309099
1222,328000
1223,297000
1224,300799
1225,312800
1226,278100
1227,257800
1228,425000
1229,275199
1230,321200
1231,300300
1232,206200
1233,286400
1234,283000
1235,268201
1236,328600
1237,265799
1238,300000
1239,290099
1240,306700
1241,223699
1242,332700
1243,288799
1244,309999
1245,280000
1246,335400
1247,278400
1248,230100
1249,236700
1250,232399
1251,237900
1252,216000
1253,243601
1254,216799
1255,213100
1256,213600
1257,215800
1258,214099
1259,213801
1260,271301
1261,292799
1262,276700
1263,292100
1264,359799
1265,262700
1266,233000
1267,239701
1268,212800
1269,212800
1270,213700
1271,213299
1272,214600
1273,213899
1274,213400
1275,213000
1276,216300
1277,211900
1278,216300
1279,216500
1280,433800
1281,397101
1282,208200
1283,367800
1284,239000
1285,214401
1286,252900
1287,232399
1288,207700
1289,200400
1290,221700
1291,289599
1292,217100
1293,209999
1294,189800
1295,292400
1296,197800
1297,205600
1298,184801
1299,184199
1300,184700
1301,184499
1302,182900
1303,183300
1304,212299
1305,183500
1306,210100
1307,213100
1308,205299
1309,211300
1310,186500
1311,192100
1312,182701
1313,188000
1314,186200
1315,184301
1316,185201
1317,182800
1318,182801
1319,183100
1320,182700
1321,182700
1322,182700
1323,183101
1324,182700
1325,220100
1326,224800
1327,202699
1328,187499
1329,211900
1330,189400
1331,193599
1332,212399
1333,220801
1334,258899
1335,348799
1336,302700
1337,228700
1338,239201
1339,282499
1340,234200
1341,205601
1342,281600
1343,224801
1344,217199
1345,329100
1346,237700
1347,291599
1348,287099
1349,304800
1350,305799
1351,316500
1352,288200
1353,322101
1354,289500
1355,304900
1356,315100
1357,289201
1358,287900
1359,273700
1360,253200
1361,267001
1362,272300
1363,223701
1364,271200
1365,267700
1366,304200
1367,257800
1368,299300
1369,257901
1370,273500
1371,317901
1372,400700
1373,365000
1374,294099
1375,288000
1376,377800
1377,208600
1378,204201
1379,189200
1380,184400
1381,208000
1382,187501
1383,185100
1384,184100
1385,183301
1386,224300
1387,190000
1388,203600
1389,223900
1390,264500
1391,228399
1392,189599
1393,205700
1394,192500
1395,183801
1396,256000
1397,195500
1398,195800
1399,212000
1400,188399
1401,205100
1402,185401
1403,182900
1404,185001
1405,184500
1406,184300
1407,183699
1408,215201
1409,183199
1410,183800
1411,183501
1412,197300
1413,211100
1414,211400
1415,228600
1416,228699
1417,219600
1418,209500
1419,209300
1420,202200
1421,189900
1422,192001
1423,212500
1424,191201
1425,184701
1426,183100
1427,185100
1428,184500
1429,229200
1430,184099
1431,188700
1432,215200
1433,187800
1434,184101
1435,182600
1436,184301
1437,194500
1438,203700
1439,240699
1440,204399
1441,186800
1442,183600
1443,256000
1444,446000
1445,306700
1446,292800
1447,295900
1448,288599
1449,280000
1450,266200
1451,333300
1452,240800
1453,260400
1454,270199
1455,258499
1456,201800
1457,226800
1458,336500
1459,268599
1460,240299
1461,205800
1462,208299
1463,187601
1464,187701
1465,185201
1466,184199
1467,191201
1468,198599
1469,202600
1470,193600
1471,183701
1472,299300
1473,219000
1474,193500
1475,200100
1476,180400
1477,180799
1478,181699
1479,189800
1480,290000
1481,259000
1482,282100
1483,505000
1484,305701
1485,326200
1486,305099
1487,267500
1488,287000
1489,227700
1490,286799
1491,262501
1492,287100
1493,282799
1494,300200
1495,259199
1496,266800
1497,285400
1498,312200
1499,311401
1500,517801
1501,332600
1502,310400
1503,330000
1504,304200
1505,290600
1506,281299
1507,285500
1508,278499
1509,696400
1510,292700
1511,368299
1512,350299
1513,331299
1514,303600
1515,252201
1516,259300
1517,257800
1518,267900
1519,221500
1520,223999
1521,186301
1522,190401
1523,186400
1524,186400
1525,184701
1526,179800
1527,180900
1528,182000
1529,182600
1530,183500
1531,239100
1532,272100
1533,287999
1534,226300
1535,314100
1536,214100
1537,223400
1538,217100
1539,194400
1540,185100
1541,183600
1542,184400
1543,184300
1544,183900
1545,188100
1546,237600
1547,186800
1548,185400
1549,186700
1550,192301
1551,186301
1552,188500
1553,280699
1554,246699
1555,310400
1556,267200
1557,269400
1558,198800
1559,230300
1560,197500
1561,202600
1562,204199
1563,186800
1564,186201
1565,187799
1566,203700
1567,214300
1568,193800
1569,187201
1570,184400
1571,184399
1572,210199
1573,189100
1574,186900
1575,185101
1576,184500
1577,191400
1578,261900
1579,231899
1580,313301
1581,226500
1582,191700
1583,188099
1584,184200
1585,183800
1586,184300
1587,183700
1588,184300
1589,183500
1590,183100
1591,187799
1592,185100
1593,185500
1594,183500
1595,182800
1596,243100
1597,256300
1598,208600
1599,206700
1600,250300
1601,225900
1602,229901
1603,228200
1604,211700
1605,186301
1606,181599
1607,191500
1608,190700
1609,181901
1610,181200
1611,187399
1612,202000
1613,190999
1614,180499
1615,180400
1616,180999
1617,181099
1618,182201
1619,180500
1620,179199
1621,233099
1622,183400
1623,180599
1624,180300
1625,179900
1626,180200
1627,192200
1628,280600
1629,283101
1630,286000
1631,220200
1632,209200
1633,208200
1634,192400
1635,185600
1636,182700
1637,180000
1638,180900
1639,233500
1640,249999
1641,194401
1642,185101
1643,185401
1644,184701
1645,185000
1646,184600
1647,188001
1648,212800
1649,223600
1650,208900
1651,277499
1652,217700
1653,254800
1654,266300
1655,277000
1656,285100
1657,243700
1658,259599
1659,221000
1660,247300
1661,332600
1662,249600
1663,243600
1664,257899
1665,223001
1666,252300
1667,255500
1668,287900
1669,265501
1670,242600
1671,252201
1672,236300
1673,234100
1674,207201
1675,204199
1676,205800
1677,193801
1678,186700
1679,206201
1680,326599
1681,252201
1682,229701
1683,291399
1684,213299
1685,237601
1686,242500
1687,284799
1688,272499
1689,270000
1690,275600
1691,209000
1692,216399
1693,185199
1694,198600
1695,194401
1696,209099
1697,205901
1698,195301
1699,203200
1700,248100
1701,183999
1702,220700
1703,209200
1704,232700
1705,199601
1706,204500
1707,185100
1708,239400
1709,218500
1710,189700
1711,602999
1712,370201
1713,254699
1714,207499
1715,186400
1716,204900
1717,202200
1718,187699
1719,189800
1720,197600
1721,237700
1722,217400
1723,220799
1724,191400
1725,183800
1726,214799
1727,184301
1728,183400
1729,183201
1730,183200
1731,182400
1732,182600
1733,182600
1734,223900
1735,217899
1736,359900
1737,220900
1738,191800
1739,212700
1740,219000
1741,186700
1742,185699
1743,182700
1744,183100
1745,183600
1746,182500
1747,218800
1748,184401
1749,183700
1750,184701
1751,183101
1752,184401
1753,182601
1754,183101
1755,182700
1756,183100
1757,182800
1758,183500
1759,185400
1760,203599
1761,203799
1762,300800
1763,281800
1764,204000
1765,186700
1766,191799
1767,220599
1768,201301
1769,183499
1770,184400
1771,183699
1772,186801
1773,186499
1774,184800
1775,181399
1776,183600
1777,183000
1778,183400
1779,184299
1780,184099
1781,183300
1782,198400
1783,191500
1784,204501
1785,212600
1786,262301
1787,280600
1788,348300
1789,278500
1790,254800
1791,222800
1792,297900
1793,262900
1794,284201
1795,244600
1796,277600
1797,276501
1798,346800
1799,206899
1800,204101
1801,190300
1802,226500
1803,221799
1804,400501
1805,277499
1806,238200
1807,207501
1808,213400
1809,214400
1810,247300
1811,198800
1812,200100
1813,221799
1814,227301
1815,204701
1816,210400
1817,206900
1818,269400
1819,208301
1820,208400
1821,211800
1822,214199
1823,277099
1824,269700
1825,292499
1826,304300
1827,275999
1828,225900
1829,197999
1830,191099
1831,243500
1832,193001
1833,193699
1834,227201
1835,189000
1836,205601
1837,265900
1838,243301
1839,220501
1840,219800
1841,219100
1842,253600
1843,216899
1844,200199
1845,285900
1846,500299
1847,431201
1848,415900
1849,348400
1850,326300
1851,309100
1852,273300
1853,266600
1854,207599
1855,211800
1856,197799
1857,191301
1858,196901
1859,228000
1860,190300
1861,184100
1862,194599
1863,191599
1864,273900
1865,244100
1866,298400
1867,197901
1868,189200
1869,197799
1870,193799
1871,190600
1872,206400
1873,191500
1874,230400
1875,191800
1876,186800
1877,187600
1878,191799
1879,187600
1880,187000
1881,185400
1882,185600
1883,187400
1884,326600
1885,237000
1886,239299
1887,324600
1888,316301
1889,612500
1890,480401
1891,320200
1892,361700
1893,298100
1894,367800
1895,258300
1896,293300
1897,251900
1898,279200
1899,340500
1900,504699
1901,319401
1902,250100
1903,218801
1904,208600
1905,223300
1906,230900
1907,212800
1908,185100
1909,207701
1910,235100
1911,217400
1912,212301
1913,262700
1914,334400
1915,309701
1916,241100
1917,242600
1918,278800
1919,246300
1920,248799
1921,220600
1922,321500
1923,288500
1924,267299
1925,352600
1926,215600
1927,209201
1928,193800
1929,334600
1930,250000
1931,275900
1932,232500
1933,223800
1934,213300
1935,237200
1936,371000
1937,552600
1938,751899
1939,413500
1940,388300
1941,332100
1942,259100
1943,223700
1944,306700
1945,528100
1946,375600
1947,318400
1948,328899
1949,272700
1950,362499
1951,392600
1952,397901
1953,299700
1954,278800
1955,233000
1956,228400
1957,233600
1958,257800
1959,199400
1960,215900
1961,278099
1962,266601
1963,291100
1964,327700
1965,267300
1966,238100
1967,260500
1968,381600
1969,433700
1970,413200
1971,298699
1972,277900
1973,317700
1974,310800
1975,235900
1976,220200
1977,281600
1978,328501
1979,324100
1980,283500
1981,221399
1982,228300
1983,231000
1984,207199
1985,286400
1986,316001
1987,525601
1988,475700
1989,367700
1990,312601
1991,271500
1992,262100
1993,232000
1994,214599
1995,198099
1996,195900
1997,218400
1998,238600
1999,333399
2000,431199
2001,375200
2002,366999
2003,294099
2004,258300
2005,279301
2006,249600
2007,237300
2008,228701
2009,232300
2010,238099
2011,242600
2012,233700
2013,252800
2014,246900
2015,248900
2016,295001
2017,380200
2018,369400
2019,416001
2020,450999
2021,633700
2022,581499
2023,407700
2024,479400
2025,444601
2026,383899
2027,279201
2028,288200
2029,338100
2030,325300
2031,424700
2032,328201
2033,268899
2034,227100
2035,202500
2036,195301
2037,222900
2038,213700
2039,206300
2040,201800
2041,205099
2042,251700
2043,206100
2044,208401
2045,250200
2046,249499
2047,221300
2048,433700
2049,460600
2050,329799
2051,305001
2052,273200
2053,207899
2054,218701
2055,262001
2056,256099
2057,283900
2058,286299
2059,211101
2060,211499
2061,193000
2062,192500
2063,194000
2064,186800
2065,187900
2066,319800
2067,395399
2068,472500
2069,530001
2070,353799
2071,377400
2072,357900
2073,252900
2074,202399
2075,195800
2076,190001
2077,187701
2078,203100
2079,326899
2080,219600
2081,218000
2082,249600
2083,271900
2084,458401
2085,548599
2086,388200
2087,335600
2088,386700
2089,278800
2090,263299
2091,228900
2092,212301
2093,201400
2094,206199
2095,368000
2096,514200
2097,524400
2098,393901
2099,398600
2100,433700
2101,279900
2102,313800
2103,247400
2104,266700
2105,266799
2106,275600
2107,358901
2108,228499
2109,344601
2110,357200
2111,367301
2112,415900
2113,360400
2114,281500
2115,248700
2116,232101
2117,256101
2118,262400
2119,286000
2120,266799
2121,238901
2122,221599
2123,204399
2124,234799
2125,205800
2126,209300
2127,234200
2128,231700
2129,230100
2130,266800
2131,395000
2132,341901
2133,304900
2134,302500
2135,234400
2136,208200
2137,205399
2138,218900
2139,198899
2140,236900
2141,219299
2142,207700
2143,232900
2144,220001
2145,217500
2146,281000
2147,353701
2148,241100
2149,293500
2150,232599
2151,321600
2152,349200
2153,333900
2154,233500
2155,220201
2156,229299
2157,219001
2158,224899
2159,260500
2160,244300
2161,228300
2162,229500
2163,234301
2164,283499
2165,252401
2166,221600
2167,235600
2168,277000
2169,283000
2170,339499
2171,319901
2172,304700
2173,272300
2174,274500
2175,231601
2176,223600
2177,242900
2178,230299
2179,224900
2180,231301
2181,203599
2182,229500
2183,216800
2184,253401
2185,242200
2186,304100
2187,260601
2188,289499
2189,347400
2190,541901
2191,483500
2192,316101
2193,278401
2194,312700
2195,238099
2196,284301
2197,216800
2198,218101
2199,231100
2200,202101
2201,197801
2202,209600
2203,204300
2204,238501
2205,293500
2206,299800
2207,269599
2208,222200
2209,190599
2210,196700
2211,188299
2212,189000
2213,215900
2214,195701
2215,251700
2216,228700
2217,257700
2218,194899
2219,205200
2220,231900
2221,216000
2222,218299
2223,247200
2224,282299
2225,219900
2226,316100
2227,336700
2228,324400
2229,326800
2230,302200
2231,271100
2232,247299
2233,231000
2234,210700
2235,254600
2236,199000
2237,230800
2238,216501
2239,212301
2240,207401
2241,211600
2242,198400
2243,192701
2244,229701
2245,194399
2246,196100
2247,221201
2248,239500
2249,221499
2250,225800
2251,210400
2252,196400
2253,188900
2254,190200
2255,192900
2256,189100
2257,204801
2258,248200
2259,214499
2260,186000
2261,193900
2262,192201
2263,189600
2264,188599
2265,190399
2266,191300
2267,188999
2268,201201
2269,186501
2270,195601
2271,212499
2272,230901
2273,239900
2274,353999
2275,232299
2276,278200
2277,221801
2278,218400
2279,197800
2280,352899
2281,275500
2282,238601
2283,269099
2284,263100
2285,255200
2286,262099
2287,265800
2288,256300
2289,252400
2290,255299
2291,265000
2292,260101
2293,332401
2294,265800
2295,261400
2296,288500
2297,259400
2298,253900
2299,359800
2300,246200
2301,259800
2302,228900
2303,205300
2304,223000
2305,185899
2306,188800
2307,185401
2308,190801
2309,189600
2310,187799
2311,202999
2312,247400
2313,245400
2314,479500
2315,287000
2316,223500
2317,223300
2318,267300
2319,246000
2320,308500
2321,287101
2322,215400
2323,232400
2324,249999
2325,203500
2326,220901
2327,202301
2328,227100
2329,258700
2330,343999
2331,405101
2332,304799
2333,222601
2334,210300
2335,211699
2336,211500
2337,318000
2338,260299
2339,233899
2340,239700
2341,230400
2342,230400
2343,314400
2344,217300
2345,238400
2346,245400
2347,278500
2348,322000
2349,445900
2350,585399
2351,577600
2352,493400
2353,401000
2354,384700
2355,405300
2356,429799
2357,363201
2358,288800
2359,363000
2360,290400
2361,413900
2362,455501
2363,307800
2364,331301
2365,202199
2366,227100
2367,233000
2368,205700
2369,256300
2370,203500
2371,227600
2372,229000
2373,221999
2374,251100
2375,229200
2376,192100
2377,232800
2378,486000
2379,615101
2380,633900
2381,347200
2382,284599
2383,226900
2384,249700
2385,294700
2386,245800
2387,215300
2388,299400
2389,362000
2390,225700
2391,263000
2392,236701
2393,249799
2394,247001
2395,236500
2396,312900
2397,278500
2398,274699
2399,292300
2400,253199
2401,244601
2402,227400
2403,253500
2404,236600
2405,265500
2406,212700
2407,269200
2408,203000
2409,215200
2410,198500
2411,205700
2412,337400
2413,331300
2414,317700
2415,312500
2416,536399
2417,305800
2418,317901
2419,333300
2420,267400
2421,234000
2422,216300
2423,218900
2424,219400
2425,235200
2426,216300
2427,276700
2428,222300
2429,240200
2430,236900
2431,266200
2432,282399
2433,330301
2434,262600
2435,254799
2436,229700
2437,232899
2438,219200
2439,204799
2440,237400
2441,225000
2442,225300
2443,282600
2444,234400
2445,254100
2446,224700
2447,218300
2448,270700
2449,249600
2450,223500
2451,233000
2452,256800
2453,266200
2454,271500
2455,235300
2456,228600
2457,201900
2458,269900
2459,226800
2460,221000
2461,219800
2462,209100
2463,232600
2464,228300
2465,222200
2466,273000
2467,279400
2468,219200
2469,218900
2470,263399
2471,224600
2472,212601
2473,424200
2474,279601
2475,255201
2476,224201
2477,240499
2478,227700
2479,225700
2480,224900
2481,256701
2482,289200
2483,244200
2484,298699
2485,342701
2486,268301
2487,258000
2488,233700
2489,241100
2490,230700
2491,325200
2492,278901
2493,407801
2494,305100
2495,233000
2496,469199
2497,269900
2498,305099
2499,238300
2500,267300
2501,296799
2502,295699
2503,278001
2504,247800
2505,278200
2506,261400
2507,228399
2508,296000
2509,222400
2510,234200
2511,357400
2512,392100
2513,301000
2514,263600
2515,252500
2516,204800
2517,267101
2518,210399
2519,237300
2520,303000
2521,219500
2522,218799
2523,211700
2524,209800
2525,220500
2526,188800
2527,213800
2528,221500
2529,226099
2530,293400
2531,341901
2532,630200
2533,312200
2534,341200
2535,328599
2536,266799
2537,209700
2538,193901
2539,221200
2540,268700
2541,192800
2542,190799
2543,230599
2544,226300
2545,216599
2546,366100
2547,275000
2548,241200
2549,197201
2550,192199
2551,232901
2552,186299
2553,259799
2554,209601
2555,202700
2556,193699
2557,187000
2558,234200
2559,194000
2560,200399
2561,197701
2562,209100
2563,201201
2564,218700
2565,230400
2566,195699
2567,191999
2568,205400
2569,238600
2570,237101
2571,520100
2572,411901
2573,262200
2574,288500
2575,215099
2576,210500
2577,257899
2578,219400
2579,273701
2580,262400
2581,288200
2582,322300
2583,297600
2584,215999
2585,325300
2586,250900
2587,363300
2588,333101
2589,413999
2590,440801
2591,436600
2592,354300
2593,426700
2594,341100
2595,323201
2596,426400
2597,284699
2598,301399
2599,201101
2600,203700
2601,296400
2602,270201
2603,296100
2604,365100
2605,328300
2606,255700
2607,308400
2608,265201
2609,327401
2610,236900
2611,316099
2612,308101
2613,254700
2614,254000
2615,238400
2616,347401
2617,319301
2618,209501
2619,266300
2620,287501
2621,457300
2622,400501
2623,307600
2624,309199
2625,335400
2626,340100
2627,316899
2628,367199
2629,342000
2630,347901
2631,329501
2632,311000
2633,322700
2634,275100
2635,475700
2636,419800
2637,429400
2638,303100
2639,282101
2640,226500
2641,251599
2642,341001
2643,438200
2644,294399
2645,251200
2646,249499
2647,233701
2648,482700
2649,560199
2650,355900
2651,325500
2652,293300
2653,239600
2654,258300
2655,296300
2656,359600
2657,355299
2658,265000
2659,385000
2660,317700
2661,337900
2662,250700
2663,329699
2664,547699
2665,650000
2666,378599
2667,294200
2668,450100
2669,331800
2670,270099
2671,468299
2672,487900
2673,346000
2674,427400
2675,389201
2676,554400
2677,763901
2678,476300
2679,459000
2680,379200
2681,564000
2682,355500
2683,314399
2684,348299
2685,353399
2686,419300
2687,617800
2688,576000
2689,514300
2690,417300
2691,441299
2692,270000
2693,275900
2694,344799
2695,310000
2696,299600
2697,256999
2698,239800
2699,241900
2700,245400
2701,267000
2702,329599
2703,332900
2704,432201
2705,263800
2706,283299
2707,264899
2708,283100
2709,255801
2710,208800
2711,252700
2712,225800
2713,188601
2714,199500
2715,211800
2716,188800
2717,210001
2718,192700
2719,218100
2720,214900
2721,203001
2722,361600
2723,484100
2724,295399
2725,215100
2726,309999
2727,261100
2728,235100
2729,229901
2730,223700
2731,209900
2732,215700
2733,190401
2734,224300
2735,215200
2736,189200
2737,208700
2738,207900
2739,244500
2740,308000
2741,300601
2742,285301
2743,202200
2744,193800
2745,201300
2746,193900
2747,246999
2748,244300
2749,210900
2750,209200
2751,188000
2752,210500
2753,200000
2754,190200
2755,266500
2756,203500
2757,192100
2758,197000
2759,192500
2760,188099
2761,196300
2762,248801
2763,263100
2764,359500
2765,260900
2766,311399
2767,247299
2768,270900
2769,292299
2770,288800
2771,220900
2772,203900
2773,204501
2774,211999
2775,191600
2776,242300
2777,209301
2778,229900
2779,211800
2780,217600
2781,230100
2782,203301
2783,250400
2784,280900
2785,373900
2786,243900
2787,216500
2788,206300
2789,214600
2790,196601
2791,220700
2792,231600
2793,212001
2794,192700
2795,190300
2796,215800
2797,198399
2798,188499
2799,206400
2800,192100
2801,346699
2802,189001
2803,195600
2804,190300
2805,219500
2806,395001
2807,520700
2808,304000
2809,330699
2810,235699
2811,219101
2812,247301
2813,268200
2814,244300
2815,196201
2816,228600
2817,220100
2818,248800
2819,281800
2820,260500
2821,235600
2822,230600
2823,284200
2824,302101
2825,306100
2826,387800
2827,259399
2828,249499
2829,198200
2830,316199
2831,298400
2832,279099
2833,276301
2834,231999
2835,206400
2836,240500
2837,258100
2838,210100
2839,202800
2840,191500
2841,188500
2842,187300
2843,259100
2844,589800
2845,499800
2846,348900
2847,302500
2848,307700
2849,274800
2850,190300
2851,210800
2852,257800
2853,211900
2854,217799
2855,234499
2856,195101
2857,195800
2858,190700
2859,212400
2860,224700
2861,291301
2862,263201
2863,320801
2864,246801
2865,183900
2866,323299
2867,224701
2868,238801
2869,317200
2870,188300
2871,210601
2872,323099
2873,360301
2874,232501
2875,271401
2876,310199
2877,321700
2878,322999
2879,396901
2880,619101
2881,374900
2882,288700
2883,356701
2884,311600
2885,290400
2886,293800
2887,320201
2888,287700
2889,297301
2890,291700
2891,337199
2892,289400
2893,316601
2894,387200
2895,381899
2896,314400
2897,275100
2898,262000
2899,273300
2900,255500
2901,252900
2902,254500
2903,256199
2904,329000
2905,269200
2906,258100
2907,218400
2908,300600
2909,250200
2910,269199
2911,265500
2912,404401
2913,267500
2914,254201
2915,243300
2916,231500
2917,233200
2918,247800
2919,248801
2920,226301
2921,217901
2922,209800
2923,203801
2924,221400
2925,240800
2926,249299
2927,212800
2928,213901
2929,227199
2930,223699
2931,210600
2932,260200
2933,284000
2934,387600
2935,286901
2936,326299
2937,241100
2938,247301
2939,230801
2940,245401
2941,197500
2942,301401
2943,310000
2944,264599
2945,281301
2946,276200
2947,307201
2948,270700
2949,262699
2950,252600
2951,343900
2952,343301
2953,490599
2954,334001
2955,272900
2956,268700
2957,263700
2958,268000
2959,275899
2960,289400
2961,288101
2962,269601
2963,254601
2964,288599
2965,357900
2966,360800
2967,288700
2968,234400
2969,212101
2970,210500
2971,197400
2972,197700
2973,277200
2974,254600
2975,202200
2976,214900
2977,198400
2978,209299
2979,187801
2980,204999
2981,211400
2982,212301
2983,192800
2984,188200
2985,190900
2986,208099
2987,195701
2988,228200
2989,238000
2990,293300
2991,247399
2992,235399
2993,257599
2994,312500
2995,328700
2996,314900
2997,326300
2998,316299
2999,222300
3000,236100
3001,326500
3002,221499
3003,279900
3004,240800
3005,225300
3006,261200
3007,365000
3008,297200
3009,342600
3010,245800
3011,264899
3012,536800
3013,535500
3014,312699
3015,324100
3016,337100
3017,381700
3018,268800
3019,230400
3020,263400
3021,319400
3022,370399
3023,470400
3024,363900
3025,373701
3026,247400
3027,287400
3028,293499
3029,188000
3030,266900
3031,249400
3032,270600
3033,200900
3034,277499
3035,188600
3036,210800
3037,272700
3038,360900
3039,289000
3040,267999
3041,302000
3042,464101
3043,305301
3044,242500
3045,222301
3046,239499
3047,213400
3048,217700
3049,213300
3050,196000
3051,191000
3052,208300
3053,199300
3054,202200
3055,197600
3056,199300
3057,190500
3058,211399
3059,228600
3060,245500
3061,238500
3062,249200
3063,551000
3064,296100
3065,315999
3066,234200
3067,283699
3068,304600
3069,235600
3070,290900
3071,280300
3072,206200
3073,218799
3074,195901
3075,206499
3076,239901
3077,449299
3078,393700
3079,250900
3080,304599
3081,223700
3082,228600
3083,225401
3084,301001
3085,227499
3086,211099
3087,214801
3088,215200
3089,206001
3090,219999
3091,217599
3092,189900
3093,202700
3094,197201
3095,194700
3096,193300
3097,197300
3098,235500
3099,310400
3100,265299
3101,300600
3102,233500
3103,213600
3104,208700
3105,211000
3106,198000
3107,211500
3108,190500
3109,186500
3110,186201
3111,186700
3112,186300
3113,187200
3114,187200
3115,186200
3116,188000
3117,254599
3118,230901
3119,206000
3120,220700
3121,210899
3122,251899
3123,294300
3124,239301
3125,209099
3126,205200
3127,195200
3128,187900
3129,187900
3130,189100
3131,191500
3132,191500
3133,190799
3134,192200
3135,189001
3136,187999
3137,187701
3138,186600
3139,186201
3140,189700
3141,190300
3142,187000
3143,187500
3144,230200
3145,188301
3146,228300
3147,219399
3148,267700
3149,192600
3150,196000
3151,186899
3152,191800
3153,188800
3154,187900
3155,190200
3156,191200
3157,188600
3158,188900
3159,189400
3160,188600
3161,189300
3162,292800
3163,238600
3164,219901
3165,344600
3166,261000
3167,208199
3168,264300
3169,307800
3170,328300
3171,262301
3172,235000
3173,259399
3174,289599
3175,309101
3176,308300
3177,202800
3178,227100
3179,329800
3180,241400
3181,221301
3182,225500
3183,196299
3184,215700
3185,214101
3186,214100
3187,266700
3188,192300
3189,254500
3190,410401
3191,257000
3192,194199
3193,187501
3194,270201
3195,219901
3196,214099
3197,204300
3198,322000
3199,200199
3200,193299
3201,210300
3202,189000
3203,195900
3204,190500
3205,210401
3206,207800
3207,244200
3208,229101
3209,235100
3210,241600
3211,211900
3212,233500
3213,191600
3214,188100
3215,192600
3216,188600
3217,207700
3218,191399
3219,191101
3220,191900
3221,189400
3222,192100
3223,193400
3224,191299
3225,210001
3226,195101
3227,190300
3228,240401
3229,199601
3230,193701
3231,227499
3232,200700
3233,255901
3234,237501
3235,237600
3236,225999
3237,193300
3238,204799
3239,204900
3240,194701
3241,267500
3242,282500
3243,222500
3244,207300
3245,201000
3246,201601
3247,209099
3248,212899
3249,198300
3250,216301
3251,189899
3252,191799
3253,210001
3254,192800
3255,378099
3256,346100
3257,303900
3258,260500
3259,198301
3260,192500
3261,204401
3262,213000
3263,196199
3264,213300
3265,196899
3266,192399
3267,190699
3268,189900
3269,191400
3270,196700
3271,239399
3272,200700
3273,196200
3274,189400
3275,196500
3276,230199
3277,195600
3278,203600
3279,256201
3280,251499
3281,292700
3282,320900
3283,296201
3284,284900
3285,254100
3286,389601
3287,344801
3288,259300
3289,220100
3290,280501
3291,245201
3292,258301
3293,253300
3294,236600
3295,271700
3296,251000
3297,321700
3298,399100
3299,319800
3300,324799
3301,212699
3302,226700
3303,220299
3304,218800
3305,217801
3306,219900
3307,219999
3308,220200
3309,215999
3310,327600
3311,241900
3312,222100
3313,212400
3314,259799
3315,197900
3316,212300
3317,235100
3318,394600
3319,259501
3320,203400
3321,234200
3322,234100
3323,215300
3324,209100
3325,206300
3326,196800
3327,191900
3328,191301
3329,190600
3330,212701
3331,207600
3332,196100
3333,189900
3334,238600
3335,275601
3336,436801
3337,304399
3338,269599
3339,250800
3340,253001
3341,233300
3342,241900
3343,246800
3344,213400
3345,243800
3346,238800
3347,219900
3348,212601
3349,213100
3350,222300
3351,207201
3352,259601
3353,232900
3354,214000
3355,211401
3356,430599
3357,453101
3358,286800
3359,260300
3360,219700
3361,189400
3362,215200
3363,195100
3364,197600
3365,194101
3366,194300
3367,196600
3368,209499
3369,209099
3370,191600
3371,190400
3372,193399
3373,188500
3374,189200
3375,188200
3376,211800
3377,236901
3378,218299
3379,195601
3380,195800
3381,234100
3382,221701
3383,198600
3384,189700
3385,188200
3386,188200
3387,188399
3388,187100
3389,188200
3390,186299
3391,187300
3392,188500
3393,188400
3394,259101
3395,186400
3396,210700
3397,274500
3398,272900
3399,296700
3400,198200
3401,203501
3402,219200
3403,247400
3404,412500
3405,337700
3406,273401
3407,243200
3408,290000
3409,318600
3410,270000
3411,235000
3412,278401
3413,309000
3414,241100
3415,284800
3416,438500
3417,324299
3418,383300
3419,353999
3420,703899
3421,397300
3422,295800
3423,319200
3424,268099
3425,288301
3426,288600
3427,291701
3428,264800
3429,212999
3430,301500
3431,278699
3432,227500
3433,200800
3434,234400
3435,249700
3436,280200
3437,412599
3438,274199
3439,251901
3440,218201
3441,237599
3442,192600
3443,239000
3444,198400
3445,197500
3446,196500
3447,191400
3448,214700
3449,200600
3450,195600
3451,217900
3452,199300
3453,192200
3454,218200
3455,250100
3456,256500
3457,262600
3458,197199
3459,257401
3460,214201
3461,252100
3462,208801
3463,205500
3464,259100
3465,211900
3466,299701
3467,290199
3468,280000
3469,308199
3470,285101
3471,226200
3472,293800
3473,312900
3474,359401
3475,361101
3476,398699
3477,420299
3478,361300
3479,309699
3480,466800
3481,318101
3482,238399
3483,426401
3484,339400
3485,285500
3486,327500
3487,229399
3488,212500
3489,233799
3490,279201
3491,290799
3492,257800
3493,215199
3494,233699
3495,212899
3496,213301
3497,290700
3498,327200
3499,270300
3500,220400
3501,224599
3502,273801
3503,275000
3504,212800
3505,261400
3506,192799
3507,200801
3508,220600
3509,202100
3510,250800
3511,283900
3512,333800
3513,361101
3514,240400
3515,214800
3516,198899
3517,208600
3518,210800
3519,194100
3520,190700
3521,211000
3522,210200
3523,236800
3524,190200
3525,208400
3526,205599
3527,224900
3528,190701
3529,206400
3530,228800
3531,192100
3532,241100
3533,255600
3534,237401
3535,423000
3536,546600
3537,512800
3538,296601
3539,269000
3540,297199
3541,238300
3542,214000
3543,215100
3544,242000
3545,235401
3546,188000
3547,225800
3548,218400
3549,188899
3550,215899
3551,261801
3552,379100
3553,247001
3554,203800
3555,222299
3556,223100
3557,260700
3558,200399
3559,211799
3560,194200
3561,201700
3562,193301
3563,193801
3564,348000
3565,212200
3566,237100
3567,220800
3568,210900
3569,190900
3570,242000
3571,414400
3572,270899
3573,313300
3574,291000
3575,263100
3576,249099
3577,257701
3578,290501
3579,268700
3580,287300
3581,215599
3582,277999
3583,291001
3584,235101
3585,308401
3586,211199
3587,269501
3588,334300
3589,413299
3590,279200
3591,224899
3592,200900
3593,232600
3594,199901
3595,224301
3596,202300
3597,192100
3598,193000
3599,193500
3600,190300
3601,191500
3602,192700
3603,231100
3604,190299
3605,198001
3606,190900
3607,289600
3608,222701
3609,202699
3610,304400
3611,286800
3612,279700
3613,212900
3614,187101
3615,211099
3616,229401
3617,193200
3618,189801
3619,190699
3620,191401
3621,191900
3622,193000
3623,190199
3624,191899
3625,191500
3626,187400
3627,208500
3628,267999
3629,198401
3630,204000
3631,220600
3632,208999
3633,207900
3634,204701
3635,451000
3636,292099
3637,239800
3638,208299
3639,216399
3640,190801
3641,192599
3642,191599
3643,188900
3644,192200
3645,189599
3646,196899
3647,207300
3648,210300
3649,220100
3650,236200
3651,183901
3652,230700
3653,422000
3654,255899
3655,304501
3656,261400
3657,275199
3658,215999
3659,203600
3660,216900
3661,207300
3662,228700
3663,237100
3664,213101
3665,227400
3666,233399
3667,215200
3668,216000
3669,194700
3670,189400
3671,236700
3672,189600
3673,185299
3674,188900
3675,193699
3676,186301
3677,202800
3678,251600
3679,395901
3680,254600
3681,202800
3682,190000
3683,185000
3684,208399
3685,197201
3686,191600
3687,191700
3688,210299
3689,193500
3690,226700
3691,309100
3692,210199
3693,212400
3694,218100
3695,360701
3696,316899
3697,377100
3698,443800
3699,282100
3700,213000
3701,187200
3702,184399
3703,194900
3704,189700
3705,186300
3706,189000
3707,209500
3708,192500
3709,188399
3710,189801
3711,188200
3712,264800
3713,198000
3714,189001
3715,207301
3716,211800
3717,191000
3718,187801
3719,193700
3720,250699
3721,240500
3722,254301
3723,271800
3724,239100
3725,212001
3726,341201
3727,342500
3728,324900
3729,307200
3730,277801
3731,313800
3732,273000
3733,276899
3734,326401
3735,279100
3736,217700
3737,242900
3738,339000
3739,310899
3740,344100
3741,218499
3742,212800
3743,186900
3744,196700
3745,190000
3746,188400
3747,185701
3748,187199
3749,187500
3750,185600
3751,188601
3752,194701
3753,190099
3754,188701
3755,228799
3756,192900
3757,187399
3758,188000
3759,189500
3760,212001
3761,223900
3762,242400
3763,241499
3764,223900
3765,197000
3766,191200
3767,189700
3768,211300
3769,210301
3770,190699
3771,257900
3772,258599
3773,272599
3774,237600
3775,231799
3776,239999
3777,269601
3778,226600
3779,220100
3780,218900
3781,239600
3782,221000
3783,259201
3784,253600
3785,275500
3786,255601
3787,247701
3788,221800
3789,232200
3790,223600
3791,225500
3792,219400
3793,219500
3794,219800
3795,222600
3796,215299
3797,224600
3798,230001
3799,191900
3800,189100
3801,188900
3802,189100
3803,189199
3804,188800
3805,188800
3806,190300
3807,221000
3808,459900
3809,251800
3810,206500
3811,186399
3812,243100
3813,211900
3814,205299
3815,185999
3816,190901
3817,233601
3818,252101
3819,184401
3820,197099
3821,189400
3822,188600
3823,209500
3824,192700
3825,189899
3826,192600
3827,226399
3828,236200
3829,258301
3830,216500
3831,204900
3832,210399
3833,195899
3834,193301
3835,191299
3836,191200
3837,286900
3838,186799
3839,195200
3840,215999
3841,189600
3842,192100
3843,193600
3844,191699
3845,189299
3846,208500
3847,193500
3848,190000
3849,190801
3850,207700
3851,273300
3852,296900
3853,304500
3854,297999
3855,227799
3856,261200
3857,212899
3858,204499
3859,217200
3860,209000
3861,246600
3862,201399
3863,201201
3864,241400
3865,197300
3866,188700
3867,192000
3868,191500
3869,185901
3870,220901
3871,210799
3872,273900
3873,233099
3874,374499
3875,310301
3876,269400
3877,313000
3878,298800
3879,276199
3880,231801
3881,229001
3882,267700
3883,326300
3884,282100
3885,265600
3886,222800
3887,290500
3888,272300
3889,236400
3890,257500
3891,307900
3892,275500
3893,425100
3894,362300
3895,299000
3896,312200
3897,308800
3898,275300
3899,280400
3900,280000
3901,264500
3902,275000
3903,273200
3904,324600
3905,274400
3906,286900
3907,275100
3908,279000
3909,334100
3910,346400
3911,313700
3912,283800
3913,336500
3914,220200
3915,229000
3916,224700
3917,232700
3918,210300
3919,218100
3920,211700
3921,214300
3922,196000
3923,214300
3924,205100
3925,228300
3926,223900
3927,226600
3928,270800
3929,207100
3930,233200
3931,431900
3932,251700
3933,203600
3934,199000
3935,189400
3936,190200
3937,307800
3938,208200
3939,212300
3940,212200
3941,189700
3942,195400
3943,213500
3944,247500
3945,197100
3946,190800
3947,192700
3948,188600
3949,219400
3950,244600
3951,267700
3952,222900
3953,194400
3954,198500
3955,196800
3956,190600
3957,187500
3958,187700
3959,188700
3960,188500
3961,188000
3962,190400
3963,189000
3964,188400
3965,244000
3966,263900
3967,281100
3968,225400
3969,234400
3970,223900
3971,230600
3972,275300
3973,252700
3974,332600
3975,267900
3976,226600
3977,211200
3978,208900
3979,198100
3980,191100
3981,214100
3982,210400
3983,195200
3984,189900
3985,191100
3986,192600
3987,226700
3988,190100
3989,190300
3990,189400
3991,213400
3992,197900
3993,191500
3994,190200
3995,220300
3996,324600
3997,283500
3998,222500
3999,219200
4000,188400
4001,194600
4002,189600
4003,190200
4004,188700
4005,187000
4006,187100
4007,187000
4008,187400
4009,235800
4010,210400
4011,246100
4012,212800
4013,223300
4014,215400
4015,221200
4016,198000
4017,189500
4018,199900
4019,240600
4020,324800
4021,272900
4022,223300
4023,199800
4024,192700
4025,191700
4026,181500
4027,194700
4028,185800
4029,184800
4030,246000
4031,192200
4032,189100
4033,189300
4034,190700
4035,190300
4036,188800
4037,189100
4038,188900
4039,187800
4040,188000
4041,188200
4042,188400
4043,197400
4044,238600
4045,227100
4046,284400
4047,226500
4048,206000
4049,220600
4050,192800
4051,188400
4052,224600
4053,320200
4054,239800
4055,302500
4056,227600
4057,214900
4058,209200
4059,189800
4060,217400
4061,202100
4062,195900
4063,194600
4064,197200
4065,228000
4066,461300
4067,285000
4068,204300
4069,238000
4070,210200
4071,203900
4072,226700
4073,202400
4074,212400
4075,200300
4076,190400
4077,187600
4078,188300
4079,310700
4080,245000
4081,234800
4082,232600
4083,270100
4084,256300
4085,253800
4086,331700
4087,220300
4088,218300
4089,226100
4090,219400
4091,234600
4092,222500
4093,266500
4094,224300
4095,281600
4096,216900
4097,227000
4098,224100
4099,223500
4100,214000
4101,217200
4102,216200
4103,212700
4104,214900
4105,261900
4106,345600
4107,322900
4108,293800
4109,237200
4110,212200
4111,191000
4112,201300
4113,189700
4114,186300
4115,216700
4116,185300
4117,186900
4118,187000
4119,186000
4120,185700
4121,186100
4122,186500
4123,186700
4124,186900
4125,188800
4126,190500
4127,186000
4128,185600
4129,188100
4130,218100
4131,248600
4132,404300
4133,221300
4134,313100
4135,284000
4136,314700
4137,254400
4138,211100
4139,220500
4140,196300
4141,196000
4142,331800
4143,302700
4144,302900
4145,247400
4146,304300
4147,273800
4148,302700
4149,227200
4150,243700
4151,276500
4152,258000
4153,247100
4154,236100
4155,238800
4156,255800
4157,279200
4158,217500
4159,218900
4160,272200
4161,196100
4162,187900
4163,246500
4164,208700
4165,191500
4166,186700
4167,187400
4168,185600
4169,187200
4170,186400
4171,250400
4172,465100
4173,421000
4174,484000
4175,398300
4176,315100
4177,281200
4178,278000
4179,279100
4180,401600
4181,255000
4182,332300
4183,315700
4184,439100
4185,5850200
4186,698400
4187,341500
4188,256200
4189,248700
4190,395200
4191,325700
4192,243900
4193,207200
4194,188300
4195,199600
4196,189800
4197,196500
4198,191600
4199,190800
4200,191300
4201,193100
4202,215700
4203,193500
4204,192500
4205,219800
4206,190200
4207,192200
4208,209000
4209,212200
4210,211900
4211,210900
4212,209900
4213,232700
4214,229100
4215,278900
4216,295800
4217,288500
4218,296700
4219,301300
4220,200600
4221,207400
4222,237700
4223,259900
4224,226600
4225,215200
4226,216400
4227,273400
4228,261500
4229,215200
4230,199500
4231,199700
4232,213900
4233,222800
4234,273100
4235,251300
4236,263200
4237,225400
4238,210400
4239,199400
4240,214400
4241,209400
4242,190700
4243,206400
4244,189500
4245,218200
4246,187700
4247,187700
4248,188000
4249,187800
4250,187100
4251,188900
4252,190200
4253,192700
4254,193600
4255,188100
4256,231400
4257,217100
4258,234400
4259,233800
4260,226600
4261,190800
4262,186900
4263,204600
4264,189900
4265,189700
4266,187400
4267,188900
4268,186600
4269,186400
4270,185600
4271,253700
4272,220600
4273,199700
4274,188100
4275,188000
4276,188100
4277,224500
4278,186800
4279,187200
4280,187500
4281,185800
4282,208500
4283,229900
4284,266500
4285,225700
4286,213900
4287,218700
4288,192300
4289,190700
4290,189200
4291,187400
4292,187500
4293,189700
4294,188400
4295,186500
4296,187000
4297,188100
4298,360200
4299,272100
4300,299000
4301,278400
4302,244500
4303,291700
4304,338700
4305,692000
4306,290300
4307,198400
4308,202500
4309,333400
4310,346400
4311,383000
4312,342800
4313,300000
4314,296300
4315,399200
4316,306200
4317,312100
4318,383900
4319,355300
4320,306800
4321,310500
4322,321700
4323,394800
4324,370200
4325,299600
4326,289800
4327,324200
4328,323300
4329,280300
4330,292100
4331,229900
4332,216500
4333,265100
4334,284400
4335,340300
4336,250200
4337,222700
4338,211600
4339,207400
4340,263200
4341,251200
4342,244800
4343,206000
4344,188600
4345,189000
4346,213500
4347,213700
4348,206400
4349,301100
4350,222100
4351,229700
4352,215900
4353,202100
4354,220800
4355,237900
4356,247000
4357,242000
4358,187800
4359,194600
4360,188100
4361,240500
4362,191800
4363,192300
4364,191100
4365,189600
4366,190200
4367,189000
4368,193800
4369,188700
4370,188600
4371,189200
4372,189600
4373,190500
4374,190300
4375,195800
4376,194000
4377,196700
4378,189400
4379,223100
4380,241500
4381,388900
4382,333300
4383,354600
4384,273800
4385,286900
4386,288600
4387,270600
4388,236300
4389,288300
4390,270200
4391,250000
4392,197800
4393,271400
4394,249800
4395,270400
4396,264600
4397,267400
4398,355000
4399,301800
4400,276800
4401,216300
4402,268000
4403,257700
4404,275000
4405,295100
4406,282400
4407,190100
4408,269800
4409,274500
4410,258400
4411,257900
4412,258600
4413,192700
4414,267300
4415,253500
4416,287900
4417,523400
4418,280100
4419,246000
4420,250100
4421,281900
4422,309500
4423,311900
4424,273400
4425,270900
4426,214300
4427,216100
4428,253100
4429,218700
4430,282100
4431,313500
4432,258700
4433,266000
4434,310000
4435,258100
4436,247500
4437,298600
4438,214500
4439,237400
4440,265200
4441,230300
4442,307900
4443,240800
4444,238000
4445,280500
4446,187500
4447,198100
4448,298100
4449,302500
4450,380100
4451,442600
4452,334800
4453,387600
4454,280100
4455,253500
4456,264100
4457,282000
4458,253200
4459,220900
4460,243000
4461,279100
4462,276600
4463,287500
4464,289800
4465,226900
4466,336100
4467,292600
4468,339200
4469,366200
4470,254200
4471,275500
4472,253800
4473,252600
4474,282700
4475,209000
4476,254000
4477,286000
4478,214100
4479,235800
4480,268400
4481,268500
4482,253100
4483,230600
4484,264200
4485,266400
4486,233000
4487,301700
4488,368300
4489,338100
4490,225200
4491,211700
4492,205400
4493,231000
4494,194500
4495,188300
4496,186900
4497,188100
4498,186600
4499,189200
4500,187500
4501,185700
4502,189500
4503,186000
4504,186900
4505,186500
4506,185500
4507,187700
4508,188400
4509,262000
4510,245900
4511,220600
4512,234700
4513,191700
4514,215100
4515,210500
4516,182400
4517,208500
4518,189000
4519,188800
4520,188200
4521,188100
4522,186000
4523,186500
4524,191400
4525,186100
4526,196700
4527,308600
4528,281800
4529,215900
4530,246500
4531,328100
4532,252000
4533,577000
4534,290400
4535,263800
4536,237300
4537,282300
4538,242600
4539,256300
4540,274900
4541,220600
4542,223400
4543,220800
4544,239000
4545,204700
4546,245000
4547,263300
4548,365100
4549,308600
4550,295500
4551,322300
4552,232600
4553,245200
4554,226500
4555,211300
4556,252100
4557,294900
4558,285500
4559,226100
4560,223700
4561,213700
4562,189900
4563,209300
4564,194100
4565,192100
4566,191200
4567,191000
4568,228800
4569,262300
4570,326700
4571,284200
4572,316700
4573,208600
4574,197800
4575,189600
4576,215000
4577,188700
4578,191800
4579,186100
4580,188400
4581,188100
4582,185000
4583,186900
4584,188500
4585,208900
4586,192800
4587,242000
4588,233500
4589,213900
4590,216900
4591,268900
4592,261000
4593,239400
4594,272800
4595,192600
4596,208600
4597,188900
4598,190300
4599,187600
4600,187300
4601,188300
4602,230000
4603,206500
4604,189300
4605,223400
4606,191500
4607,194500
4608,190200
4609,191000
4610,188900
4611,193400
4612,188500
4613,189300
4614,189700
4615,258800
4616,292600
4617,279400
4618,256700
4619,203100
4620,185600
4621,194900
4622,189100
4623,189700
4624,192500
4625,192900
4626,188200
4627,188900
4628,189200
4629,188600
4630,187100
4631,187200
4632,187800
4633,198400
4634,187300
4635,190500
4636,189200
4637,233000
4638,195100
4639,195900
4640,227300
4641,219700
4642,232000
4643,192500
4644,188000
4645,189800
4646,187100
4647,187200
4648,185900
4649,188300
4650,278900
4651,217100
4652,203100
4653,197000
4654,201600
4655,219400
4656,257800
4657,230900
4658,279400
4659,241300
4660,226200
4661,272300
4662,507000
4663,274500
4664,211900
4665,229600
4666,223900
4667,202100
4668,193000
4669,192800
4670,189300
4671,196700
4672,191500
4673,191100
4674,191200
4675,194100
4676,189000
4677,186600
4678,228600
4679,219500
4680,402600
4681,319700
4682,243100
4683,206000
4684,240100
4685,235800
4686,202800
4687,192800
4688,202600
4689,204900
4690,196100
4691,211700
4692,213800
4693,191800
4694,189600
4695,188800
4696,210700
4697,190600
4698,188100
4699,221200
4700,190900
4701,188400
4702,198200
4703,254900
4704,310100
4705,293400
4706,239700
4707,198000
4708,192500
4709,192200
4710,188000
4711,191000
4712,193500
4713,196300
4714,188500
4715,189700
4716,189700
4717,192400
4718,189200
4719,190600
4720,187900
4721,238900
4722,187800
4723,188200
4724,188300
4725,188200
4726,192900
4727,207500
4728,225200
4729,289200
4730,380500
4731,305000
4732,215700
4733,210700
4734,188800
4735,230400
4736,212700
4737,214500
4738,190500
4739,187900
4740,189800
4741,190700
4742,228600
4743,188600
4744,189600
4745,190900
4746,189600
4747,188600
4748,188500
4749,189100
4750,226600
4751,275900
4752,256300
4753,200800
4754,217600
4755,190400
4756,189600
4757,189500
4758,187700
4759,188100
4760,187700
4761,189100
4762,188000
4763,189100
4764,233100
4765,194200
4766,186600
4767,188600
4768,188400
4769,187300
4770,187400
4771,188500
4772,185900
4773,186400
4774,671300
4775,580200
4776,358300
4777,218900
4778,231800
4779,190800
4780,199000
4781,228300
4782,209500
4783,193400
4784,210100
4785,262800
4786,198500
4787,253600
4788,216600
4789,218200
4790,217400
4791,207400
4792,222300
4793,587900
4794,376700
4795,314100
4796,255700
4797,242000
4798,236100
4799,215600
4800,192700
4801,216200
4802,192600
4803,242100
4804,211900
4805,191500
4806,230900
4807,290800
4808,404000
4809,508900
4810,391500
4811,314100
4812,270800
4813,267000
4814,265700
4815,255800
4816,257700
4817,262100
4818,258800
4819,300000
4820,264400
4821,250300
4822,275800
4823,263500
4824,306900
4825,259800
4826,335700
4827,524700
4828,466000
4829,358200
4830,291800
4831,197800
4832,217200
4833,222300
4834,212100
4835,190500
4836,197800
4837,187900
4838,186300
4839,186400
4840,303300
4841,206300
4842,200400
4843,210100
4844,213700
4845,207600
4846,289800
4847,256800
4848,246300
4849,385900
4850,264600
4851,223900
4852,311200
4853,314100
4854,312700
4855,303000
4856,308300
4857,308600
4858,302700
4859,299500
4860,301000
4861,198900
4862,217200
4863,231200
4864,259800
4865,228700
4866,234700
4867,228100
4868,196800
4869,182000
4870,210100
4871,207600
4872,190600
4873,207600
4874,191600
4875,188900
4876,189000
4877,193200
4878,240100
4879,188700
4880,209200
4881,210800
4882,192700
4883,187700
4884,192300
4885,193700
4886,213800
4887,208000
4888,242500
4889,294100
4890,229700
4891,186100
4892,209900
4893,193300
4894,188700
4895,189100
4896,191200
4897,190000
4898,188400
4899,284700
4900,220000
4901,212900
4902,199600
4903,207900
4904,202000
4905,194200
4906,189400
4907,195300
4908,189500
4909,191500
4910,231000
4911,455400
4912,268900
4913,197400
4914,262100
4915,187900
4916,197400
4917,190700
4918,199800
4919,254000
4920,208200
4921,212400
4922,190100
4923,204000
4924,195900
4925,217700
4926,211700
4927,193200
4928,188500
4929,261300
4930,241700
4931,223700
4932,227000
4933,204200
4934,201300
4935,183900
4936,209000
4937,209400
4938,190100
4939,192000
4940,190000
4941,193900
4942,188600
4943,184600
4944,186000
4945,189100
4946,188700
4947,189900
4948,190600
4949,209400
4950,192100
4951,238300
4952,196200
4953,188900
4954,200000
4955,251800
4956,304900
4957,326900
4958,265900
4959,244800
4960,334800
4961,392700
4962,374700
4963,330900
4964,284900
4965,261600
4966,272300
4967,215800
4968,206600
4969,198300
4970,212500
4971,193500
4972,274300
4973,287400
4974,291400
4975,248800
4976,281800
4977,277200
4978,229600
4979,208300
4980,228200
4981,198200
4982,215000
4983,195300
4984,211300
4985,200600
4986,200100
4987,191900
4988,234400
4989,232200
4990,211500
4991,227900
4992,199800
4993,235800
4994,259600
4995,388900
4996,416400
4997,363800
4998,280800
4999,230200
5000,252400
5001,245900
5002,192400
5003,188700
5004,209500
5005,217500
5006,211500
5007,206500
5008,191000
5009,215900
5010,188300
5011,199600
5012,192400
5013,209800
5014,194400
5015,292300
5016,268500
5017,342000
5018,251600
5019,241100
5020,213700
5021,224500
5022,223200
5023,212100
5024,220800
5025,212900
5026,197400
5027,192100
5028,189900
5029,188200
5030,189400
5031,187500
5032,188200
5033,189800
5034,190100
5035,189000
5036,243000
5037,189200
5038,647400
5039,357200
5040,302000
5041,340000
5042,309800
5043,284300
5044,272400
5045,278600
5046,272200
5047,273100
5048,278500
5049,270500
5050,274600
5051,288400
5052,382800
5053,351300
5054,331900
5055,276600
5056,341400
5057,288000
5058,280200
5059,281700
5060,288500
5061,267800
5062,272000
5063,269800
5064,279500
5065,271700
5066,279300
5067,282600
5068,289500
5069,320700
5070,575400
5071,553700
5072,432500
5073,336500
5074,307500
5075,282800
5076,270700
5077,252600
5078,290600
5079,253600
5080,249500
5081,248000
5082,256300
5083,257200
5084,271400
5085,303200
5086,335300
5087,356700
5088,331300
5089,284700
5090,282400
5091,318100
5092,287700
5093,290000
5094,285900
5095,272500
5096,270500
5097,482300
5098,324100
5099,256200
5100,217900
5101,202200
5102,198600
5103,209200
5104,304500
5105,294200
5106,253900
5107,416800
5108,320000
5109,291000
5110,336500
5111,300900
5112,319600
5113,275800
5114,261000
5115,256800
5116,258000
5117,294500
5118,279800
5119,254800
5120,350200
5121,458000
5122,404100
5123,295000
5124,227500
5125,220500
5126,193800
5127,191100
5128,193700
5129,194700
5130,196700
5131,190200
5132,199500
5133,254700
5134,219100
5135,238500
5136,218500
5137,221100
5138,202600
5139,208900
5140,204800
5141,237300
5142,463800
5143,301300
5144,223300
5145,212400
5146,208100
5147,203100
5148,206000
5149,189400
5150,213500
5151,199600
5152,194700
5153,189600
5154,234900
5155,236700
5156,210500
5157,216800
5158,189400
5159,197100
5160,233300
5161,224700
5162,270600
5163,211900
5164,189200
5165,187400
5166,191400
5167,192100
5168,192800
5169,189800
5170,209300
5171,190300
5172,302600
5173,316400
5174,291800
5175,278600
5176,280200
5177,277700
5178,277100
5179,278900
5180,273900
5181,310600
5182,443100
5183,395800
5184,319000
5185,261000
5186,255900
5187,253500
5188,256800
5189,261600
5190,254300
5191,270700
5192,267500
5193,357100
5194,231500
5195,211300
5196,206100
5197,201600
5198,210500
5199,189200
5200,203200
5201,223700
5202,221400
5203,229100
5204,185500
5205,230600
5206,194000
5207,188600
5208,185000
5209,184100
5210,197100
5211,203400
5212,208200
5213,207400
5214,191000
5215,187500
5216,186300
5217,185900
5218,186600
5219,185400
5220,186500
5221,187000
5222,187400
5223,187100
5224,287300
5225,218900
5226,283700
5227,226200
5228,248900
5229,190100
5230,188600
5231,189400
5232,186700
5233,188300
5234,187100
5235,187500
5236,185500
5237,186500
5238,187300
5239,187200
5240,190700
5241,186400
5242,187300
5243,186900
5244,186600
5245,185500
5246,191300
5247,189200
5248,215700
5249,189500
5250,237400
5251,240100
5252,257600
5253,238300
5254,329900
5255,260600
5256,216100
5257,207900
5258,196100
5259,213200
5260,194800
5261,189600
5262,189100
5263,187400
5264,187300
5265,187600
5266,187000
5267,189000
5268,188500
5269,235200
5270,209700
5271,188000
5272,187200
5273,497500
5274,286400
5275,197400
5276,228600
5277,212000
5278,220800
5279,274600
5280,219500
5281,211000
5282,187600
5283,199400
5284,191900
5285,189500
5286,186100
5287,187900
5288,187100
5289,226600
5290,189000
5291,186800
5292,191000
5293,472300
5294,344700
5295,375900
5296,291200
5297,227900
5298,219000
5299,232000
5300,190300
5301,188600
5302,190300
5303,189800
5304,192500
5305,193100
5306,208100
5307,209300
5308,191100
5309,191000
5310,207600
5311,233400
5312,191200
5313,191200
5314,255800
5315,295300
5316,285600
5317,235800
5318,205900
5319,256800
5320,242700
5321,253800
5322,231400
5323,203000
5324,198900
5325,228300
5326,195900
5327,194100
5328,192700
5329,194800
5330,192600
5331,191600
5332,288500
5333,227200
5334,214000
5335,236200
5336,305800
5337,268600
5338,269400
5339,263600
5340,259200
5341,213700
5342,201400
5343,197800
5344,194000
5345,196900
5346,191900
5347,213100
5348,217800
5349,228900
5350,188400
5351,204600
5352,206700
5353,195400
5354,230300
5355,196300
5356,207800
5357,229500
5358,225700
5359,245900
5360,242200
5361,224500
5362,236000
5363,209800
5364,205300
5365,198500
5366,198400
5367,189200
5368,188300
5369,188900
5370,188200
5371,187400
5372,188200
5373,255900
5374,252300
5375,273700
5376,206700
5377,209300
5378,194200
5379,194200
5380,264500
5381,231300
5382,270100
5383,228100
5384,214000
5385,186400
5386,196700
5387,189000
5388,188100
5389,188300
5390,189400
5391,188100
5392,189500
5393,192400
5394,188400
5395,188500
5396,189000
5397,223100
5398,190200
5399,190800
5400,186600
5401,186200
5402,186900
5403,187200
5404,186100
5405,187000
5406,434100
5407,258700
5408,197700
5409,186800
5410,194500
5411,197400
5412,194300
5413,210400
5414,215400
5415,242300
5416,230400
5417,214100
5418,193300
5419,187500
5420,225100
5421,192500
5422,187700
5423,189100
5424,225400
5425,289400
5426,271000
5427,276800
5428,219900
5429,190200
5430,198000
5431,193000
5432,192700
5433,206600
5434,216500
5435,208900
5436,207300
5437,255400
5438,191300
5439,213400
5440,224600
5441,228200
5442,193800
5443,216800
5444,193000
5445,225100
5446,216700
5447,211800
5448,225200
5449,230000
5450,228100
5451,219900
5452,216200
5453,211000
5454,196900
5455,214600
5456,211600
5457,213300
5458,250200
5459,213100
5460,397700
5461,263700
5462,209600
5463,310400
5464,272700
5465,215900
5466,189100
5467,201800
5468,272500
5469,284200
5470,295700
5471,347900
5472,227200
5473,198000
5474,206800
5475,190700
5476,288500
5477,285300
5478,227300
5479,225300
5480,250600
5481,188400
5482,185100
5483,198600
5484,215500
5485,193900
5486,184500
5487,194900
5488,190700
5489,189500
5490,219800
5491,379300
5492,305000
5493,264400
5494,217200
5495,204100
5496,191900
5497,186900
5498,196700
5499,301700
5500,196600
5501,264300
5502,213800
5503,208100
5504,191000
5505,193300
5506,190700
5507,204000
5508,277100
5509,228400
5510,210100
5511,187900
5512,201600
5513,226700
5514,230500
5515,237000
5516,231100
5517,218500
5518,210600
5519,189500
5520,197300
5521,190000
5522,189100
5523,240600
5524,190000
5525,189700
5526,186000
5527,186500
5528,186400
5529,342700
5530,213500
5531,204700
5532,188300
5533,206400
5534,190200
5535,186600
5536,506000
5537,287800
5538,224200
5539,257000
5540,239900
5541,218300
5542,209200
5543,223200
5544,214600
5545,227000
5546,211600
5547,212500
5548,214400
5549,210100
5550,212400
5551,214500
5552,211200
5553,207300
5554,195000
5555,247200
5556,246600
5557,330800
5558,340400
5559,209000
5560,208600
5561,191300
5562,290200
5563,288700
5564,363000
5565,236500
5566,229300
5567,323900
5568,291700
5569,284400
5570,295600
5571,293200
5572,264200
5573,257400
5574,345600
5575,346200
5576,324500
5577,280300
5578,278100
5579,199500
5580,186300
5581,278500
5582,280600
5583,211500
5584,203600
5585,192800
5586,251900
5587,194300
5588,296200
5589,293400
5590,323700
5591,206200
5592,201800
5593,196000
5594,247100
5595,228900
5596,291500
5597,236600
5598,196200
5599,188600
5600,215500
5601,208800
5602,193600
5603,187900
5604,187600
5605,188900
5606,189400
5607,191800
5608,188500
5609,186400
5610,187900
5611,186300
5612,185900
5613,189400
5614,186700
5615,188700
5616,192300
5617,188800
5618,272000
5619,264000
5620,223700
5621,214500
5622,303000
5623,229200
5624,277500
5625,209300
5626,189300
5627,215500
5628,287200
5629,216300
5630,199400
5631,218800
5632,210100
5633,195500
5634,187600
5635,187100
5636,188900
5637,186800
5638,188700
5639,223100
5640,207700
5641,201500
5642,229700
5643,217300
5644,224200
5645,186700
5646,213500
5647,210600
5648,190500
5649,199300
5650,199100
5651,191000
5652,187600
5653,208900
5654,352000
5655,240800
5656,237300
5657,234300
5658,233600
5659,219400
5660,220000
5661,211700
5662,225800
5663,230600
5664,717600
5665,325100
5666,247500
5667,222700
5668,233800
5669,250100
5670,225700
5671,235000
5672,220000
5673,220200
5674,219400
5675,242900
5676,260700
5677,209700
5678,213600
5679,202700
5680,247100
5681,236600
5682,253300
5683,232400
5684,220900
5685,187800
5686,198300
5687,229700
5688,207200
5689,206500
5690,196500
5691,187300
5692,211100
5693,190900
5694,188500
5695,187200
5696,188800
5697,188300
5698,187900
5699,186400
5700,187600
5701,189100
5702,222300
5703,188400
5704,186800
5705,186900
5706,395400
5707,430000
5708,441200
5709,330500
5710,249600
5711,278300
5712,238600
5713,266600
5714,288300
5715,276600
5716,256800
5717,215000
5718,257000
5719,287900
5720,268900
5721,245900
5722,271200
5723,337800
5724,340800
5725,286000
5726,269900
5727,236100
5728,293800
5729,225300
5730,273600
5731,260600
5732,285300
5733,280400
5734,270500
5735,282800
5736,271900
5737,270700
5738,273600
5739,221100
5740,270700
5741,219600
5742,221200
5743,344700
5744,346300
5745,355100
5746,231000
5747,289400
5748,255700
5749,250500
5750,275500
5751,224400
5752,282700
5753,282700
5754,281700
5755,283000
5756,284400
5757,231400
5758,288700
5759,281400
5760,265500
5761,268600
5762,221100
5763,314500
5764,287900
5765,220800
5766,314200
5767,219900
5768,268200
5769,199200
5770,256000
5771,278700
5772,290700
5773,283700
5774,219800
5775,365200
5776,236500
5777,225900
5778,223700
5779,205900
5780,449200
5781,256800
5782,213600
5783,193200
5784,188700
5785,186400
5786,258800
5787,190700
5788,191100
5789,187900
5790,187200
5791,185900
5792,186200
5793,186400
5794,187000
5795,186600
5796,187200
5797,186300
5798,186600
5799,186700
5800,185400
5801,205200
5802,249100
5803,212400
5804,218700
5805,197500
5806,209500
5807,192500
5808,223000
5809,186900
5810,186900
5811,188500
5812,206400
5813,188100
5814,187300
5815,185700
5816,185500
5817,292000
5818,224400
5819,190300
5820,184800
5821,212100
5822,204200
5823,209600
5824,213500
5825,238700
5826,302100
5827,343700
5828,306400
5829,384000
5830,212900
5831,204100
5832,196300
5833,187700
5834,188600
5835,189300
5836,187500
5837,186900
5838,187000
5839,186100
5840,187000
5841,187600
5842,187000
5843,187200
5844,191400
5845,192200
5846,187700
5847,185600
5848,191300
5849,207500
5850,225600
5851,258500
5852,228700
5853,212300
5854,198300
5855,188200
5856,189000
5857,187100
5858,187400
5859,250300
5860,210500
5861,211600
5862,230800
5863,207800
5864,214200
5865,206400
5866,194900
5867,184000
5868,193300
5869,188900
5870,188800
5871,189800
5872,301200
5873,269300
5874,259300
5875,206700
5876,195500
5877,190600
5878,189300
5879,189400
5880,188100
5881,189700
5882,192000
5883,188500
5884,188800
5885,187200
5886,186200
5887,185700
5888,186200
5889,187500
5890,189400
5891,187900
5892,189100
5893,189200
5894,238200
5895,194400
5896,206800
5897,236500
5898,227800
5899,209000
5900,186200
5901,195400
5902,188600
5903,189700
5904,238700
5905,207700
5906,193300
5907,189100
5908,189200
5909,187500
5910,187200
5911,187100
5912,186700
5913,190100
5914,197800
5915,238200
5916,207000
5917,202900
5918,188500
5919,186900
5920,186000
5921,420900
5922,260100
5923,193800
5924,198000
5925,190500
5926,209800
5927,191700
5928,188100
5929,187500
5930,186600
5931,186600
5932,187400
5933,186500
5934,219300
5935,188800
5936,191300
5937,188800
5938,206200
5939,188800
5940,187000
5941,210200
5942,237100
5943,217600
5944,209100
5945,434600
5946,265100
5947,230500
5948,293800
5949,299400
5950,288000
5951,190900
5952,208800
5953,276100
5954,228900
5955,302900
5956,289800
5957,282300
5958,262500
5959,302900
5960,273900
5961,348600
5962,353300
5963,328600
5964,254300
5965,350900
5966,288600
5967,313000
5968,227600
5969,210000
5970,205100
5971,205200
5972,208600
5973,196000
5974,191900
5975,190300
5976,193100
5977,222800
5978,212600
5979,211400
5980,194000
5981,255700
5982,383700
5983,322100
5984,249600
5985,215000
5986,208300
5987,231900
5988,230700
5989,195600
5990,192400
5991,185500
5992,197800
5993,190200
5994,187300
5995,183600
5996,184500
5997,184900
5998,213000
5999,183900
6000,183100
6001,194200
6002,192500
6003,196500
6004,212400
6005,246700
6006,215000
6007,259200
6008,186800
6009,192600
6010,211000
6011,209100
6012,186800
6013,182700
6014,183000
6015,285500
6016,216000
6017,205900
6018,197400
6019,187600
6020,230700
6021,189600
6022,210100
6023,186300
6024,187200
6025,187800
6026,273200
6027,203900
6028,244600
6029,250000
6030,218000
6031,233400
6032,203400
6033,188500
6034,192400
6035,186700
6036,186700
6037,188000
6038,191200
6039,184900
6040,192000
6041,231600
6042,186000
6043,187500
6044,185700
6045,184300
6046,184600
6047,184400
6048,186300
6049,187100
6050,186200
6051,186900
6052,186300
6053,431100
6054,257200
6055,201700
6056,281500
6057,205100
6058,212800
6059,192400
6060,206600
6061,246300
6062,190500
6063,210300
6064,188800
6065,186200
6066,203400
6067,269800
6068,225900
6069,229700
6070,194400
6071,337600
6072,490200
6073,396200
6074,278800
6075,218100
6076,208900
6077,186600
6078,211200
6079,195400
6080,191100
6081,192800
6082,281100
6083,271900
6084,213900
6085,194800
6086,198100
6087,205900
6088,208800
6089,195600
6090,190100
6091,193400
6092,198500
6093,272800
6094,335800
6095,296300
6096,280700
6097,231500
6098,210000
6099,197600
6100,213000
6101,226700
6102,209000
6103,195000
6104,247100
6105,240100
6106,231700
6107,208700
6108,216500
6109,205900
6110,208600
6111,337300
6112,261500
6113,210900
6114,194400
6115,243200
6116,234800
6117,313400
6118,267700
6119,205700
6120,213200
6121,196300
6122,191400
6123,187600
6124,187200
6125,187400
6126,181700
6127,190500
6128,186900
6129,186500
6130,187200
6131,186600
6132,187300
6133,187400
6134,187600
6135,188300
6136,187300
6137,186100
6138,185000
6139,208000
6140,238700
6141,221100
6142,225800
6143,229000
6144,213000
6145,204300
6146,188500
6147,224100
6148,188400
6149,186500
6150,251900
6151,205400
6152,212300
6153,194100
6154,186400
6155,188500
6156,188200
6157,206600
6158,191100
6159,186200
6160,187300
6161,186900
6162,186600
6163,190100
6164,232300
6165,219300
6166,232800
6167,191400
6168,233100
6169,190500
6170,187700
6171,206100
6172,189900
6173,186200
6174,185600
6175,187500
6176,188900
6177,187400
6178,187100
6179,187200
6180,187100
6181,187700
6182,188000
6183,187800
6184,186300
6185,187400
6186,187200
6187,187100
6188,187300
6189,481800
6190,259200
6191,195900
6192,263600
6193,206700
6194,212700
6195,189300
6196,191600
6197,192500
6198,190200
6199,187600
6200,187800
6201,186500
6202,187100
6203,186600
6204,187200
6205,186700
6206,188200
6207,186900
6208,187700
6209,190900
6210,270300
6211,241800
6212,227600
6213,230000
6214,214000
6215,207900
6216,193600
6217,188500
6218,190300
6219,189000
6220,189000
6221,187900
6222,191600
6223,193700
6224,186800
6225,187400
6226,187100
6227,187300
6228,187200
6229,187600
6230,191300
6231,232700
6232,185900
6233,192800
6234,255600
6235,270700
6236,355300
6237,330500
6238,216600
6239,220800
6240,205600
6241,194400
6242,191000
6243,187300
6244,188200
6245,188400
6246,186600
6247,187700
6248,188800
6249,187200
6250,186800
6251,186700
6252,188200
6253,219700
6254,208700
6255,208600
6256,190100
6257,192800
6258,217500
6259,226400
6260,305600
6261,230700
6262,197600
6263,202400
6264,208900
6265,193400
6266,186900
6267,190800
6268,188100
6269,187400
6270,189200
6271,186600
6272,187200
6273,185900
6274,233400
6275,187100
6276,187100
6277,185600
6278,188000
6279,186800
6280,188500
6281,187500
6282,260400
6283,265000
6284,364000
6285,310900
6286,228400
6287,203300
6288,198300
6289,218800
6290,203900
6291,206600
6292,210600
6293,200800
6294,192100
6295,191000
6296,229300
6297,187000
6298,210900
6299,208500
6300,222500
6301,208800
6302,209000
6303,188700
6304,220400
6305,234700
6306,244100
6307,284900
6308,197500
6309,230800
6310,227000
6311,205900
6312,213200
6313,197700
6314,191300
6315,186800
6316,186900
6317,231700
6318,189600
6319,187700
6320,187900
6321,187600
6322,186500
6323,187300
6324,187200
6325,188700
6326,189900
6327,187300
6328,500200
6329,263900
6330,207200
6331,207500
6332,202200
6333,206800
6334,208000
6335,212200
6336,191900
6337,223800
6338,197200
6339,203700
6340,193100
6341,191300
6342,193800
6343,189600
6344,186700
6345,191000
6346,190100
6347,251900
6348,223200
6349,208300
6350,243000
6351,191500
6352,189100
6353,188900
6354,190800
6355,209800
6356,292900
6357,264400
6358,215900
6359,250500
6360,241100
6361,209700
6362,189400
6363,186800
6364,208600
6365,211900
6366,299800
6367,237400
6368,240700
6369,319800
6370,368400
6371,428000
6372,330200
6373,216800
6374,209000
6375,212800
6376,193100
6377,189500
6378,191600
6379,191900
6380,236600
6381,197200
6382,190200
6383,190900
6384,191000
6385,225300
6386,197900
6387,207900
6388,190300
6389,186900
6390,191500
6391,203000
6392,246300
6393,216700
6394,232800
6395,214100
6396,207700
6397,191200
6398,187400
6399,189300
6400,188500
6401,186700
6402,223600
6403,194400
6404,188500
6405,188700
6406,187900
6407,186600
6408,188600
6409,312200
6410,232900
6411,208800
6412,257700
6413,215000
6414,217900
6415,289600
6416,255500
6417,243800
6418,207400
6419,213300
6420,188100
6421,189400
6422,183600
6423,229400
6424,187600
6425,183700
6426,186200
6427,184800
6428,184900
6429,182300
6430,185400
6431,183000
6432,184900
6433,186600
6434,187700
6435,186300
6436,188300
6437,187000
6438,187500
6439,199600
6440,224400
6441,217100
6442,225500
6443,196100
6444,242300
6445,204400
6446,195100
6447,217100
6448,181700
6449,192500
6450,188100
6451,187000
6452,187800
6453,281900
6454,230100
6455,208600
6456,197500
6457,287100
6458,222900
6459,224500
6460,225400
6461,213000
6462,461600
6463,294700
6464,201300
6465,187100
6466,223400
6467,195900
6468,303000
6469,223200
6470,225900
6471,206500
6472,211200
6473,187000
6474,197800
6475,214900
6476,198300
6477,200800
6478,189100
6479,186500
6480,310000
6481,282500
6482,257800
6483,278900
6484,361600
6485,333800
6486,270800
6487,312900
6488,289100
6489,222500
6490,201200
6491,221500
6492,249800
6493,287300
6494,365700
6495,326100
6496,316100
6497,302400
6498,329400
6499,434000
6500,413900
6501,332600
6502,300700
6503,308800
6504,305000
6505,297900
6506,325900
6507,300500
6508,301600
6509,295000
6510,304000
6511,295700
6512,239000
6513,244600
6514,289300
6515,389200
6516,322400
6517,215100
6518,189000
6519,196200
6520,189300
6521,253500
6522,213800
6523,227100
6524,208900
6525,197300
6526,209200
6527,206700
6528,219700
6529,209000
6530,208100
6531,186900
6532,192200
6533,190500
6534,191300
6535,191200
6536,195200
6537,246100
6538,227400
6539,241500
6540,240800
6541,205400
6542,196300
6543,208800
6544,205100
6545,190000
6546,188500
6547,188800
6548,189000
6549,244100
6550,192100
6551,188600
6552,187500
6553,189700
6554,190000
6555,188600
6556,186500
6557,187700
6558,185500
6559,189100
6560,194700
6561,258400
6562,225100
6563,255900
6564,202400
6565,263800
6566,230300
6567,213900
6568,269500
6569,301800
6570,295400
6571,258400
6572,213400
6573,209200
6574,216800
6575,195200
6576,198300
6577,194400
6578,199400
6579,193200
6580,207400
6581,206600
6582,508700
6583,293300
6584,244400
6585,216600
6586,231200
6587,189600
6588,192900
6589,189400
6590,187100
6591,223600
6592,211900
6593,194400
6594,189500
6595,188800
6596,189400
6597,187500
6598,188200
6599,188300
6600,188300
6601,189400
6602,234800
6603,252800
6604,282500
6605,232200
6606,209200
6607,212100
6608,211700
6609,191200
6610,188300
6611,186900
6612,239600
6613,191500
6614,188600
6615,186200
6616,186700
6617,187700
6618,188500
6619,189200
6620,186800
6621,187300
6622,187600
6623,188500
6624,188600
6625,186400
6626,208300
6627,241900
6628,231400
6629,323100
6630,220600
6631,199800
6632,200900
6633,205900
6634,219300
6635,207000
6636,226800
6637,184800
6638,191200
6639,184500
6640,185100
6641,185000
6642,185100
6643,185800
6644,184800
6645,186000
6646,186700
6647,185400
6648,184800
6649,185100
6650,189600
6651,207100
6652,447300
6653,401200
6654,304600
6655,354600
6656,231600
6657,210800
6658,206500
6659,208000
6660,207100
6661,198600
6662,194300
6663,190400
6664,188800
6665,190500
6666,209900
6667,190800
6668,187700
6669,187500
6670,188600
6671,187400
6672,189700
6673,298000
6674,286700
6675,323800
6676,243900
6677,207500
6678,192000
6679,189700
6680,188200
6681,188000
6682,210600
6683,208000
6684,193400
6685,188400
6686,188400
6687,188800
6688,186700
6689,188800
6690,188500
6691,189400
6692,189500
6693,189200
6694,188400
6695,188700
6696,317000
6697,368000
6698,317500
6699,266600
6700,220200
6701,202600
6702,195500
6703,190900
6704,190100
6705,190600
6706,189300
6707,188800
6708,188200
6709,188400
6710,189200
6711,187700
6712,189300
6713,189500
6714,187200
6715,188100
6716,192200
6717,191000
6718,255300
6719,584300
6720,330500
6721,230900
6722,202900
6723,188800
6724,231500
6725,206200
6726,196700
6727,214400
6728,191900
6729,187500
6730,210600
6731,204000
6732,211900
6733,231100
6734,351200
6735,325600
6736,318100
6737,381400
6738,300400
6739,277100
6740,301400
6741,293700
6742,211100
6743,198400
6744,216300
6745,232300
6746,203100
6747,209900
6748,201200
6749,187100
6750,205500
6751,210700
6752,195800
6753,191300
6754,185000
6755,192700
6756,215500
6757,211900
6758,246200
6759,298900
6760,342700
6761,312900
6762,213100
6763,198600
6764,208100
6765,211800
6766,208900
6767,193900
6768,214200
6769,198000
6770,192700
6771,189100
6772,261000
6773,201600
6774,211000
6775,296400
6776,200600
6777,194600
6778,224100
6779,195500
6780,221200
6781,280300
6782,332000
6783,234300
6784,242700
6785,205900
6786,232300
6787,191800
6788,190400
6789,189000
6790,211300
6791,192000
6792,210500
6793,200300
6794,189400
6795,186600
6796,188200
6797,189800
6798,188000
6799,187600
6800,188900
6801,207600
6802,196100
6803,191500
6804,315400
6805,267100
6806,228600
6807,218900
6808,194200
6809,188400
6810,187700
6811,187300
6812,187100
6813,186700
6814,186800
6815,187600
6816,273900
6817,289100
6818,268800
6819,265200
6820,245100
6821,246000
6822,245200
6823,250100
6824,249500
6825,270200
6826,336500
6827,361000
6828,236200
6829,222900
6830,203600
6831,202800
6832,192700
6833,188700
6834,189300
6835,215100
6836,209300
6837,192500
6838,206300
6839,188300
6840,192300
6841,187300
6842,208800
6843,207100
6844,195400
6845,192000
6846,189300
6847,566800
6848,271200
6849,311300
6850,211200
6851,198800
6852,218000
6853,209100
6854,213200
6855,190000
6856,183700
6857,190200
6858,183100
6859,184200
6860,183900
6861,183900
6862,183500
6863,182900
6864,190600
6865,188400
6866,186300
6867,245000
6868,232500
6869,239000
6870,230500
6871,377600
6872,289600
6873,231200
6874,307200
6875,199300
6876,232600
6877,281900
6878,241900
6879,211200
6880,211400
6881,226100
6882,249800
6883,285200
6884,270900
6885,226200
6886,318400
6887,289300
6888,477400
6889,302500
6890,235500
6891,202500
6892,210300
6893,188900
6894,221300
6895,190100
6896,190000
6897,188800
6898,187000
6899,186500
6900,185600
6901,188200
6902,189100
6903,187300
6904,186100
6905,188700
6906,199900
6907,189200
6908,187600
6909,237400
6910,206900
6911,234800
6912,232500
6913,254500
6914,194800
6915,188700
6916,208500
6917,191300
6918,188100
6919,187300
6920,186900
6921,188000
6922,187500
6923,187500
6924,187500
6925,188200
6926,188500
6927,210500
6928,190600
6929,186800
6930,190800
6931,218200
6932,186500
6933,291700
6934,237000
6935,279700
6936,261200
6937,289400
6938,245700
6939,213000
6940,220900
6941,210600
6942,204700
6943,209800
6944,196800
6945,189200
6946,211200
6947,192900
6948,190100
6949,187200
6950,189600
6951,189300
6952,234300
6953,192700
6954,190100
6955,188300
6956,187400
6957,191300
6958,211200
6959,247200
6960,248000
6961,254600
6962,196700
6963,225000
6964,218000
6965,199800
6966,194900
6967,193700
6968,189400
6969,188500
6970,188300
6971,186900
6972,186900
6973,188100
6974,218700
6975,253900
6976,265700
6977,215300
6978,208400
6979,220800
6980,230900
6981,432700
6982,249400
6983,192200
6984,197500
6985,189500
6986,190200
6987,201600
6988,194100
6989,187800
6990,192500
6991,209200
6992,191800
6993,229700
6994,188500
6995,188100
6996,209400
6997,275600
6998,242800
6999,213400
7000,193000
7001,236100
7002,242000
7003,217100
7004,221200
7005,206000
7006,207200
7007,194400
7008,190400
7009,191100
7010,210700
7011,187600
7012,207000
7013,209900
7014,231200
7015,193600
7016,289400
7017,198100
7018,208600
7019,196400
7020,190200
7021,218400
7022,211300
7023,186300
7024,211800
7025,276600
7026,573400
7027,392000
7028,312300
7029,224900
7030,203500
7031,222600
7032,211500
7033,210200
7034,206400
7035,194000
7036,224500
7037,192900
7038,192300
7039,193100
7040,192900
7041,193300
7042,191100
7043,190900
7044,190600
7045,191100
7046,196900
7047,237100
7048,241900
7049,266100
7050,239500
7051,228200
7052,231300
7053,193300
7054,192200
7055,214200
7056,210500
7057,252900
7058,259500
7059,210700
7060,215400
7061,212300
7062,192300
7063,190100
7064,187900
7065,186900
7066,190300
7067,186800
7068,186500
7069,186200
7070,200700
7071,258300
7072,277400
7073,240200
7074,205100
7075,186600
7076,193000
7077,189100
7078,188100
7079,236200
7080,212400
7081,209200
7082,209800
7083,295200
7084,223300
7085,209000
7086,231600
7087,200100
7088,192700
7089,191200
7090,189100
7091,188600
7092,186900
7093,187100
7094,209600
7095,217500
7096,217500
7097,228000
7098,193500
7099,190500
7100,248500
7101,208500
7102,201000
7103,192700
7104,349500
7105,310900
7106,277000
7107,282600
7108,292200
7109,296900
7110,323600
7111,354900
7112,279300
7113,551800
7114,358000
7115,281900
7116,279600
7117,313600
7118,271300
7119,255300
7120,347200
7121,248300
7122,210900
7123,219200
7124,201000
7125,266300
7126,288500
7127,354300
7128,308700
7129,447600
7130,315700
7131,255500
7132,220900
7133,217800
7134,212200
7135,246800
7136,213900
7137,203500
7138,201400
7139,187900
7140,216500
7141,239700
7142,189800
7143,188700
7144,187500
7145,187700
7146,191600
7147,187500
7148,191400
7149,192400
7150,239300
7151,303000
7152,340100
7153,250500
7154,201000
7155,205600
7156,196800
7157,189400
7158,270800
7159,257800
7160,236500
7161,238900
7162,206000
7163,234800
7164,212400
7165,219700
7166,214600
7167,207200
7168,192900
7169,189100
7170,192600
7171,192800
7172,197200
7173,238000
7174,231900
7175,276400
7176,207500
7177,309800
7178,217400
7179,206000
7180,210200
7181,228900
7182,207200
7183,193100
7184,246200
7185,222500
7186,232300
7187,238600
7188,254100
7189,257200
7190,302500
7191,331700
7192,195200
7193,214400
7194,373900
7195,464200
7196,247700
7197,189500
7198,320200
7199,324700
7200,258600
7201,210000
7202,193400
7203,207800
7204,304700
7205,315800
7206,320400
7207,209800
7208,204800
7209,200200
7210,189600
7211,188300
7212,190300
7213,188700
7214,338300
7215,257900
7216,337700
7217,295400
7218,256300
7219,284800
7220,256100
7221,290300
7222,288200
7223,287100
7224,224900
7225,287400
7226,222700
7227,350900
7228,283900
7229,272600
7230,215800
7231,457100
7232,278900
7233,201200
7234,203500
7235,192300
7236,187400
7237,195200
7238,187700
7239,185000
7240,193700
7241,190400
7242,187200
7243,188700
7244,188300
7245,188200
7246,189500
7247,353200
7248,306200
7249,286700
7250,284800
7251,340800
7252,351600
7253,304800
7254,274700
7255,267600
7256,258700
7257,250800
7258,281000
7259,230100
7260,234200
7261,221000
7262,212700
7263,188400
7264,194400
7265,187500
7266,187500
7267,188100
7268,188500
7269,219400
7270,189300
7271,216600
7272,267400
7273,294900
7274,249800
7275,297400
7276,289100
7277,205300
7278,192600
7279,192000
7280,270200
7281,373700
7282,217700
7283,210200
7284,193900
7285,190000
7286,235800
7287,200800
7288,195800
7289,195900
7290,227900
7291,192600
7292,193300
7293,189600
7294,212700
7295,226600
7296,204800
7297,205500
7298,183100
7299,194000
7300,189800
7301,186600
7302,185600
7303,187500
7304,187900
7305,187100
7306,196600
7307,188300
7308,186900
7309,187300
7310,187500
7311,225100
7312,188300
7313,188400
7314,186500
7315,186400
7316,186500
7317,187100
7318,186700
7319,219600
7320,251000
7321,239100
7322,224400
7323,188500
7324,212700
7325,189500
7326,188500
7327,187200
7328,186800
7329,186000
7330,208000
7331,242600
7332,192100
7333,277200
7334,261900
7335,263100
7336,261200
7337,256900
7338,276200
7339,257500
7340,255200
7341,263300
7342,301500
7343,294200
7344,289100
7345,266100
7346,268900
7347,278100
7348,280600
7349,280300
7350,215500
7351,217600
7352,194800
7353,240700
7354,192700
7355,188600
7356,206600
7357,193300
7358,188800
7359,188400
7360,188500
7361,187800
7362,574600
7363,303600
7364,215400
7365,206000
7366,212800
7367,194200
7368,217200
7369,221000
7370,203800
7371,214800
7372,192600
7373,246200
7374,193300
7375,189600
7376,191200
7377,190600
7378,190100
7379,190600
7380,192700
7381,188700
7382,195400
7383,224000
7384,249500
7385,222500
7386,218500
7387,198900
7388,204000
7389,191400
7390,187500
7391,192400
7392,187000
7393,188900
7394,228000
7395,189700
7396,188800
7397,214400
7398,210100
7399,191700
7400,188100
7401,187500
7402,186900
7403,189100
7404,188100
7405,188100
7406,189600
7407,198100
7408,269900
7409,285900
7410,287600
7411,247400
7412,262400
7413,279700
7414,215800
7415,208300
7416,246100
7417,208000
7418,215200
7419,195400
7420,210100
7421,196000
7422,210700
7423,196700
7424,194500
7425,195300
7426,208500
7427,242700
7428,199800
7429,196700
7430,240400
7431,280800
7432,253400
7433,228100
7434,205300
7435,190400
7436,210100
7437,290200
7438,190400
7439,195200
7440,197600
7441,194500
7442,191500
7443,185000
7444,186900
7445,189600
7446,193400
7447,206200
7448,187100
7449,210300
7450,223000
7451,207300
7452,209600
7453,227600
7454,641600
7455,519400
7456,334600
7457,263600
7458,224100
7459,276300
7460,220600
7461,214800
7462,197700
7463,219200
7464,210700
7465,194800
7466,212800
7467,197800
7468,215600
7469,232200
7470,192100
7471,212400
7472,254700
7473,317200
7474,252600
7475,292500
7476,225700
7477,217200
7478,214400
7479,210100
7480,258000
7481,211900
7482,213100
7483,193300
7484,224400
7485,204400
7486,227000
7487,197900
7488,191200
7489,191000
7490,188200
7491,209900
7492,318800
7493,592300
7494,360200
7495,289700
7496,280300
7497,273700
7498,281800
7499,318800
7500,276500
7501,282500
7502,277200
7503,266600
7504,276200
7505,277000
7506,283600
7507,294900
7508,349100
7509,343000
7510,284000
7511,277800
7512,278800
7513,267900
7514,297900
7515,270700
7516,274800
7517,262600
7518,257700
7519,258100
7520,301600
7521,227300
7522,202400
7523,221300
7524,192000
7525,188200
7526,221600
7527,369000
7528,527200
7529,435400
7530,323100
7531,285500
7532,309700
7533,278000
7534,270900
7535,274600
7536,274900
7537,280300
7538,339300
7539,378000
7540,272700
7541,256500
7542,314100
7543,215600
7544,259000
7545,248400
7546,280400
7547,210100
7548,195200
7549,235100
7550,191800
7551,208700
7552,335200
7553,234600
7554,223600
7555,220800
7556,214200
7557,228700
7558,193800
7559,223800
7560,220300
7561,214300
7562,278700
7563,280500
7564,279200
7565,338400
7566,403400
7567,302400
7568,276400
7569,215200
7570,233500
7571,210900
7572,210200
7573,237100
7574,216900
7575,222800
7576,215500
7577,194600
7578,214100
7579,334600
7580,235900
7581,228600
7582,206200
7583,196000
7584,214900
7585,309700
7586,289300
7587,307100
7588,256400
7589,215100
7590,213700
7591,204300
7592,196500
7593,193900
7594,196000
7595,196200
7596,263500
7597,386800
7598,345600
7599,302700
7600,295800
7601,280700
7602,271000
7603,772000
7604,384400
7605,455900
7606,323200
7607,286200
7608,291900
7609,263900
7610,277300
7611,314800
7612,282400
7613,288200
7614,288200
7615,290100
7616,277400
7617,335900
7618,405300
7619,333600
7620,319000
7621,309900
7622,304600
7623,343200
7624,331300
7625,303400
7626,366800
7627,306600
7628,308800
7629,313100
7630,296700
7631,284700
7632,274400
7633,294700
7634,461600
7635,513000
7636,373900
7637,276100
7638,219700
7639,206500
7640,238700
7641,322500
7642,228000
7643,209600
7644,208400
7645,191300
7646,224400
7647,201300
7648,221000
7649,213100
7650,213900
7651,186900
7652,231300
7653,233400
7654,243600
7655,300800
7656,306100
7657,327600
7658,271600
7659,224100
7660,225800
7661,272600
7662,216800
7663,201900
7664,193000
7665,221000
7666,252300
7667,227400
7668,208800
7669,197700
7670,230800
7671,206500
7672,218400
7673,245900
7674,300100
7675,338500
7676,274000
7677,279200
7678,236900
7679,220100
7680,255600
7681,204400
7682,292000
7683,250900
7684,231800
7685,227100
7686,242200
7687,207900
7688,228400
7689,224500
7690,208800
7691,203100
7692,215700
7693,285500
7694,335100
7695,352100
7696,311200
7697,255300
7698,269400
7699,214600
7700,199200
7701,337600
7702,254300
7703,257300
7704,218000
7705,190500
7706,216500
7707,200100
7708,219300
7709,224000
7710,221200
7711,201500
7712,217100
7713,570800
7714,393700
7715,264000
7716,223900
7717,215500
7718,310900
7719,239400
7720,241600
7721,264900
7722,199400
7723,206600
7724,195900
7725,194800
7726,193900
7727,281200
7728,236200
7729,307800
7730,335200
7731,329100
7732,268100
7733,217200
7734,197500
7735,189000
7736,192900
7737,190100
7738,230700
7739,230800
7740,196000
7741,189800
7742,254600
7743,268500
7744,206700
7745,196500
7746,189300
7747,242800
7748,199800
7749,240100
7750,191300
7751,221500
7752,295400
7753,376300
7754,285600
7755,217800
7756,188000
7757,210200
7758,207600
7759,210300
7760,186700
7761,215700
7762,189400
7763,195000
7764,232200
7765,217000
7766,230600
7767,350700
7768,265000
7769,314700
7770,240400
7771,218700
7772,297500
7773,386400
7774,335800
7775,251100
7776,207000
7777,216000
7778,208700
7779,229400
7780,215400
7781,213000
7782,208500
7783,213200
7784,211900
7785,247500
7786,191100
7787,191700
7788,187500
7789,200400
7790,190000
7791,190600
7792,190000
7793,188400
7794,215700
7795,328200
7796,422100
7797,263000
7798,214000
7799,205700
7800,211900
7801,209200
7802,216500
7803,196800
7804,189400
7805,227200
7806,203100
7807,228300
7808,226400
7809,238000
7810,190700
7811,216400
7812,232600
7813,190200
7814,189400
7815,212100
7816,211100
7817,218000
7818,276900
7819,253900
7820,221100
7821,236300
7822,192800
7823,187900
7824,188400
7825,189600
7826,191800
7827,192200
7828,246500
7829,210400
7830,206300
7831,214400
7832,191600
7833,215700
7834,188600
7835,214900
7836,189100
7837,190100
7838,216300
7839,190000
7840,524900
7841,308600
7842,212800
7843,209900
7844,213100
7845,318600
7846,347500
7847,320300
7848,349500
7849,297800
7850,233800
7851,210800
7852,212800
7853,230800
7854,206800
7855,216300
7856,231500
7857,215700
7858,288300
7859,268800
7860,243100
7861,217800
7862,216400
7863,214800
7864,204200
7865,213700
7866,226700
7867,194100
7868,194000
7869,216200
7870,267200
7871,205600
7872,186600
7873,213000
7874,193400
7875,212800
7876,194700
7877,214300
7878,247900
7879,290100
7880,336000
7881,350100
7882,332300
7883,297700
7884,413800
7885,391000
7886,245300
7887,199000
7888,221400
7889,223100
7890,216700
7891,232600
7892,199800
7893,207000
7894,211800
7895,209100
7896,189000
7897,189700
7898,213900
7899,189800
7900,223000
7901,273800
7902,270000
7903,326600
7904,231900
7905,202700
7906,209900
7907,211500
7908,214100
7909,214300
7910,220600
7911,198200
7912,228800
7913,254800
7914,223300
7915,226700
7916,214400
7917,191300
7918,211900
7919,210700
7920,189900
7921,190600
7922,224300
7923,244000
7924,263600
7925,316400
7926,357200
7927,383500
7928,333700
7929,351500
7930,324100
7931,322200
7932,360800
7933,249400
7934,267800
7935,212200
7936,196700
7937,209100
7938,197700
7939,198700
7940,218300
7941,254600
7942,273900
7943,245100
7944,231500
7945,200700
7946,204400
7947,188000
7948,200800
7949,188900
7950,196900
7951,195300
7952,192300
7953,194600
7954,189700
7955,190300
7956,239800
7957,195400
7958,194100
7959,186800
7960,194700
7961,193700
7962,281500
7963,688600
7964,285500
7965,218100
7966,276800
7967,230300
7968,194700
7969,203300
7970,196100
7971,227700
7972,190700
7973,193000
7974,192700
7975,225600
7976,193100
7977,190200
7978,184600
7979,190100
7980,188800
7981,267500
7982,250500
7983,499100
7984,312800
7985,254500
7986,229800
7987,223200
7988,232600
7989,226200
7990,223900
7991,228300
7992,233700
7993,231400
7994,298900
7995,222400
7996,278600
7997,232100
7998,221600
7999,220100
8000,562100
8001,474100
8002,417800
8003,282700
8004,212200
8005,191800
8006,288600
8007,218400
8008,203700
8009,188000
8010,194900
8011,206600
8012,206800
8013,206400
8014,211600
8015,189600
8016,205700
8017,208700
8018,221200
8019,200800
8020,209200
8021,189000
8022,227000
8023,260600
8024,253000
8025,210600
8026,233400
8027,216900
8028,208400
8029,194600
8030,196900
8031,210200
8032,207500
8033,190400
8034,189600
8035,188700
8036,216400
8037,191000
8038,192300
8039,233600
8040,204200
8041,296100
8042,231100
8043,216400
8044,214200
8045,281300
8046,262600
8047,234900
8048,200300
8049,197900
8050,235000
8051,189500
8052,208800
8053,192000
8054,189400
8055,189900
8056,187400
8057,187700
8058,188000
8059,185700
8060,189900
8061,226500
8062,191800
8063,187700
8064,188900
8065,187400
8066,187700
8067,188300
8068,191500
8069,225300
8070,242000
8071,230100
8072,217500
8073,196800
8074,193900
8075,189700
8076,187900
8077,186800
8078,189700
8079,186600
8080,190600
8081,186000
8082,229500
8083,188900
8084,187100
8085,191400
8086,208400
8087,245900
8088,203900
8089,208900
8090,206600
8091,570500
8092,300400
8093,243200
8094,201900
8095,195500
8096,207900
8097,209600
8098,232000
8099,216800
8100,214500
8101,216600
8102,236700
8103,208100
8104,260700
8105,227700
8106,289400
8107,321300
8108,295500
8109,357200
8110,391600
8111,366800
8112,348700
8113,314200
8114,289800
8115,280800
8116,283900
8117,276600
8118,269100
8119,248200
8120,310500
8121,290800
8122,289000
8123,277100
8124,275100
8125,275100
8126,313900
8127,375500
8128,355300
8129,323700
8130,287700
8131,233400
8132,212300
8133,190900
8134,211800
8135,211300
8136,193100
8137,190600
8138,192600
8139,193400
8140,215300
8141,196600
8142,191100
8143,207100
8144,196700
8145,252700
8146,194900
8147,189500
8148,228000
8149,259900
8150,298900
8151,293600
8152,230300
8153,215300
8154,223800
8155,194100
8156,208700
8157,192500
8158,296600
8159,229300
8160,192800
8161,215200
8162,191800
8163,214300
8164,212100
8165,189400
8166,187300
8167,246900
8168,214100
8169,192600
8170,272700
8171,343600
8172,355100
8173,263300
8174,264200
8175,209000
8176,208500
8177,211700
8178,207700
8179,209700
8180,203800
8181,197700
8182,196300
8183,202000
8184,197900
8185,195300
8186,191000
8187,206300
8188,274500
8189,193000
8190,198400
8191,209900
8192,191000
8193,216800
8194,319100
8195,458100
8196,372300
8197,223600
8198,221400
8199,211800
8200,210300
8201,242100
8202,220600
8203,220900
8204,192700
8205,210200
8206,216600
8207,206200
8208,191200
8209,192900
8210,230700
8211,242200
8212,187200
8213,539000
8214,305200
8215,218000
8216,205200
8217,200200
8218,197300
8219,201400
8220,206500
8221,193200
8222,186400
8223,209900
8224,240800
8225,208200
8226,209500
8227,192100
8228,208100
8229,237900
8230,206500
8231,193300
8232,207600
8233,208100
8234,254200
8235,280500
8236,246700
8237,274200
8238,388100
8239,278100
8240,268300
8241,220100
8242,207700
8243,192800
8244,220600
8245,193700
8246,207400
8247,217700
8248,189400
8249,199500
8250,189000
8251,263000
8252,201300
8253,192500
8254,195900
8255,236600
8256,295500
8257,362200
8258,303000
8259,251900
8260,203500
8261,206000
8262,198100
8263,194100
8264,191100
8265,191400
8266,192100
8267,189200
8268,188600
8269,187800
8270,203200
8271,193600
8272,234300
8273,190000
8274,196400
8275,189700
8276,208200
8277,278500
8278,440700
8279,725000
8280,354200
8281,303400
8282,223000
8283,198700
8284,205800
8285,210100
8286,194800
8287,192800
8288,200500
8289,190600
8290,210200
8291,197300
8292,191200
8293,189600
8294,245900
8295,183700
8296,216200
8297,216300
8298,249900
8299,240900
8300,234900
8301,214500
8302,197200
8303,191000
8304,189600
8305,189300
8306,189100
8307,188800
8308,192500
8309,188800
8310,190400
8311,187800
8312,185200
8313,191500
8314,191000
8315,241400
8316,191700
8317,191500
8318,214500
8319,256000
8320,224700
8321,205200
8322,234600
8323,240800
8324,242400
8325,456000
8326,291800
8327,242400
8328,732700
8329,330800
8330,211300
8331,288500
8332,299100
8333,187700
8334,194600
8335,187700
8336,188200
8337,224000
8338,193100
8339,403800
8340,257700
8341,217200
8342,200900
8343,193300
8344,210600
8345,190300
8346,187000
8347,187100
8348,212000
8349,205000
8350,192300
8351,189800
8352,188500
8353,227100
8354,241800
8355,205600
8356,211300
8357,233900
8358,218400
8359,223200
8360,227600
8361,232400
8362,241900
8363,227600
8364,230100
8365,195000
8366,209800
8367,213400
8368,188500
8369,190600
8370,210000
8371,188600
8372,189400
8373,206600
8374,189000
8375,188900
8376,187200
8377,188100
8378,244000
8379,190000
8380,190100
8381,207700
8382,189200
8383,188200
8384,221100
8385,196300
8386,259300
8387,293300
8388,246900
8389,244800
8390,188500
8391,209600
8392,205300
8393,189200
8394,188900
8395,189400
8396,186000
8397,188400
8398,242100
8399,491500
8400,249000
8401,197200
8402,210000
8403,190700
8404,192400
8405,187600
8406,217100
8407,211100
8408,199200
8409,248400
8410,228600
8411,218100
8412,196200
8413,200200
8414,190200
8415,188000
8416,188100
8417,188400
8418,187400
8419,186900
8420,188800
8421,224600
8422,187600
8423,188600
8424,187000
8425,187100
8426,187900
8427,187300
8428,187100
8429,186300
8430,185200
8431,188000
8432,189600
8433,196700
8434,220700
8435,231100
8436,209400
8437,194000
8438,185100
8439,182700
8440,192000
8441,230000
8442,189500
8443,225500
8444,234500
8445,209800
8446,190300
8447,190300
8448,190000
8449,189500
8450,191700
8451,189100
8452,187900
8453,187800
8454,187100
8455,190500
8456,189100
8457,187600
8458,200000
8459,241600
8460,224100
8461,249400
8462,189000
8463,198900
8464,220700
8465,191200
8466,187600
8467,187000
8468,187900
8469,187700
8470,188300
8471,187000
8472,186900
8473,186500
8474,188500
8475,186300
8476,187500
8477,187200
8478,187700
8479,187100
8480,187900
8481,187900
8482,457700
8483,383500
8484,221400
8485,211000
8486,188400
8487,193700
8488,216200
8489,214000
8490,208100
8491,190600
8492,187800
8493,188700
8494,188400
8495,190900
8496,188300
8497,187400
8498,187400
8499,188600
8500,187200
8501,188400
8502,189100
8503,200700
8504,236000
8505,320900
8506,208900
8507,195900
8508,189200
8509,207900
8510,188200
8511,187200
8512,188100
8513,190500
8514,210200
8515,188600
8516,188800
8517,190500
8518,186500
8519,188000
8520,186600
8521,188300
8522,187500
8523,186600
8524,186500
8525,187400
8526,212800
8527,188600
8528,195300
8529,233000
8530,233800
8531,338700
8532,257900
8533,210300
8534,207300
8535,224300
8536,216900
8537,266400
8538,184600
8539,194400
8540,193000
8541,209300
8542,211600
8543,188700
8544,191300
8545,190300
8546,211200
8547,236400
8548,190500
8549,188500
8550,190100
8551,188700
8552,234600
8553,256000
8554,215100
8555,225300
8556,193600
8557,211100
8558,189300
8559,209100
8560,190700
8561,188700
8562,187900
8563,188600
8564,188400
8565,188000
8566,187200
8567,185600
8568,187000
8569,217500
8570,185700
8571,186100
8572,190500
8573,188500
8574,192100
8575,187800
8576,191100
8577,369500
8578,331300
8579,248100
8580,195700
8581,206700
8582,187400
8583,208600
8584,191900
8585,192100
8586,189900
8587,189200
8588,185700
8589,190000
8590,234100
8591,187400
8592,188700
8593,187700
8594,189300
8595,191500
8596,189500
8597,188500
8598,188300
8599,185800
8600,189600
8601,217200
8602,235900
8603,205600
8604,224500
8605,222600
8606,190100
8607,196800
8608,190000
8609,187800
8610,186700
8611,188000
8612,218200
8613,188900
8614,188300
8615,187500
8616,187700
8617,187300
8618,187000
8619,186500
8620,186500
8621,187300
8622,186700
8623,377800
8624,484200
8625,289800
8626,197800
8627,202700
8628,190100
8629,189800
8630,204600
8631,188800
8632,225500
8633,189000
8634,191000
8635,210300
8636,193600
8637,189600
8638,188800
8639,187500
8640,187800
8641,189300
8642,188700
8643,190500
8644,188800
8645,191700
8646,247600
8647,232000
8648,232700
8649,229200
8650,206800
8651,207400
8652,187300
8653,230600
8654,195500
8655,190000
8656,190400
8657,211300
8658,221900
8659,190300
8660,190700
8661,190800
8662,188000
8663,207400
8664,192500
8665,277100
8666,214200
8667,225900
8668,202400
8669,301400
8670,337400
8671,270700
8672,236200
8673,204200
8674,200100
8675,238800
8676,206800
8677,188100
8678,191000
8679,188900
8680,188800
8681,190300
8682,190700
8683,189100
8684,187900
8685,187100
8686,189800
8687,186700
8688,186500
8689,186500
8690,185600
8691,182200
8692,204900
8693,264100
8694,229400
8695,233900
8696,363300
8697,271200
8698,228600
8699,295000
8700,239000
8701,260300
8702,227000
8703,282800
8704,220900
8705,202300
8706,189900
8707,233300
8708,331900
8709,221800
8710,214900
8711,226400
8712,208700
8713,236300
8714,253000
8715,251800
8716,281800
8717,292000
8718,280900
8719,195800
8720,222600
8721,216300
8722,218800
8723,188300
8724,200900
8725,249100
8726,220000
8727,207400
8728,195800
8729,231100
8730,202800
8731,229500
8732,389900
8733,273900
8734,271100
8735,244100
8736,234300
8737,193800
8738,203300
8739,239000
8740,192300
8741,189600
8742,187500
8743,189500
8744,259800
8745,208500
8746,218900
8747,258000
8748,282700
8749,295800
8750,268700
8751,292900
8752,232800
8753,562800
8754,298600
8755,264100
8756,291100
8757,210700
8758,251400
8759,325300
8760,195000
8761,210900
8762,206900
8763,207500
8764,206200
8765,206900
8766,208000
8767,202900
8768,209200
8769,209200
8770,202300
8771,230000
8772,265400
8773,310600
8774,250000
8775,220200
8776,270600
8777,293600
8778,221100
8779,205000
8780,250800
8781,195500
8782,202000
8783,201500
8784,192600
8785,190400
8786,188000
8787,192800
8788,211100
8789,192300
8790,195800
8791,190400
8792,188300
8793,197600
8794,228200
8795,251700
8796,255200
8797,272500
8798,244200
8799,200900
8800,224900
8801,212600
8802,227700
8803,211500
8804,190900
8805,187800
8806,187200
8807,186600
8808,187100
8809,188300
8810,187100
8811,239800
8812,192600
8813,207100
8814,216300
8815,189200
8816,191800
8817,218600
8818,247900
8819,400600
8820,283800
8821,206000
8822,218200
8823,324900
8824,235400
8825,285100
8826,202700
8827,211900
8828,186100
8829,269900
8830,304400
8831,297000
8832,218400
8833,188800
8834,208900
8835,187300
8836,235600
8837,222700
8838,247300
8839,318200
8840,298800
8841,192500
8842,206900
8843,210300
8844,273700
8845,320900
8846,232000
8847,285700
8848,266800
8849,299400
8850,294800
8851,300500
8852,289900
8853,302500
8854,297500
8855,288600
8856,288100
8857,316600
8858,256000
8859,401600
8860,347200
8861,263300
8862,272100
8863,306900
8864,214000
8865,232900
8866,348600
8867,212600
8868,286700
8869,280500
8870,309400
8871,233800
8872,288500
8873,569900
8874,284700
8875,280600
8876,245600
8877,237000
8878,284000
8879,279600
8880,290700
8881,267200
8882,206000
8883,195600
8884,200600
8885,189700
8886,241300
8887,196500
8888,196200
8889,413500
8890,280000
8891,322300
8892,306800
8893,237100
8894,195000
8895,195700
8896,214400
8897,192000
8898,192600
8899,190800
8900,191200
8901,187700
8902,193600
8903,190000
8904,200000
8905,191300
8906,188700
8907,207700
8908,221700
8909,201900
8910,187300
8911,195300
8912,189900
8913,192600
8914,244200
8915,355700
8916,294200
8917,309300
8918,218600
8919,200200
8920,230300
8921,206700
8922,207700
8923,204200
8924,207300
8925,189000
8926,209500
8927,190600
8928,188400
8929,271100
8930,256900
8931,215800
8932,201400
8933,209200
8934,199700
8935,282200
8936,266200
8937,261700
8938,314300
8939,200400
8940,227800
8941,210000
8942,202300
8943,185900
8944,197100
8945,193400
8946,192100
8947,216100
8948,214600
8949,188900
8950,188800
8951,223000
8952,212200
8953,204300
8954,193000
8955,195700
8956,215800
8957,190800
8958,210300
8959,228900
8960,343300
8961,408800
8962,335300
8963,271600
8964,301600
8965,241700
8966,229300
8967,276900
8968,280000
8969,335200
8970,344700
8971,239100
8972,300200
8973,256000
8974,203500
8975,191000
8976,202800
8977,213500
8978,204200
8979,266100
8980,226700
8981,222900
8982,194200
8983,185500
8984,208800
8985,198600
8986,189200
8987,187500
8988,185700
8989,186900
8990,187400
8991,185300
8992,185700
8993,185600
8994,216900
8995,186200
8996,186000
8997,185100
8998,185400
8999,184600
9000,185400
9001,437200
9002,267300
9003,207700
9004,199700
9005,185700
9006,192900
9007,185200
9008,187400
9009,187000
9010,332800
9011,306300
9012,303600
9013,289000
9014,289200
9015,271900
9016,294300
9017,260300
9018,261200
9019,370500
9020,285500
9021,239200
9022,209700
9023,205700
9024,193700
9025,188400
9026,189700
9027,188400
9028,188100
9029,189600
9030,188600
9031,188000
9032,188100
9033,189800
9034,231400
9035,187400
9036,186800
9037,186600
9038,188500
9039,188800
9040,186600
9041,186600
9042,195200
9043,210700
9044,285000
9045,312900
9046,397400
9047,254100
9048,209200
9049,186800
9050,258900
9051,217800
9052,239400
9053,212100
9054,194800
9055,194600
9056,224800
9057,191300
9058,210200
9059,207000
9060,210200
9061,196900
9062,210500
9063,189900
9064,188400
9065,189500
9066,207700
9067,263200
9068,218400
9069,206200
9070,188900
9071,193700
9072,186200
9073,190300
9074,188100
9075,188600
9076,187400
9077,259800
9078,190100
9079,187600
9080,209700
9081,209900
9082,189100
9083,210000
9084,189300
9085,187200
9086,189400
9087,188900
9088,197100
9089,216300
9090,191400
9091,218600
9092,227600
9093,219600
9094,230100
9095,228200
9096,269300
9097,215500
9098,218800
9099,254300
9100,210000
9101,193500
9102,219000
9103,190400
9104,189000
9105,186300
9106,184100
9107,184400
9108,182900
9109,184000
9110,186200
9111,201800
9112,212200
9113,208300
9114,228400
9115,231000
9116,226400
9117,308800
9118,328000
9119,301400
9120,352000
9121,288500
9122,273800
9123,283400
9124,221500
9125,232700
9126,261400
9127,241500
9128,281600
9129,281800
9130,283200
9131,492100
9132,324200
9133,347700
9134,235400
9135,204400
9136,209800
9137,186800
9138,189500
9139,211800
9140,224900
9141,195100
9142,190700
9143,192700
9144,190300
9145,207000
9146,192100
9147,189800
9148,191200
9149,191700
9150,192500
9151,204600
9152,267600
9153,271800
9154,221700
9155,198900
9156,184100
9157,193100
9158,189200
9159,206500
9160,205300
9161,265300
9162,188900
9163,193000
9164,190000
9165,204400
9166,205600
9167,188500
9168,188100
9169,238400
9170,233300
9171,218500
9172,209700
9173,195100
9174,260800
9175,441400
9176,508600
9177,425300
9178,352400
9179,281600
9180,267600
9181,272500
9182,287000
9183,318300
9184,291700
9185,280300
9186,282600
9187,222400
9188,217700
9189,212600
9190,197600
9191,197400
9192,224800
9193,264800
9194,235900
9195,213700
9196,194700
9197,188000
9198,186600
9199,190100
9200,188400
9201,185900
9202,186900
9203,187600
9204,242600
9205,191000
9206,189900
9207,186500
9208,188500
9209,188700
9210,189400
9211,187700
9212,232500
9213,197200
9214,188400
9215,189400
9216,207700
9217,234900
9218,244000
9219,223500
9220,231800
9221,198400
9222,194000
9223,188300
9224,186900
9225,187000
9226,227300
9227,191300
9228,187900
9229,189900
9230,187600
9231,187500
9232,186000
9233,189400
9234,189300
9235,188700
9236,201200
9237,189000
9238,189700
9239,209400
9240,188900
9241,190600
9242,225800
9243,228600
9244,206300
9245,217200
9246,193600
9247,221400
9248,189800
9249,187600
9250,188600
9251,188800
9252,188900
9253,188900
9254,189100
9255,187400
9256,188400
9257,188300
9258,198900
9259,243500
9260,210400
9261,201400
9262,210800
9263,363400
9264,276900
9265,248900
9266,227100
9267,287800
9268,212500
9269,213600
9270,217400
9271,201700
9272,193600
9273,193100
9274,213500
9275,209400
9276,207300
9277,192600
9278,190600
9279,189600
9280,191900
9281,191200
9282,217200
9283,207500
9284,190900
9285,189600
9286,226200
9287,234800
9288,217700
9289,237400
9290,205900
9291,208800
9292,207400
9293,206700
9294,193000
9295,192000
9296,190300
9297,190200
9298,189700
9299,186400
9300,200600
9301,195200
9302,246500
9303,213000
9304,224300
9305,207900
9306,215900
9307,227800
9308,215800
9309,236000
9310,357200
9311,314100
9312,285200
9313,254700
9314,209700
9315,196300
9316,188500
9317,224700
9318,209500
9319,194900
9320,190300
9321,191800
9322,190400
9323,205600
9324,195500
9325,209500
9326,189300
9327,195800
9328,189600
9329,190400
9330,190300
9331,192300
9332,234000
9333,244500
9334,232800
9335,218300
9336,295700
9337,264000
9338,291200
9339,284900
9340,256600
9341,285500
9342,235100
9343,292800
9344,292300
9345,285400
9346,286700
9347,257300
9348,271500
9349,322800
9350,268500
9351,342100
9352,339300
9353,6815100
9354,560000
9355,383100
9356,246000
9357,209500
9358,191800
9359,189000
9360,192600
9361,202800
9362,237500
9363,209500
9364,282500
9365,185700
9366,192300
9367,201500
9368,188600
9369,189600
9370,188500
9371,185700
9372,187700
9373,568800
9374,342200
9375,241300
9376,204700
9377,192000
9378,207400
9379,210400
9380,208500
9381,188200
9382,188500
9383,189500
9384,188000
9385,188500
9386,186800
9387,190000
9388,187600
9389,185800
9390,185800
9391,259000
9392,238900
9393,246600
9394,216800
9395,246000
9396,255200
9397,234900
9398,193000
9399,198000
9400,194300
9401,191400
9402,189300
9403,385500
9404,267500
9405,289900
9406,205800
9407,217000
9408,208300
9409,189800
9410,187000
9411,186200
9412,187000
9413,187700
9414,223200
9415,187300
9416,189400
9417,202800
9418,281400
9419,295700
9420,333300
9421,259000
9422,194100
9423,202600
9424,185800
9425,188200
9426,186200
9427,185500
9428,186300
9429,185800
9430,187700
9431,185700
9432,185700
9433,184500
9434,185800
9435,185200
9436,214300
9437,185100
9438,185400
9439,184700
9440,185500
9441,185000
9442,243500
9443,231800
9444,207600
9445,209000
9446,200400
9447,202600
9448,199900
9449,205000
9450,188500
9451,189400
9452,240300
9453,209900
9454,217100
9455,194200
9456,206500
9457,234600
9458,206800
9459,193400
9460,191200
9461,191000
9462,191600
9463,189600
9464,191300
9465,258800
9466,212900
9467,224400
9468,222700
9469,345600
9470,254700
9471,308000
9472,235200
9473,319200
9474,217200
9475,262200
9476,267700
9477,279000
9478,200600
9479,189000
9480,191300
9481,203300
9482,190400
9483,189200
9484,190300
9485,190200
9486,196600
9487,241500
9488,228200
9489,213300
9490,298000
9491,250600
9492,199500
9493,276700
9494,238100
9495,204800
9496,188300
9497,214100
9498,189700
9499,190700
9500,187400
9501,189100
9502,189000
9503,189600
9504,187500
9505,189600
9506,187800
9507,187500
9508,425500
9509,285700
9510,246500
9511,209700
9512,266300
9513,211100
9514,191700
9515,190500
9516,188100
9517,192500
9518,187000
9519,186100
9520,187900
9521,187400
9522,184700
9523,186100
9524,185300
9525,185000
9526,186500
9527,186700
9528,187700
9529,249700
9530,250100
9531,275100
9532,266800
9533,252900
9534,196100
9535,208300
9536,188100
9537,187400
9538,188000
9539,187300
9540,186600
9541,185300
9542,187300
9543,186500
9544,187000
9545,187400
9546,188900
9547,187000
9548,187100
9549,187600
9550,186400
9551,185200
9552,186300
9553,185700
9554,186000
9555,262900
9556,301900
9557,287900
9558,224200
9559,225200
9560,209000
9561,190600
9562,188400
9563,187100
9564,185300
9565,186300
9566,187100
9567,187700
9568,186300
9569,186300
9570,186900
9571,187900
9572,188200
9573,280800
9574,221100
9575,213400
9576,232400
9577,191100
9578,199300
9579,230500
9580,258400
9581,225900
9582,230400
9583,206400
9584,188800
9585,188100
9586,187300
9587,187100
9588,186200
9589,187200
9590,186100
9591,186700
9592,186200
9593,185700
9594,189200
9595,185200
9596,185500
9597,186200
9598,229500
9599,184100
9600,185300
9601,189800
9602,186400
9603,185800
9604,219500
9605,234100
9606,213200
9607,218100
9608,202500
9609,194100
9610,189400
9611,186700
9612,188400
9613,188900
9614,186000
9615,210700
9616,188900
9617,214700
9618,193300
9619,230900
9620,189400
9621,187800
9622,188300
9623,187400
9624,187300
9625,186600
9626,188900
9627,185900
9628,186600
9629,292000
9630,258100
9631,215200
9632,209900
9633,190700
9634,188100
9635,187700
9636,185900
9637,186700
9638,186400
9639,186100
9640,184600
9641,226900
9642,188500
9643,186900
9644,186200
9645,185100
9646,184700
9647,187400
9648,187900
9649,186500
9650,186300
9651,186000
9652,398300
9653,295700
9654,248100
9655,202900
9656,181600
9657,202400
9658,188300
9659,305500
9660,289200
9661,328200
9662,276600
9663,270500
9664,283700
9665,276000
9666,268000
9667,271400
9668,275100
9669,319200
9670,238100
9671,252700
9672,243200
9673,236600
9674,233100
9675,214100
9676,211000
9677,213500
9678,205400
9679,225900
9680,213700
9681,207100
9682,288500
9683,205900
9684,209300
9685,206600
9686,190500
9687,211100
9688,189700
9689,192400
9690,191900
9691,191000
9692,192900
9693,235200
9694,232600
9695,316800
9696,349100
9697,366800
9698,244600
9699,200200
9700,199900
9701,198600
9702,196000
9703,193700
9704,230300
9705,195700
9706,201300
9707,186000
9708,193500
9709,189500
9710,190500
9711,191200
9712,190500
9713,188900
9714,189000
9715,191500
9716,190600
9717,231400
9718,279000
9719,265500
9720,231200
9721,190500
9722,192200
9723,187800
9724,188600
9725,227500
9726,182100
9727,189200
9728,204500
9729,191500
9730,189600
9731,189200
9732,187900
9733,186600
9734,186600
9735,186700
9736,190000
9737,206400
9738,189200
9739,203100
9740,190200
9741,208500
9742,244700
9743,236600
9744,217100
9745,274700
9746,268700
9747,199700
9748,196400
9749,190900
9750,229900
9751,216200
9752,193100
9753,190700
9754,189100
9755,188600
9756,186500
9757,191400
9758,191500
9759,191000
9760,187600
9761,187900
9762,189400
9763,189300
9764,191800
9765,227200
9766,249900
9767,266700
9768,257100
9769,193600
9770,194000
9771,192100
9772,187300
9773,188300
9774,188800
9775,188800
9776,221700
9777,189600
9778,191500
9779,187000
9780,188700
9781,187900
9782,190300
9783,187500
9784,187800
9785,186700
9786,187500
9787,680400
9788,492000
9789,326100
9790,276500
9791,267000
9792,257700
9793,274900
9794,258600
9795,260100
9796,259700
9797,256500
9798,259400
9799,298000
9800,212900
9801,208100
9802,200500
9803,193300
9804,194600
9805,224000
9806,261600
9807,249300
9808,219600
9809,253600
9810,211500
9811,205600
9812,193100
9813,187200
9814,194400
9815,189200
9816,199300
9817,194300
9818,195600
9819,190600
9820,189200
9821,190800
9822,191800
9823,186600
9824,192600
9825,190300
9826,195500
9827,260400
9828,318800
9829,428800
9830,459600
9831,343400
9832,224200
9833,211600
9834,219500
9835,200800
9836,192600
9837,190700
9838,210200
9839,193500
9840,191500
9841,210200
9842,191900
9843,208800
9844,210200
9845,207500
9846,186300
9847,201900
9848,191000
9849,192800
9850,375200
9851,331300
9852,325500
9853,279900
9854,258800
9855,239500
9856,243100
9857,238600
9858,226500
9859,220400
9860,219500
9861,218500
9862,220600
9863,219200
9864,282400
9865,400100
9866,322400
9867,319900
9868,269400
9869,369400
9870,428800
9871,290200
9872,308600
9873,298500
9874,358100
9875,308600
9876,245700
9877,332900
9878,224900
9879,221100
9880,202100
9881,191800
9882,199700
9883,190400
9884,188300
9885,211500
9886,190800
9887,189200
9888,198500
9889,284800
9890,253300
9891,245800
9892,209300
9893,194200
9894,190200
9895,238700
9896,191400
9897,190500
9898,188100
9899,188900
9900,189200
9901,188100
9902,286300
9903,255800
9904,219700
9905,264800
9906,220900
9907,208200
9908,638600
9909,405800
9910,297400
9911,227300
9912,208100
9913,200500
9914,227300
9915,269200
9916,238000
9917,219200
9918,209100
9919,217400
9920,236200
9921,211000
9922,212100
9923,216700
9924,225500
9925,227500
9926,232500
9927,323300
9928,380400
9929,484400
9930,275000
9931,205900
9932,203400
9933,203400
9934,199900
9935,429000
9936,231800
9937,265700
9938,262700
9939,217200
9940,211300
9941,229900
9942,209300
9943,188200
9944,210000
9945,213800
9946,195600
9947,194200
9948,239500
9949,348700
9950,318500
9951,319200
9952,256900
9953,228900
9954,232300
9955,248500
9956,204100
9957,217100
9958,262700
9959,200100
9960,197300
9961,231300
9962,204900
9963,192500
9964,204400
9965,187200
9966,187200
9967,203500
9968,197800
9969,253300
9970,356900
9971,293800
9972,224600
9973,204400
9974,320900
9975,281400
9976,227700
9977,217500
9978,212000
9979,195800
9980,229700
9981,206700
9982,219600
9983,192100
9984,198100
9985,193400
9986,190600
9987,198300
9988,222700
9989,247300
9990,220200
9991,402200
9992,486800
9993,423200
9994,272200
9995,224700
9996,210600
9997,204500
9998,229100
9999,204500
10000,189800
10001,265900
10002,217200
10003,209600
10004,207400
10005,212600
10006,220400
10007,192400
10008,188200
10009,188800
10010,223700
10011,218600
10012,402500
10013,380100
10014,448500
10015,332000
10016,286300
10017,247800
10018,227400
10019,212600
10020,226400
10021,201200
10022,268400
10023,221500
10024,222300
10025,222700
10026,209600
10027,206900
10028,208600
10029,580800
10030,369700
10031,268100
10032,237000
10033,232200
10034,203000
10035,204100
10036,194300
10037,210500
10038,206700
10039,210600
10040,229800
10041,234600
10042,211600
10043,190700
10044,188900
10045,201600
10046,216300
10047,210900
10048,213800
10049,561300
10050,493300
10051,416000
10052,317700
10053,300000
10054,303500
10055,258600
10056,233600
10057,272100
10058,225000
10059,296300
10060,240000
10061,302700
10062,252000
10063,297800
10064,273200
10065,451400
10066,625700
10067,636700
10068,484800
10069,379500
10070,310500
10071,281600
10072,291800
10073,255400
10074,233600
10075,219100
10076,224900
10077,275300
10078,241700
10079,324600
10080,332700
10081,438300
10082,356100
10083,313600
10084,236900
10085,248900
10086,233000
10087,200400
10088,194800
10089,197300
10090,189500
10091,189400
10092,190400
10093,188200
10094,191100
10095,189000
10096,193300
10097,190000
10098,190900
10099,337100
10100,322400
10101,291500
10102,322100
10103,311700
10104,298800
10105,203500
10106,236000
10107,198500
10108,192000
10109,196300
10110,199200
10111,229400
10112,204500
10113,194700
10114,201200
10115,195100
10116,189500
10117,197800
10118,240800
10119,212200
10120,222600
10121,209200
10122,208700
10123,324300
10124,341500
10125,239800
10126,238000
10127,205400
10128,203600
10129,191600
10130,192900
10131,197300
10132,233200
10133,227000
10134,189000
10135,192500
10136,188900
10137,210500
10138,189800
10139,188500
10140,189600
10141,192700
10142,403000
10143,439500
10144,278800
10145,238700
10146,240800
10147,198900
10148,226900
10149,212100
10150,198600
10151,195700
10152,190000
10153,188500
10154,193000
10155,191000
10156,187500
10157,262500
10158,229300
10159,218000
10160,198900
10161,209100
10162,189700
10163,191300
10164,198400
10165,251800
10166,307300
10167,342200
10168,223000
10169,207100
10170,200300
10171,212800
10172,211600
10173,195000
10174,192200
10175,215400
10176,210300
10177,220200
10178,190100
10179,194000
10180,211300
10181,191600
10182,207700
10183,209300
10184,190400
10185,191100
10186,191200
10187,217400
10188,304900
10189,417600
10190,351200
10191,259500
10192,199700
10193,207900
10194,211900
10195,192000
10196,215200
10197,215900
10198,238300
10199,236000
10200,203000
10201,212100
10202,207300
10203,183500
10204,209500
10205,267700
10206,217600
10207,187600
10208,194700
10209,250600
10210,323900
10211,264500
10212,229500
10213,202200
10214,197200
10215,188600
10216,209000
10217,188300
10218,198300
10219,203500
10220,205900
10221,192500
10222,187200
10223,189100
10224,188200
10225,189600
10226,183900
10227,187900
10228,209000
10229,190100
10230,190100
10231,193000
10232,304600
10233,249600
10234,291100
10235,258400
10236,205400
10237,249400
10238,233400
10239,238600
10240,207600
10241,296300
10242,217900
10243,217100
10244,192100
10245,185300
10246,194500
10247,209800
10248,212900
10249,210400
10250,189800
10251,204800
10252,190000
10253,225700
10254,192500
10255,201600
10256,238100
10257,277400
10258,251300
10259,215500
10260,208800
10261,321600
10262,231400
10263,220800
10264,221400
10265,195800
10266,186600
10267,208700
10268,189900
10269,188300
10270,205500
10271,193300
10272,187500
10273,189600
10274,210900
10275,342500
10276,369200
10277,282700
10278,224600
10279,196400
10280,190300
10281,319500
10282,249000
10283,208600
10284,228000
10285,209400
10286,194000
10287,192100
10288,188400
10289,206800
10290,190000
10291,189800
10292,190700
10293,187400
10294,189500
10295,235800
10296,191300
10297,189400
10298,237000
10299,255500
10300,307000
10301,212500
10302,231300
10303,227200
10304,199800
10305,187700
10306,193700
10307,191100
10308,190800
10309,210600
10310,193300
10311,188100
10312,187100
10313,188800
10314,206000
10315,192400
10316,224300
10317,190800
10318,218000
10319,194200
10320,188000
10321,209100
10322,330900
10323,333800
10324,306800
10325,369100
10326,243700
10327,207400
10328,207000
10329,217100
10330,194800
10331,215200
10332,218000
10333,233200
10334,208900
10335,212200
10336,220500
10337,197600
10338,246300
10339,211400
10340,227300
10341,204800
10342,207900
10343,271300
10344,574100
10345,361400
10346,230300
10347,211100
10348,207900
10349,211200
10350,229200
10351,230800
10352,213900
10353,206200
10354,212000
10355,213000
10356,210700
10357,225400
10358,230500
10359,251800
10360,225400
10361,236800
10362,277700
10363,488000
10364,435800
10365,309000
10366,232600
10367,264200
10368,221800
10369,213100
10370,204900
10371,183900
10372,208000
10373,310300
10374,229900
10375,201100
10376,208600
10377,212900
10378,217100
10379,193300
10380,254400
10381,204400
10382,196100
10383,223500
10384,292300
10385,270700
10386,245400
10387,199000
10388,207400
10389,191000
10390,211500
10391,196600
10392,191800
10393,198500
10394,193000
10395,219400
10396,208500
10397,192200
10398,194300
10399,188700
10400,191100
10401,238800
10402,264100
10403,394700
10404,347200
10405,378800
10406,232500
10407,217800
10408,229900
10409,241600
10410,192100
10411,213000
10412,195700
10413,207000
10414,206800
10415,211400
10416,188900
10417,188700
10418,191800
10419,188000
10420,188300
10421,188500
10422,221200
10423,187600
10424,192700
10425,191700
10426,239900
10427,232600
10428,407400
10429,312600
10430,307900
10431,260200
10432,238800
10433,214400
10434,273500
10435,288300
10436,224400
10437,296600
10438,296000
10439,229400
10440,285700
10441,283600
10442,265400
10443,457100
10444,568200
10445,604700
10446,458000
10447,273700
10448,218600
10449,208900
10450,245100
10451,238500
10452,225100
10453,221800
10454,231700
10455,230200
10456,220500
10457,219000
10458,206300
10459,317000
10460,294700
10461,380700
10462,471400
10463,385200
10464,350000
10465,377700
10466,304100
10467,271900
10468,250800
10469,252200
10470,235400
10471,259400
10472,558700
10473,566800
10474,377200
10475,567100
10476,455400
10477,321800
10478,281700
10479,264800
10480,250600
10481,245900
10482,247900
10483,238500
10484,236700
10485,239900
10486,299200
10487,249700
10488,269700
10489,253500
10490,476900
10491,285200
10492,403400
10493,410600
10494,326100
10495,253400
10496,242000
10497,228100
10498,258900
10499,218700
10500,254500
10501,221500
10502,410600
10503,373700
10504,329300
10505,305100
10506,759700
10507,371000
10508,323800
10509,261000
10510,234400
10511,217000
10512,203700
10513,212600
10514,194000
10515,223700
10516,194200
10517,194600
10518,191700
10519,186300
10520,187000
10521,192000
10522,190900
10523,207600
10524,195800
10525,281200
10526,277800
10527,339500
10528,219100
10529,215700
10530,202700
10531,208100
10532,187000
10533,329500
10534,253900
10535,666000
10536,365400
10537,278900
10538,253100
10539,219900
10540,226400
10541,214500
10542,234500
10543,294700
10544,378600
10545,719300
10546,427800
10547,339500
10548,346200
10549,294500
10550,280000
10551,261900
10552,259200
10553,262300
10554,277200
10555,294100
10556,270300
10557,260400
10558,260400
10559,302000
10560,462800
10561,441100
10562,434900
10563,315300
10564,288400
10565,293200
10566,236300
10567,233600
10568,265200
10569,306600
10570,269700
10571,273400
10572,259600
10573,226300
10574,251700
10575,305800
10576,212600
10577,239100
10578,223900
10579,235500
10580,189300
10581,203200
10582,191800
10583,208300
10584,226600
10585,218300
10586,214200
10587,210800
10588,196700
10589,217400
10590,231900
10591,219400
10592,238600
10593,228200
10594,259700
10595,261500
10596,230000
10597,356600
10598,662900
10599,513100
10600,572000
10601,444100
10602,378200
10603,345700
10604,265500
10605,317700
10606,241200
10607,291600
10608,251500
10609,788200
10610,428700
10611,324300
10612,354000
10613,274400
10614,374200
10615,328200
10616,313600
10617,300600
10618,273000
10619,291500
10620,285300
10621,249500
10622,228000
10623,338600
10624,378000
10625,761400
10626,449000
10627,424000
10628,349500
10629,324000
10630,300600
10631,271700
10632,466300
10633,283400
10634,253900
10635,240000
10636,248800
10637,232600
10638,225800
10639,315000
10640,308600
10641,278600
10642,246900
10643,239500
10644,240000
10645,224800
10646,229600
10647,260500
10648,225900
10649,223600
10650,225000
10651,203200
10652,205100
10653,218800
10654,223400
10655,229500
10656,233200
10657,228700
10658,217200
10659,215000
10660,286500
10661,677400
10662,542100
10663,423300
10664,366600
10665,316700
10666,288100
10667,285600
10668,335500
10669,297000
10670,272000
10671,285500
10672,372200
10673,356700
10674,283100
10675,459400
10676,619000
10677,398300
10678,255900
10679,241200
10680,238500
10681,317000
10682,293200
10683,211200
10684,250000
10685,248200
10686,304500
10687,296600
10688,301200
10689,352200
10690,528500
10691,715500
10692,463100
10693,343100
10694,460700
10695,542700
10696,437100
10697,274500
10698,261200
10699,257400
10700,273000
10701,710900
10702,789800
10703,675300
10704,487300
10705,452700
10706,386300
10707,352600
10708,369000
10709,377100
10710,464900
10711,523800
10712,655400
10713,532200
10714,483000
10715,386100
10716,276700
10717,319300
10718,437900
10719,357800
10720,287100
10721,303100
10722,418900
10723,600000
10724,807600
10725,785600
10726,589200
10727,580500
10728,558900
10729,511200
10730,470600
10731,491800
10732,492000
10733,470900
10734,469500
10735,454200
10736,429400
10737,393300
10738,368700
10739,345600
10740,397900
10741,374900
10742,369900
10743,351100
10744,410400
10745,453600
10746,421100
10747,385600
10748,365800
10749,351700
10750,301800
10751,408100
10752,541800
10753,400600
10754,375300
10755,337900
10756,305700
10757,358300
10758,442300
10759,463800
10760,418600
10761,385700
10762,335900
10763,335900
10764,325400
10765,325100
10766,317200
10767,333700
10768,337800
10769,326400
10770,818900
10771,615400
10772,565400
10773,517100
10774,462800
10775,420800
10776,374800
10777,347600
10778,328900
10779,271100
10780,387900
10781,507100
10782,642800
10783,512800
10784,366200
10785,460700
10786,456700
10787,428400
10788,383800
10789,401200
10790,322300
10791,477800
10792,686300
10793,774700
10794,398000
10795,345000
10796,288800
10797,364100
10798,271800
10799,237600
10800,231300
10801,220500
10802,267500
10803,245300
10804,239400
10805,250700
10806,380500
10807,639300
10808,664900
10809,523100
10810,523100
10811,564800
10812,568100
10813,550300
10814,541800
10815,591900
10816,772600
10817,517600
10818,326600
10819,227900
10820,232000
10821,195600
10822,203200
10823,290900
10824,226200
10825,210900
10826,216500
10827,208400
10828,197300
10829,190300
10830,191900
10831,263400
10832,229000
10833,231500
10834,237500
10835,281100
10836,222000
10837,240700
10838,187200
10839,211900
10840,214000
10841,208800
10842,206100
10843,190400
10844,205700
10845,207500
10846,191300
10847,188500
10848,187500
10849,191600
10850,187000
10851,188300
10852,207500
10853,194300
10854,866700
10855,588900
10856,567400
10857,349100
10858,315900
10859,301100
10860,309700
10861,215300
10862,212700
10863,191500
10864,213600
10865,199500
10866,191800
10867,194900
10868,193400
10869,190200
10870,192300
10871,274100
10872,316000
10873,318000
10874,275700
10875,185100
10876,208000
10877,245200
10878,187100
10879,194900
10880,192900
10881,291400
10882,204000
10883,192700
10884,227000
10885,220600
10886,221100
10887,224200
10888,222000
10889,243500
10890,274400
10891,255800
10892,292500
10893,355300
10894,424500
10895,433600
10896,253200
10897,314300
10898,453400
10899,368500
10900,330100
10901,256600
10902,256600
10903,222000
10904,225600
10905,219900
10906,221600
10907,211700
10908,228900
10909,264100
10910,321100
10911,297300
10912,272600
10913,317300
10914,367700
10915,267100
10916,256600
10917,200500
10918,227300
10919,250100
10920,208900
10921,189300
10922,192900
10923,203800
10924,313900
10925,211600
10926,211000
10927,233100
10928,319100
10929,340600
10930,310800
10931,266400
10932,210200
10933,211500
10934,219700
10935,218700
10936,193600
10937,196500
10938,203400
10939,250500
10940,217300
10941,211300
10942,195500
10943,214700
10944,190200
10945,216100
10946,189400
10947,185900
10948,188700
10949,188300
10950,186200
10951,196100
10952,227700
10953,360000
10954,232000
10955,206900
10956,193100
10957,203900
10958,191200
10959,189700
10960,188700
10961,227500
10962,189200
10963,187400
10964,189200
10965,279000
10966,207700
10967,211400
10968,196500
10969,190100
10970,190300
10971,270200
10972,255000
10973,232100
10974,202000
10975,204400
10976,230200
10977,196900
10978,198600
10979,189000
10980,246200
10981,269100
10982,204800
10983,222300
10984,210100
10985,190800
10986,205400
10987,191400
10988,221800
10989,219200
10990,228900
10991,215300
10992,199100
10993,208200
10994,207600
10995,333700
10996,410800
10997,427600
10998,281600
10999,232600
11000,233700
11001,250000
11002,253000
11003,207100
11004,267300
11005,304000
11006,231800
11007,208100
11008,204400
11009,224700
11010,201300
11011,206700
11012,212400
11013,212500
11014,271500
11015,299300
11016,299600
11017,329200
11018,250000
11019,201200
11020,240600
11021,194000
11022,213400
11023,191100
11024,231200
11025,226400
11026,190600
11027,188800
11028,221200
11029,202900
11030,229900
11031,225500
11032,219100
11033,327500
11034,276400
11035,252200
11036,292700
11037,315500
11038,267400
11039,251200
11040,217000
11041,217700
11042,376000
11043,233800
11044,237600
11045,257000
11046,204200
11047,290000
11048,313700
11049,261600
11050,259800
11051,321500
11052,360300
11053,341700
11054,315400
11055,325300
11056,440400
11057,375500
11058,288400
11059,269400
11060,315000
11061,291100
11062,288600
11063,290700
11064,419700
11065,270200
11066,213400
11067,240100
11068,204500
11069,193100
11070,208400
11071,199800
11072,257300
11073,253500
11074,229200
11075,197500
11076,195000
11077,268800
11078,204000
11079,188300
11080,190800
11081,206700
11082,203200
11083,189000
11084,209100
11085,185800
11086,189900
11087,206400
11088,254200
11089,191400
11090,186600
11091,367400
11092,356500
11093,293200
11094,235500
11095,204800
11096,215800
11097,188800
11098,191400
11099,205300
11100,211100
11101,187900
11102,189100
11103,188300
11104,195900
11105,205900
11106,186100
11107,269000
11108,227400
11109,184800
11110,192200
11111,189300
11112,204800
11113,187900
11114,189300
11115,226600
11116,250000
11117,221900
11118,240900
11119,299900
11120,236800
11121,207900
11122,202800
11123,208300
11124,209100
11125,219600
11126,189600
11127,209600
11128,205700
11129,256500
11130,192700
11131,191000
11132,188100
11133,188700
11134,195500
11135,192300
11136,208500
11137,347300
11138,513600
11139,465900
11140,377900
11141,268700
11142,253900
11143,213900
11144,207900
11145,207700
11146,199200
11147,192800
11148,191600
11149,220500
11150,191400
11151,232900
11152,207200
11153,207500
11154,193900
11155,189000
11156,192000
11157,207400
11158,265800
11159,540300
11160,376700
11161,261100
11162,249500
11163,208700
11164,217800
11165,188800
11166,213900
11167,210700
11168,214600
11169,208000
11170,194400
11171,190600
11172,231400
11173,200900
11174,190100
11175,189800
11176,206600
11177,191700
11178,212200
11179,231200
11180,242600
11181,238700
11182,226200
11183,208700
11184,189400
11185,186100
11186,204300
11187,190000
11188,189800
11189,186200
11190,194200
11191,189000
11192,190400
11193,188500
11194,249000
11195,189400
11196,189600
11197,186900
11198,207300
11199,194100
11200,192000
11201,290200
11202,347300
11203,428200
11204,324000
11205,252400
11206,222300
11207,192600
11208,198700
11209,192900
11210,189400
11211,198400
11212,190800
11213,192100
11214,188800
11215,232000
11216,202700
11217,192500
11218,192400
11219,197400
11220,191400
11221,435600
11222,380600
11223,303800
11224,242400
11225,202200
11226,214300
11227,220200
11228,207800
11229,213300
11230,194800
11231,214800
11232,205600
11233,193900
11234,190300
11235,238300
11236,190300
11237,188900
11238,278100
11239,218300
11240,207400
11241,247700
11242,269600
11243,281800
11244,446000
11245,376700
11246,241500
11247,211500
11248,222600
11249,218000
11250,255900
11251,204500
11252,226900
11253,286900
11254,211300
11255,286800
11256,288100
11257,241900
11258,225800
11259,282600
11260,220400
11261,295500
11262,444800
11263,586700
11264,330400
11265,241200
11266,248400
11267,219900
11268,280700
11269,222300
11270,257500
11271,326100
11272,333000
11273,246600
11274,205200
11275,206600
11276,207000
11277,209900
11278,234700
11279,212500
11280,253200
11281,265400
11282,230900
11283,207800
11284,190500
11285,205900
11286,208200
11287,191900
11288,191500
11289,191200
11290,188300
11291,186700
11292,190900
11293,190500
11294,208700
11295,192100
11296,189700
11297,287700
11298,232500
11299,208600
11300,243900
11301,204000
11302,204000
11303,247100
11304,264600
11305,251700
11306,253500
11307,234800
11308,210900
11309,200100
11310,193600
11311,244900
11312,193500
11313,200000
11314,191200
11315,215000
11316,208600
11317,186700
11318,216900
11319,208700
11320,195200
11321,238400
11322,190100
11323,209800
11324,190500
11325,191000
11326,239100
11327,304700
11328,257500
11329,227400
11330,209500
11331,189000
11332,192300
11333,189000
11334,197800
11335,189100
11336,190000
11337,188800
11338,187100
11339,188200
11340,190200
11341,189300
11342,187700
11343,214300
11344,188100
11345,187600
11346,309800
11347,321800
11348,300900
11349,232100
11350,202900
11351,325200
11352,242300
11353,286800
11354,263300
11355,225200
11356,218900
11357,222100
11358,214500
11359,210000
11360,191500
11361,196300
11362,236700
11363,211100
11364,191500
11365,187400
11366,189800
11367,193700
11368,204600
11369,258000
11370,255900
11371,227500
11372,201200
11373,208900
11374,209300
11375,191300
11376,189000
11377,187900
11378,190200
11379,196600
11380,188300
11381,205000
11382,231900
11383,224500
11384,192000
11385,191000
11386,206100
11387,190000
11388,207100
11389,204500
11390,270900
11391,296300
11392,490600
11393,356700
11394,270000
11395,363500
11396,314300
11397,263700
11398,294800
11399,280800
11400,258100
11401,286300
11402,298800
11403,299800
11404,303900
11405,357700
11406,206800
11407,288400
11408,285100
11409,311900
11410,339500
11411,297200
11412,239000
11413,290500
11414,259200
11415,304100
11416,299600
11417,265400
11418,292900
11419,295700
11420,301600
11421,290600
11422,256400
11423,283100
11424,289700
11425,239000
11426,288400
11427,369600
11428,454900
11429,370100
11430,301600
11431,288000
11432,308600
11433,275600
11434,243100
11435,201800
11436,260600
11437,224100
11438,286700
11439,267400
11440,280600
11441,229700
11442,255700
11443,251600
11444,295100
11445,426200
11446,426700
11447,407200
11448,267000
11449,259600
11450,240100
11451,242300
11452,238600
11453,242600
11454,247800
11455,243400
11456,242600
11457,197300
11458,188700
11459,207700
11460,507100
11461,633600
11462,375400
11463,295700
11464,269300
11465,266300
11466,269100
11467,313800
11468,269800
11469,264500
11470,261000
11471,273800
11472,265800
11473,338700
11474,252400
11475,212600
11476,212300
11477,224200
11478,280300
11479,274700
11480,314400
11481,287000
11482,253800
11483,222500
11484,191700
11485,196200
11486,207300
11487,210000
11488,205600
11489,228700
11490,191700
11491,189900
11492,190000
11493,191900
11494,191000
11495,190600
11496,191500
11497,199800
11498,260900
11499,237500
11500,447100
11501,446800
11502,328800
11503,283500
11504,225600
11505,212500
11506,201900
11507,199500
11508,193400
11509,191000
11510,237900
11511,196200
11512,207000
11513,181600
11514,188900
11515,194900
11516,195000
11517,221100
11518,249200
11519,221400
11520,270200
11521,338900
11522,365900
11523,267700
11524,285300
11525,206000
11526,202900
11527,206400
11528,217200
11529,188500
11530,192400
11531,205200
11532,195400
11533,192300
11534,205800
11535,199700
11536,191300
11537,253200
11538,306300
11539,271500
11540,316200
11541,421700
11542,663600
11543,537500
11544,515800
11545,437300
11546,421800
11547,331300
11548,249600
11549,215100
11550,206900
11551,230000
11552,216600
11553,200000
11554,195200
11555,214800
11556,227300
11557,447600
11558,351500
11559,277900
11560,229500
11561,197700
11562,201100
11563,209300
11564,276800
11565,289400
11566,255900
11567,307500
11568,369200
11569,287400
11570,350500
11571,904300
11572,515800
11573,390700
11574,308600
11575,256300
11576,232200
11577,223100
11578,218700
11579,228900
11580,237100
11581,222300
11582,217600
11583,204800
11584,218100
11585,206800
11586,242400
11587,252000
11588,274400
11589,502500
11590,362400
11591,265400
11592,215900
11593,217300
11594,227900
11595,219200
11596,243700
11597,340100
11598,284000
11599,278600
11600,209900
11601,275400
11602,210500
11603,299600
11604,221700
11605,346100
11606,406200
11607,563600
11608,322000
11609,306600
11610,221500
11611,319800
11612,261600
11613,227400
11614,214100
11615,226100
11616,210100
11617,257400
11618,236900
11619,221300
11620,234000
11621,227900
11622,226600
11623,203500
11624,196400
11625,220400
11626,319500
11627,335300
11628,425000
11629,234500
11630,246000
11631,284100
11632,240300
11633,231900
11634,213700
11635,223300
11636,216000
11637,225800
11638,343600
11639,216400
11640,203600
11641,243900
11642,262700
11643,277900
11644,279000
11645,384400
11646,480800
11647,385200
11648,277300
11649,238400
11650,341700
11651,275400
11652,284300
11653,219200
11654,225200
11655,229700
11656,230700
11657,235300
11658,230400
11659,237500
11660,252900
11661,244500
11662,265200
11663,577300
11664,486000
11665,328000
11666,242700
11667,243700
11668,248100
11669,222600
11670,235300
11671,235300
11672,221100
11673,262000
11674,235600
11675,231000
11676,397900
11677,403200
11678,338900
11679,258900
11680,223700
11681,345000
11682,249100
11683,220200
11684,206100
11685,204500
11686,210800
11687,197700
11688,201500
11689,193000
11690,188700
11691,186000
11692,186600
11693,279100
11694,293700
11695,250300
11696,236700
11697,285200
11698,337000
11699,644700
11700,565000
11701,317600
11702,247000
11703,217300
11704,209500
11705,211000
11706,213500
11707,210900
11708,215600
11709,202000
11710,195100
11711,197600
11712,192800
11713,208500
11714,201500
11715,254900
11716,279100
11717,357400
11718,392800
11719,273800
11720,233900
11721,206300
11722,193700
11723,193900
11724,189900
11725,212100
11726,192000
11727,223100
11728,196500
11729,194300
11730,199100
11731,191900
11732,199800
11733,188700
11734,188900
11735,188600
11736,228300
11737,192700
11738,204200
11739,367500
11740,303200
11741,257600
11742,368300
11743,328500
11744,325900
11745,309300
11746,327500
11747,298300
11748,316900
11749,301700
11750,315100
11751,318000
11752,311300
11753,322400
11754,332500
11755,677800
11756,552500
11757,502300
11758,383900
11759,346300
11760,329400
11761,316700
11762,348500
11763,273700
11764,254600
11765,248400
11766,261700
11767,238000
11768,336400
11769,608900
11770,573700
11771,372400
11772,290900
11773,430500
11774,348600
11775,329400
11776,298300
11777,293200
11778,289100
11779,333400
11780,652200
11781,548300
11782,421900
11783,352200
11784,300400
11785,292600
11786,259100
11787,247700
11788,247900
11789,241900
11790,240800
11791,254700
11792,225800
11793,220100
11794,303900
11795,236300
11796,224700
11797,279700
11798,390200
11799,344300
11800,326300
11801,269700
11802,240700
11803,215300
11804,242500
11805,233500
11806,212900
11807,198300
11808,212900
11809,208600
11810,193300
11811,202200
11812,206000
11813,218700
11814,334300
11815,282200
11816,252500
11817,288700
11818,269100
11819,279800
11820,212400
11821,191500
11822,194200
11823,181700
11824,191200
11825,187600
11826,212200
11827,190200
11828,204800
11829,191600
11830,190000
11831,208300
11832,285900
11833,302100
11834,314200
11835,357300
11836,377200
11837,396500
11838,431100
11839,392500
11840,359700
11841,316000
11842,225700
11843,259800
11844,207300
11845,209000
11846,190500
11847,222200
11848,210200
11849,207500
11850,193200
11851,213000
11852,209100
11853,193000
11854,209700
11855,255700
11856,193400
11857,195500
11858,304600
11859,236300
11860,220300
11861,200300
11862,185200
11863,191500
11864,218600
11865,220900
11866,198400
11867,204700
11868,384100
11869,338900
11870,312700
11871,304300
11872,288300
11873,321000
11874,274900
11875,276900
11876,318900
11877,422600
11878,454500
11879,327200
11880,311000
11881,284400
11882,267700
11883,266400
11884,263500
11885,270300
11886,261200
11887,261200
11888,261300
11889,261100
11890,258300
11891,787300
11892,658100
11893,476000
11894,405100
11895,447400
11896,446900
11897,461200
11898,336100
11899,412800
11900,431900
11901,400700
11902,865900
11903,701200
11904,585000
11905,538200
11906,606800
11907,570900
11908,624500
11909,498100
11910,884500
11911,786900
11912,707900
11913,537700
11914,380700
11915,423000
11916,338900
11917,306200
11918,364800
11919,301200
11920,477400
11921,537400
11922,515400
11923,349700
11924,312200
11925,301200
11926,347200
11927,276000
11928,265500
11929,255900
11930,327100
11931,388100
11932,323400
11933,267700
11934,252700
11935,393300
11936,430300
11937,358300
11938,570000
11939,476000
11940,362200
11941,412500
11942,395500
11943,411400
11944,353400
11945,304500
11946,265400
11947,215600
11948,345500
11949,463400
11950,439100
11951,345100
11952,295800
11953,260600
11954,236100
11955,316200
11956,278400
11957,245100
11958,227700
11959,229200
11960,231500
11961,269900
11962,542700
11963,632400
11964,538300
11965,603200
11966,616300
11967,571800
11968,512600
11969,372000
11970,302600
11971,275700
11972,391800
11973,789100
11974,439900
11975,512200
11976,383500
11977,425400
11978,364300
11979,274500
11980,367000
11981,438800
11982,542400
11983,839400
11984,860800
11985,600100
11986,463400
11987,491900
11988,367900
11989,380200
11990,235300
11991,257900
11992,236000
11993,259200
11994,350900
11995,517900
11996,451300
11997,355300
11998,266400
11999,281800
12000,364200
12001,337700
12002,378800
12003,356400
12004,275600
12005,306200
12006,220900
12007,258900
12008,287700
12009,271100
12010,397000
12011,523000
12012,502700
12013,339100
12014,303800
12015,291000
12016,296600
12017,224700
12018,230700
12019,242700
12020,268500
12021,278200
12022,258200
12023,296000
12024,343300
12025,320600
12026,464800
12027,537700
12028,321100
12029,242300
12030,238400
12031,264700
12032,258700
12033,330200
12034,224500
12035,301400
12036,264200
12037,406800
12038,315100
12039,724200
12040,437000
12041,292900
12042,251300
12043,300100
12044,214900
12045,207500
12046,197700
12047,188500
12048,193200
12049,189900
12050,191600
12051,209100
12052,210100
12053,212200
12054,191100
12055,189700
12056,189900
12057,189700
12058,207700
12059,191200
12060,253100
12061,257700
12062,493200
12063,404400
12064,325000
12065,372100
12066,265000
12067,315000
12068,314700
12069,357200
12070,313200
12071,301500
12072,271800
12073,294700
12074,291400
12075,306800
12076,580600
12077,501700
12078,334100
12079,254600
12080,252500
12081,251800
12082,269400
12083,279300
12084,279200
12085,287800
12086,301400
12087,289500
12088,304100
12089,269700
12090,289200
12091,235000
12092,244300
12093,313400
12094,278400
12095,251500
12096,216500
12097,199900
12098,211000
12099,188700
12100,197700
12101,241700
12102,285400
12103,246900
12104,225800
12105,220200
12106,217300
12107,204900
12108,238700
12109,212500
12110,225500
12111,199700
12112,193200
12113,196200
12114,282800
12115,331800
12116,280700
12117,226300
12118,205300
12119,206400
12120,193700
12121,190700
12122,190600
12123,190800
12124,191100
12125,191100
12126,190800
12127,190700
12128,190300
12129,230600
12130,191300
12131,189000
12132,192300
12133,191500
12134,189600
12135,192000
12136,190700
12137,190300
12138,315900
12139,280100
12140,343500
12141,218300
12142,308200
12143,349300
12144,374900
12145,324100
12146,311200
12147,224300
12148,220000
12149,210700
12150,204200
12151,245900
12152,191200
12153,323900
12154,303400
12155,305500
12156,254500
12157,209100
12158,199700
12159,194800
12160,196300
12161,200900
12162,207100
12163,189600
12164,203700
12165,214000
12166,204500
12167,204900
12168,192700
12169,206700
12170,232500
12171,306400
12172,216600
12173,216400
12174,210000
12175,195200
12176,311700
12177,359300
12178,378700
12179,276200
12180,225800
12181,206500
12182,197400
12183,228600
12184,223400
12185,243000
12186,207900
12187,206100
12188,205100
12189,205200
12190,231800
12191,250000
12192,205900
12193,193800
12194,203000
12195,204600
12196,308600
12197,253000
12198,331600
12199,440200
12200,280000
12201,254200
12202,218500
12203,221900
12204,221600
12205,230300
12206,218600
12207,197300
12208,191800
12209,215300
12210,212900
12211,237500
12212,192600
12213,220800
12214,195600
12215,190500
12216,217400
12217,278100
12218,371300
12219,444400
12220,422900
12221,395400
12222,304000
12223,233700
12224,213800
12225,224700
12226,237200
12227,238800
12228,224400
12229,231700
12230,219200
12231,206600
12232,210500
12233,208100
12234,289600
12235,209300
12236,216500
12237,214300
12238,284600
12239,290500
12240,312100
12241,279000
12242,218300
12243,205400
12244,211000
12245,213800
12246,225300
12247,216400
12248,219100
12249,186200
12250,249200
12251,196500
12252,190100
12253,276400
12254,353500
12255,329500
12256,374900
12257,403400
12258,615500
12259,548300
12260,475000
12261,478200
12262,377900
12263,349500
12264,320900
12265,333700
12266,322600
12267,745300
12268,554000
12269,479100
12270,381700
12271,366900
12272,365900
12273,259900
12274,267500
12275,249100
12276,363600
12277,357200
12278,326800
12279,214000
12280,218600
12281,345000
12282,507600
12283,326300
12284,341200
12285,324700
12286,232300
12287,323800
12288,257200
12289,216600
12290,217000
12291,299400
12292,216100
12293,244700
12294,228300
12295,229800
12296,292000
12297,295800
12298,251000
12299,327600
12300,552700
12301,404600
12302,308200
12303,240100
12304,209200
12305,199000
12306,211100
12307,208800
12308,203900
12309,505000
12310,383600
12311,333800
12312,275600
12313,284100
12314,286400
12315,289400
12316,365300
12317,432400
12318,422400
12319,303500
12320,294600
12321,335200
12322,364400
12323,427400
12324,339500
12325,302000
12326,276900
12327,247100
12328,252800
12329,225200
12330,221200
12331,292500
12332,297900
12333,277300
12334,322300
12335,258700
12336,206700
12337,189900
12338,188900
12339,233300
12340,346300
12341,274500
12342,214800
12343,207800
12344,209600
12345,188700
12346,206900
12347,195400
12348,190300
12349,190900
12350,191000
12351,189400
12352,189600
12353,193800
12354,213500
12355,239700
12356,262400
12357,222200
12358,201200
12359,193800
12360,281800
12361,246100
12362,197200
12363,193700
12364,193400
12365,197300
12366,218800
12367,198400
12368,191700
12369,189200
12370,191400
12371,191000
12372,266300
12373,480700
12374,367100
12375,302500
12376,290400
12377,277000
12378,225800
12379,290100
12380,290000
12381,375500
12382,317500
12383,302000
12384,220800
12385,205300
12386,190800
12387,274600
12388,259500
12389,283700
12390,197200
12391,209700
12392,242200
12393,326600
12394,294700
12395,302200
12396,271600
12397,213500
12398,242100
12399,276300
12400,285500
12401,223900
12402,251100
12403,258600
12404,205300
12405,225500
12406,197100
12407,207700
12408,194900
12409,188500
12410,222800
12411,191800
12412,241200
12413,234900
12414,230700
12415,234400
12416,356200
12417,255000
12418,218800
12419,207600
12420,214300
12421,221600
12422,207400
12423,212900
12424,251400
12425,207700
12426,208500
12427,187000
12428,189600
12429,189600
12430,186100
12431,187900
12432,187100
12433,187100
12434,187800
12435,194200
12436,221700
12437,244600
12438,227400
12439,206700
12440,207900
12441,191600
12442,190600
12443,215000
12444,204000
12445,205900
12446,235800
12447,205100
12448,189700
12449,210400
12450,207000
12451,188600
12452,189400
12453,187500
12454,186200
12455,188000
12456,190500
12457,187400
12458,207100
12459,225000
12460,225900
12461,224900
12462,213400
12463,262300
12464,202400
12465,210400
12466,205700
12467,324000
12468,224800
12469,237000
12470,251200
12471,226700
12472,228400
12473,244600
12474,222000
12475,207500
12476,212700
12477,212200
12478,211800
12479,206800
12480,317700
12481,401300
12482,604500
12483,533600
12484,403700
12485,323900
12486,323200
12487,321600
12488,312000
12489,369200
12490,299100
12491,287600
12492,701300
12493,458000
12494,342200
12495,210600
12496,236400
12497,235400
12498,204600
12499,233200
12500,230600
12501,225300
12502,198500
12503,229900
12504,217100
12505,233700
12506,222700
12507,204100
12508,216000
12509,273000
12510,223700
12511,225400
12512,247400
12513,311200
12514,256700
12515,226600
12516,210800
12517,212000
12518,200500
12519,203600
12520,207600
12521,211900
12522,193400
12523,192300
12524,225800
12525,196300
12526,209800
12527,209800
12528,290200
12529,288100
12530,343900
12531,335000
12532,355400
12533,395100
12534,456500
12535,419100
12536,253100
12537,226200
12538,212200
12539,327400
12540,245700
12541,208700
12542,188700
12543,223200
12544,198000
12545,194500
12546,195200
12547,201300
12548,215000
12549,222800
12550,238600
12551,284200
12552,248600
12553,312700
12554,317700
12555,252200
12556,216000
12557,198500
12558,193100
12559,194000
12560,211400
12561,212100
12562,191400
12563,203500
12564,268500
12565,235500
12566,233900
12567,229300
12568,192300
12569,209900
12570,203500
12571,208200
12572,211700
12573,237800
12574,205800
12575,236800
12576,233800
12577,218000
12578,199300
12579,194500
12580,191900
12581,187300
12582,188500
12583,187500
12584,189000
12585,204000
12586,188900
12587,188400
12588,187900
12589,187700
12590,186500
12591,188000
12592,186000
12593,185700
12594,228000
12595,210300
12596,189900
12597,205100
12598,189300
12599,236400
12600,244400
12601,213800
12602,201500
12603,189400
12604,188700
12605,187300
12606,187100
12607,235400
12608,211700
12609,191100
12610,192900
12611,192100
12612,192400
12613,190300
12614,188700
12615,188900
12616,236700
12617,211000
12618,363300
12619,291200
12620,260000
12621,334700
12622,202900
12623,242600
12624,213900
12625,261900
12626,192500
12627,192600
12628,192500
12629,189700
12630,187100
12631,186700
12632,188000
12633,208300
12634,191800
12635,234700
12636,193300
12637,188500
12638,187700
12639,189300
12640,207800
12641,192000
12642,211000
12643,223400
12644,291500
12645,362100
12646,322300
12647,307000
12648,305200
12649,292800
12650,262800
12651,278800
12652,219300
12653,226200
12654,221400
12655,239000
12656,259900
12657,269300
12658,216300
12659,217000
12660,260600
12661,317200
12662,621900
12663,373500
12664,250200
12665,255200
12666,194300
12667,198700
12668,191400
12669,277100
12670,254400
12671,278400
12672,237800
12673,242600
12674,218000
12675,227600
12676,304800
12677,267600
12678,303100
12679,301000
12680,432900
12681,601500
12682,391100
12683,291900
12684,254000
12685,278200
12686,236000
12687,238200
12688,256100
12689,197000
12690,195100
12691,243900
12692,225500
12693,302900
12694,250200
12695,282800
12696,190500
12697,284100
12698,313800
12699,305400
12700,217500
12701,219600
12702,200500
12703,305800
12704,257400
12705,277000
12706,202300
12707,258100
12708,238400
12709,207800
12710,306600
12711,304700
12712,260200
12713,184100
12714,211700
12715,188800
12716,186600
12717,186400
12718,188700
12719,388300
12720,296800
12721,261500
12722,200500
12723,183800
12724,208300
12725,192300
12726,190500
12727,188200
12728,187500
12729,187400
12730,185800
12731,186700
12732,186400
12733,186200
12734,186400
12735,185900
12736,184800
12737,358600
12738,222200
12739,242500
12740,269100
12741,307200
12742,253700
12743,329400
12744,237400
12745,261500
12746,237300
12747,221700
12748,219500
12749,226600
12750,195000
12751,189900
12752,189600
12753,189900
12754,189800
12755,188800
12756,190800
12757,189200
12758,190100
12759,251400
12760,345000
12761,394900
12762,344400
12763,272000
12764,210000
12765,206400
12766,199400
12767,186400
12768,194400
12769,189300
12770,203500
12771,190000
12772,191100
12773,190300
12774,188700
12775,189000
12776,188200
12777,189100
12778,254000
12779,225800
12780,212900
12781,227600
12782,214000
12783,206700
12784,241400
12785,232800
12786,222000
12787,188000
12788,201200
12789,190100
12790,189500
12791,187900
12792,186500
12793,187200
12794,186800
12795,188000
12796,222400
12797,186700
12798,185500
12799,186200
12800,184800
12801,190400
12802,187400
12803,255500
12804,213300
12805,219300
12806,205200
12807,203100
12808,227800
12809,232400
12810,233000
12811,197900
12812,204600
12813,203700
12814,189900
12815,189000
12816,205800
12817,227000
12818,187800
12819,186900
12820,186400
12821,188300
12822,187300
12823,186700
12824,186000
12825,289000
12826,223900
12827,203400
12828,193100
12829,208700
12830,209100
12831,199100
12832,234500
12833,219900
12834,257600
12835,197500
12836,204500
12837,209100
12838,206900
12839,243500
12840,192300
12841,191900
12842,192600
12843,191800
12844,190100
12845,191800
12846,210200
12847,191800
12848,195700
12849,201200
12850,191100
12851,191100
12852,188100
12853,188800
12854,204000
12855,206100
12856,241100
12857,369500
12858,275700
12859,253400
12860,286700
12861,201600
12862,194400
12863,200400
12864,192200
12865,187300
12866,188600
12867,209900
12868,191900
12869,188700
12870,203800
12871,193400
12872,210700
12873,361600
12874,225300
12875,214700
12876,218000
12877,246400
12878,222500
12879,207700
12880,222800
12881,227700
12882,204700
12883,189300
12884,187500
12885,193700
12886,282300
12887,226600
12888,212600
12889,221600
12890,209200
12891,194200
12892,193000
12893,217800
12894,196200
12895,195500
12896,193900
12897,194900
12898,242900
12899,321500
12900,345700
12901,399900
12902,349700
12903,349300
12904,324800
12905,225000
12906,239200
12907,290900
12908,236200
12909,236300
12910,314200
12911,357700
12912,336500
12913,291400
12914,292700
12915,331900
12916,350000
12917,346200
12918,303700
12919,300400
12920,244300
12921,213400
12922,242600
12923,251300
12924,211900
12925,207800
12926,201600
12927,210200
12928,237500
12929,188200
12930,192500
12931,209900
12932,207900
12933,267100
12934,196400
12935,196500
12936,287900
12937,221400
12938,213900
12939,216300
12940,200600
12941,192100
12942,188800
12943,189600
12944,232100
12945,219200
12946,209000
12947,223000
12948,189900
12949,186600
12950,187200
12951,197600
12952,189000
12953,188400
12954,188600
12955,185500
12956,187400
12957,189600
12958,187600
12959,186000
12960,215000
12961,240500
12962,235700
12963,345000
12964,240400
12965,261100
12966,337800
12967,262600
12968,290600
12969,234100
12970,227700
12971,236200
12972,244500
12973,194700
12974,282900
12975,310100
12976,195700
12977,226000
12978,243100
12979,193900
12980,221000
12981,314500
12982,289400
12983,254600
12984,260100
12985,229900
12986,236300
12987,297400
12988,288200
12989,307600
12990,308500
12991,274400
12992,275400
12993,303100
12994,208900
12995,310300
12996,281600
12997,333300
12998,300600
12999,261500
13000,201100
13001,193700
13002,210200
13003,191400
13004,188900
13005,188300
13006,208300
13007,248400
13008,204400
13009,189300
13010,191300
13011,188300
13012,207600
13013,189100
13014,187900
13015,191900
13016,189800
13017,189100
13018,189000
13019,201500
13020,218900
13021,227100
13022,209900
13023,217600
13024,194400
13025,224900
13026,207100
13027,208400
13028,189800
13029,221700
13030,189200
13031,185500
13032,186900
13033,185800
13034,185300
13035,185100
13036,185900
13037,185700
13038,266400
13039,253500
13040,287600
13041,371800
13042,560100
13043,580600
13044,372800
13045,308600
13046,311400
13047,246800
13048,225900
13049,231100
13050,316200
13051,241500
13052,223200
13053,213100
13054,190900
13055,199800
13056,194200
13057,207600
13058,237000
13059,219300
13060,195300
13061,248500
13062,242500
13063,219300
13064,325200
13065,283900
13066,253500
13067,224100
13068,302600
13069,219400
13070,206000
13071,282700
13072,317900
13073,235400
13074,233500
13075,313800
13076,260400
13077,215600
13078,198500
13079,229700
13080,255700
13081,251400
13082,304700
13083,208300
13084,203100
13085,199800
13086,192400
13087,195400
13088,189600
13089,191700
13090,191100
13091,189500
13092,229100
13093,193000
13094,191100
13095,189100
13096,189200
13097,188400
13098,188700
13099,189200
13100,208300
13101,189800
13102,186000
13103,190900
13104,231800
13105,478600
13106,639800
13107,333300
13108,409900
13109,672900
13110,935400
13111,905600
13112,691500
13113,420300
13114,312800
13115,243900
13116,266500
13117,248400
13118,222700
13119,200500
13120,222200
13121,212800
13122,262400
13123,240500
13124,203800
13125,203400
13126,223200
13127,233700
13128,462400
13129,578200
13130,291800
13131,669000
13132,642100
13133,455300
13134,421100
13135,376900
13136,306100
13137,253300
13138,229200
13139,223600
13140,764100
13141,536700
13142,364800
13143,272300
13144,275100
13145,255200
13146,228900
13147,256500
13148,229200
13149,263600
13150,228500
13151,210100
13152,232200
13153,244700
13154,434100
13155,256200
13156,414000
13157,394800
13158,381400
13159,273900
13160,268200
13161,222600
13162,199200
13163,222200
13164,240900
13165,212900
13166,228000
13167,245600
13168,223400
13169,216600
13170,207600
13171,221400
13172,207200
13173,200400
13174,203700
13175,273900
13176,353400
13177,482800
13178,330600
13179,293600
13180,282200
13181,230300
13182,225600
13183,246900
13184,227100
13185,224400
13186,228300
13187,228300
13188,270000
13189,222400
13190,206000
13191,239800
13192,215600
13193,226300
13194,212400
13195,501300
13196,464600
13197,328300
13198,300800
13199,253500
13200,298200
13201,213300
13202,225900
13203,205600
13204,233700
13205,206200
13206,201000
13207,234100
13208,482600
13209,346600
13210,481600
13211,320700
13212,293300
13213,221700
13214,230000
13215,207600
13216,199400
13217,228900
13218,296700
13219,325800
13220,373600
13221,253100
13222,214900
13223,419400
13224,409000
13225,452700
13226,334200
13227,246100
13228,211300
13229,226000
13230,228900
13231,220000
13232,197400
13233,192600
13234,212800
13235,193500
13236,188400
13237,189600
13238,223400
13239,214200
13240,197400
13241,197700
13242,208200
13243,219600
13244,187300
13245,196700
13246,214100
13247,244300
13248,219100
13249,213200
13250,204100
13251,208300
13252,189200
13253,189900
13254,192400
13255,190500
13256,190200
13257,189300
13258,212200
13259,241900
13260,303900
13261,226500
13262,203100
13263,346100
13264,272800
13265,227000
13266,227200
13267,209600
13268,206000
13269,258400
13270,259100
13271,224600
13272,199600
13273,209400
13274,209800
13275,211500
13276,213700
13277,190300
13278,189000
13279,188000
13280,192000
13281,220000
13282,190900
13283,251200
13284,642800
13285,227200
13286,214500
13287,203300
13288,186200
13289,279200
13290,243500
13291,497700
13292,332900
13293,253200
13294,246400
13295,244100
13296,242800
13297,246300
13298,242700
13299,243900
13300,244800
13301,244100
13302,298200
13303,229000
13304,209200
13305,214000
13306,212100
13307,187300
13308,192400
13309,185600
13310,185800
13311,263000
13312,249400
13313,237000
13314,250400
13315,219400
13316,197200
13317,191100
13318,187200
13319,186900
13320,185900
13321,187400
13322,187200
13323,187800
13324,214300
13325,187200
13326,187600
13327,206600
13328,188100
13329,252800
13330,206700
13331,189600
13332,228300
13333,209600
13334,231700
13335,220200
13336,211300
13337,219000
13338,209800
13339,186800
13340,189100
13341,183100
13342,184300
13343,183100
13344,227600
13345,293200
13346,208700
13347,227800
13348,229800
13349,231200
13350,218200
13351,227800
13352,206200
13353,183100
13354,184400
13355,186300
13356,227800
13357,212200
13358,298800
13359,292900
13360,332600
13361,311700
13362,210200
13363,222300
13364,280100
13365,250100
13366,307800
13367,306000
13368,288100
13369,272400
13370,315600
13371,201300
13372,253000
13373,225700
13374,190500
13375,198100
13376,209600
13377,197300
13378,196500
13379,201600
13380,180400
13381,180400
13382,189200
13383,182000
13384,178300
13385,254100
13386,205500
13387,254700
13388,201100
13389,187600
13390,232100
13391,223400
13392,221600
13393,193800
13394,182900
13395,205800
13396,183900
13397,182100
13398,181400
13399,181700
13400,302700
13401,292100
13402,265700
13403,247300
13404,212100
13405,207600
13406,215700
13407,188500
13408,223900
13409,185200
13410,186100
13411,205900
13412,188200
13413,187500
13414,187200
13415,185200
13416,185800
13417,184300
13418,185900
13419,185700
13420,184900
13421,215000
13422,183500
13423,181400
13424,218000
13425,226900
13426,267800
13427,253700
13428,226600
13429,417000
13430,267400
13431,217200
13432,228500
13433,196600
13434,185400
13435,195200
13436,217000
13437,185800
13438,204000
13439,186900
13440,184800
13441,183600
13442,183200
13443,182800
13444,187800
13445,179800
13446,179400
13447,179600
13448,259300
13449,219900
13450,262000
13451,303400
13452,226300
13453,192800
13454,232400
13455,185400
13456,182600
13457,183800
13458,186300
13459,190200
13460,182100
13461,183600
13462,181200
13463,181800
13464,182400
13465,182100
13466,224000
13467,189800
13468,183600
13469,193300
13470,234100
13471,294100
13472,208500
13473,240600
13474,271400
13475,253800
13476,189800
13477,196900
13478,183000
13479,182600
13480,182000
13481,182000
13482,182300
13483,181000
13484,182300
13485,181500
13486,182500
13487,182900
13488,182100
13489,183400
13490,183800
13491,183000
13492,181500
13493,209600
13494,187800
13495,208100
13496,195000
13497,225000
13498,219400
13499,205300
13500,194600
13501,186000
13502,183300
13503,182400
13504,193600
13505,183700
13506,184400
13507,182100
13508,181600
13509,183800
13510,182000
13511,181200
13512,182300
13513,182100
13514,228000
13515,185700
13516,182300
13517,182800
13518,185300
13519,185000
13520,250000
13521,567300
13522,423100
13523,333100
13524,281200
13525,220700
13526,225300
13527,284700
13528,250400
13529,215400
13530,183000
13531,182300
13532,181000
13533,183000
13534,180400
13535,186700
13536,227300
13537,186600
13538,183600
13539,180500
13540,192600
13541,231400
13542,224100
13543,216900
13544,200700
13545,194200
13546,183800
13547,180400
13548,181500
13549,181500
13550,183800
13551,197800
13552,189800
13553,180500
13554,190200
13555,183800
13556,191700
13557,217500
13558,181600
13559,181200
13560,179600
13561,258700
13562,181800
13563,181100
13564,193000
13565,829900
13566,474700
13567,301700
13568,256500
13569,203200
13570,201300
13571,215800
13572,189700
13573,184400
13574,183200
13575,184400
13576,183800
13577,183200
13578,182800
13579,183200
13580,184600
13581,183100
13582,182300
13583,182900
13584,203700
13585,196900
13586,352000
13587,246400
13588,206700
13589,208900
13590,184100
13591,183700
13592,184600
13593,183900
13594,181600
13595,181900
13596,182300
13597,182900
13598,181900
13599,181400
13600,221200
13601,183100
13602,180700
13603,491500
13604,465000
13605,478000
13606,327500
13607,311100
13608,383900
13609,354900
13610,295800
13611,300200
13612,300700
13613,305800
13614,301500
13615,293200
13616,286200
13617,262000
13618,275900
13619,346500
13620,350300
13621,321700
13622,310000
13623,275100
13624,272300
13625,249500
13626,295400
13627,245700
13628,296900
13629,296700
13630,305900
13631,562900
13632,611500
13633,299300
13634,303000
13635,322300
13636,302500
13637,264200
13638,221100
13639,220300
13640,284800
13641,216400
13642,195800
13643,207600
13644,186200
13645,209800
13646,189700
13647,189200
13648,193700
13649,185700
13650,186700
13651,187400
13652,195800
13653,190500
13654,192200
13655,194400
13656,183600
13657,203500
13658,263500
13659,252400
13660,219400
13661,195200
13662,219900
13663,203700
13664,189400
13665,186700
13666,186000
13667,195500
13668,192600
13669,328400
13670,283300
13671,310200
13672,259900
13673,222600
13674,215300
13675,218100
13676,214300
13677,222800
13678,239600
13679,300300
13680,326500
13681,308900
13682,242300
13683,254800
13684,199000
13685,212800
13686,213100
13687,205700
13688,198000
13689,313800
13690,253500
13691,229000
13692,235400
13693,231700
13694,211100
13695,206200
13696,195200
13697,202900
13698,190200
13699,189500
13700,231200
13701,248600
13702,261200
13703,239200
13704,196000
13705,259900
13706,202900
13707,227800
13708,366300
13709,249100
13710,209900
13711,211800
13712,229500
13713,198700
13714,213600
13715,189900
13716,334200
13717,261200
13718,365900
13719,333600
13720,271000
13721,252700
13722,201300
13723,195700
13724,188200
13725,226000
13726,285100
13727,234600
13728,211200
13729,192500
13730,198300
13731,193400
13732,210200
13733,229500
13734,209800
13735,207700
13736,193600
13737,216000
13738,210500
13739,197900
13740,226700
13741,271300
13742,254300
13743,296300
13744,241000
13745,272900
13746,297600
13747,221900
13748,200200
13749,234200
13750,221800
13751,209600
13752,187100
13753,195400
13754,187300
13755,190100
13756,228300
13757,222700
13758,234600
13759,200000
13760,363200
13761,257800
13762,266800
13763,232400
13764,216800
13765,192600
13766,225000
13767,210700
13768,225800
13769,186900
13770,247500
13771,225100
13772,190500
13773,191300
13774,186900
13775,186400
13776,184300
13777,183600
13778,183100
13779,184000
13780,184200
13781,183600
13782,182500
13783,183700
13784,184200
13785,207400
13786,291000
13787,293500
13788,220900
13789,260100
13790,219100
13791,208700
13792,211400
13793,190200
13794,188700
13795,184700
13796,184400
13797,189100
13798,183600
13799,187400
13800,187100
13801,187200
13802,183500
13803,183600
13804,191600
13805,202900
13806,187500
13807,187900
13808,187800
13809,191700
13810,227600
13811,278200
13812,379500
13813,237400
13814,250600
13815,221800
13816,201600
13817,186900
13818,184500
13819,183900
13820,211500
13821,182400
13822,181700
13823,202300
13824,183400
13825,182200
13826,184400
13827,205000
13828,182900
13829,184600
13830,184100
13831,182100
13832,216400
13833,330500
13834,411700
13835,315300
13836,287100
13837,229000
13838,217300
13839,194000
13840,188200
13841,186700
13842,190400
13843,185500
13844,183500
13845,184200
13846,183400
13847,183400
13848,182800
13849,184900
13850,274500
13851,211900
13852,297300
13853,232500
13854,228900
13855,221800
13856,237800
13857,213500
13858,227500
13859,185200
13860,188200
13861,185700
13862,184200
13863,183500
13864,182000
13865,183400
13866,188600
13867,182900
13868,182200
13869,180900
13870,183400
13871,181900
13872,182300
13873,224900
13874,328400
13875,287000
13876,329400
13877,345200
13878,438800
13879,364300
13880,291200
13881,236400
13882,203000
13883,208300
13884,193300
13885,189500
13886,211400
13887,193800
13888,193700
13889,189800
13890,189900
13891,211700
13892,213900
13893,190200
13894,217300
13895,286100
13896,503900
13897,408100
13898,375000
13899,271000
13900,250600
13901,230800
13902,207500
13903,209400
13904,193500
13905,191600
13906,217100
13907,208500
13908,204600
13909,204700
13910,467100
13911,347200
13912,281800
13913,277400
13914,382400
13915,343600
13916,333500
13917,257300
13918,272900
13919,268900
13920,233200
13921,218200
13922,236900
13923,237800
13924,217400
13925,222500
13926,202600
13927,206600
13928,192700
13929,212900
13930,216800
13931,295300
13932,233000
13933,296500
13934,333900
13935,270500
13936,219500
13937,195900
13938,271300
13939,225400
13940,211500
13941,195700
13942,223300
13943,221500
13944,187000
13945,188900
13946,193000
13947,246700
13948,275700
13949,235100
13950,204000
13951,271600
13952,232300
13953,246100
13954,389000
13955,360200
13956,312300
13957,243300
13958,219800
13959,281000
13960,207100
13961,195800
13962,199700
13963,261300
13964,237900
13965,209500
13966,199100
13967,212000
13968,191000
13969,312700
13970,234000
13971,267200
13972,339400
13973,424700
13974,305600
13975,290500
13976,270500
13977,227000
13978,200900
13979,253200
13980,201200
13981,212600
13982,192000
13983,257300
13984,242300
13985,209000
13986,221400
13987,204700
13988,200800
13989,226600
13990,227700
13991,186500
13992,223100
13993,239700
13994,256700
13995,220400
13996,204900
13997,252900
13998,242700
13999,226500
14000,221800
14001,253700
14002,194200
14003,186900
14004,186400
14005,185500
14006,186500
14007,184300
14008,188500
14009,188500
14010,244000
14011,312700
14012,270300
14013,221500
14014,578900
14015,794800
14016,542800
14017,388500
14018,380800
14019,397100
14020,411200
14021,369700
14022,387100
14023,258000
14024,236100
14025,208000
14026,235500
14027,254800
14028,362300
14029,341300
14030,290500
14031,317200
14032,265600
14033,266500
14034,247800
14035,219700
14036,199400
14037,239300
14038,196000
14039,208100
14040,224300
14041,213200
14042,236500
14043,225400
14044,229400
14045,231700
14046,282100
14047,532300
14048,284300
14049,216800
14050,329300
14051,230900
14052,220000
14053,295800
14054,315000
14055,259700
14056,371800
14057,264600
14058,227000
14059,211100
14060,210400
14061,216300
14062,192000
14063,235300
14064,254100
14065,434700
14066,441100
14067,278700
14068,222700
14069,223500
14070,228800
14071,231200
14072,225400
14073,211300
14074,210700
14075,228200
14076,210300
14077,190900
14078,214300
14079,207300
14080,457300
14081,266100
14082,312500
14083,349500
14084,255600
14085,417400
14086,305800
14087,314800
14088,253800
14089,224200
14090,241400
14091,229300
14092,274300
14093,344900
14094,224400
14095,210200
14096,190900
14097,198500
14098,213500
14099,189800
14100,200500
14101,242900
14102,240300
14103,241600
14104,217300
14105,201200
14106,226900
14107,245500
14108,218300
14109,221300
14110,206500
14111,205200
14112,197400
14113,185700
14114,221000
14115,192100
14116,242000
14117,227800
14118,333500
14119,270500
14120,230100
14121,395900
14122,429900
14123,369700
14124,387900
14125,229200
14126,226500
14127,198700
14128,195300
14129,228500
14130,253900
14131,221200
14132,244600
14133,216700
14134,226200
14135,212400
14136,204100
14137,198300
14138,187500
14139,207300
14140,190100
14141,191900
14142,218900
14143,298200
14144,276700
14145,231000
14146,196700
14147,243100
14148,280700
14149,301400
14150,271800
14151,261100
14152,254400
14153,249800
14154,245300
14155,244500
14156,245300
14157,295400
14158,206700
14159,330200
14160,245700
14161,434200
14162,337800
14163,366000
14164,260200
14165,223600
14166,216900
14167,227400
14168,197800
14169,192900
14170,263000
14171,205900
14172,204500
14173,205100
14174,197600
14175,190000
14176,189300
14177,186800
14178,188700
14179,188100
14180,186100
14181,184900
14182,186600
14183,186100
14184,188500
14185,244000
14186,228600
14187,222600
14188,318000
14189,211200
14190,197100
14191,188700
14192,237200
14193,183700
14194,191200
14195,189800
14196,232000
14197,214600
14198,193400
14199,199300
14200,192100
14201,225100
14202,454200
14203,299900
14204,310600
14205,257700
14206,232600
14207,200500
14208,190200
14209,196100
14210,193400
14211,222000
14212,281500
14213,242100
14214,223000
14215,222400
14216,234600
14217,235300
14218,214000
14219,218300
14220,190700
14221,188500
14222,207900
14223,229500
14224,232100
14225,224700
14226,259900
14227,341100
14228,294000
14229,225000
14230,210000
14231,224800
14232,239900
14233,282400
14234,281700
14235,268100
14236,286600
14237,299100
14238,272200
14239,272300
14240,417800
14241,314400
14242,250400
14243,264300
14244,271200
14245,291900
14246,251900
14247,205800
14248,248600
14249,232600
14250,214000
14251,242800
14252,215300
14253,226900
14254,198300
14255,235100
14256,202100
14257,223400
14258,185800
14259,183900
14260,184900
14261,224500
14262,188700
14263,190000
14264,201200
14265,256000
14266,270300
14267,265100
14268,281500
14269,260600
14270,233200
14271,220300
14272,199800
14273,190200
14274,209300
14275,350900
14276,325600
14277,274000
14278,222000
14279,202600
14280,213600
14281,207500
14282,190600
14283,205500
14284,217700
14285,204700
14286,236200
14287,238800
14288,269200
14289,240000
14290,323700
14291,246200
14292,277800
14293,264800
14294,254900
14295,250400
14296,246800
14297,247900
14298,279800
14299,249300
14300,244400
14301,248000
14302,251100
14303,251600
14304,249600
14305,556100
14306,487900
14307,598300
14308,259000
14309,231200
14310,278000
14311,221800
14312,216300
14313,222200
14314,216800
14315,229700
14316,227100
14317,227000
14318,693000
14319,497600
14320,448800
14321,339300
14322,262300
14323,230900
14324,222400
14325,206300
14326,224400
14327,228100
14328,217600
14329,221400
