frame,frame_time_ns
1,312050900
2,7755900
3,3196700
4,3226500
5,2622300
6,2211700
7,1831300
8,1892400
9,2089100
10,5269200
11,1944100
12,2361000
13,2285900
14,2773800
15,2980700
16,3061300
17,2236500
18,2654000
19,2353400
20,2896500
21,2492100
22,1863900
23,4141900
24,4775300
25,3342500
26,2220500
27,2898600
28,3215200
29,3641300
30,3028300
31,2536400
32,1725200
33,2815100
34,1575900
35,1727900
36,1753400
37,6916100
38,3907300
39,2987900
40,2482800
41,2500300
42,2818200
43,2474100
44,2328800
45,2742500
46,3311900
47,3119100
48,3429100
49,2375000
50,2067800
51,2333000
52,2710500
53,3642500
54,3400400
55,2919300
56,1881600
57,2228700
58,1708800
59,1668600
60,1628800
61,2564000
62,2598100
63,2132800
64,2563700
65,2043700
66,2731400
67,2308500
68,2703700
69,1997300
70,2539200
71,2174400
72,2007200
73,6212700
74,2378500
75,1915600
76,2345000
77,2450400
78,2596500
79,1783000
80,1680000
81,1322300
82,2264700
83,4174000
84,3047100
85,1537900
86,1389000
87,1340300
88,1785400
89,1661900
90,2851300
91,3279400
92,2360900
93,1665900
94,2849000
95,2408900
96,2511100
97,1518300
98,1297300
99,1156200
100,5310300
101,2233900
102,2163900
103,2365100
104,2489900
105,2551600
106,2541900
107,2399500
108,2193800
109,1781100
110,4255000
111,3427500
112,1776100
113,1510000
114,1971900
115,2123500
116,2559000
117,2377400
118,1750600
119,1721100
120,2421700
121,2128000
122,1755200
123,4058200
124,3294800
125,2744900
126,2768400
127,2483600
128,3056800
129,2575700
130,2899300
131,2828800
132,2181300
133,2032000
134,2140600
135,1488700
136,3384200
137,3196800
138,1520900
139,1762600
140,2255200
141,2753000
142,2796200
143,2630200
144,1896400
145,1425000
146,1353200
147,1692900
148,1357900
149,1492500
150,1381700
151,2666600
152,3411800
153,2018300
154,2310700
155,1968500
156,2405100
157,2227400
158,2135900
159,1614800
160,1891100
161,1515900
162,1558200
163,1831300
164,3863700
165,2687700
166,2098200
167,1822900
168,2537300
169,2428300
170,2793600
171,2446300
172,1671300
173,1352900
174,1375900
175,1340500
176,1168100
177,2449500
178,2727300
179,2131100
180,2324600
181,2230900
182,2239100
183,1900200
184,1711200
185,1700900
186,1847000
187,1679600
188,1211300
189,2099200
190,3833600
191,1436200
192,1734100
193,1898300
194,1292700
195,1592300
196,2046400
197,2275000
198,2191300
199,1580000
200,1552000
201,1230500
202,4009900
203,2125700
204,1332900
205,1706500
206,2415500
207,2860400
208,2978300
209,2300300
210,2048200
211,1859400
212,1614800
213,1505500
214,1513200
215,6700100
216,1604300
217,2092100
218,1946800
219,2018700
220,3088300
221,2970500
222,2558400
223,2230200
224,2274500
225,2081400
226,1721600
227,1595900
228,3708500
229,4076800
230,2278100
231,2347600
232,3065300
233,3082500
234,2920100
235,2481000
236,2265900
237,1933300
238,1605800
239,1532300
240,2138000
241,1843200
242,1893100
243,1423500
244,5069700
245,3333500
246,2530400
247,3719700
248,2325200
249,3276700
250,3128400
251,2324700
252,2034500
253,2214300
254,1942700
255,1747800
256,1434800
257,5915500
258,2016100
259,2261200
260,3023800
261,2148700
262,2794600
263,3285700
264,2924300
265,2437100
266,2909600
267,2476000
268,1736500
269,3935500
270,2876700
271,2043100
272,2237100
273,2193300
274,3129600
275,3139400
276,3554600
277,2177100
278,2764400
279,1949000
280,1941100
281,4056300
282,3133600
283,2516100
284,2199300
285,1996100
286,2161200
287,2450400
288,2667000
289,2336500
290,2437500
291,2879100
292,2219000
293,1839700
294,4942700
295,2309400
296,2547000
297,1779000
298,3369700
299,2579200
300,2608000
301,1798900
302,5830500
303,1444700
304,1370400
305,1447200
306,4877600
307,1881300
308,1911100
309,1657000
310,2460500
311,1788400
312,2221900
313,2549400
314,2223000
315,2337200
316,3114900
317,4032400
318,2150000
319,1857600
320,1972500
321,2359800
322,2078200
323,1981200
324,2674100
325,1995900
326,1682600
327,1820800
328,1365100
329,1827400
330,4199300
331,1795500
332,1875600
333,1824700
334,1642500
335,2517700
336,1934400
337,2268800
338,2037100
339,1651800
340,1804500
341,1757300
342,1186800
343,4051000
344,2845600
345,2567100
346,2478800
347,2083900
348,2354400
349,1985900
350,2439600
351,2296400
352,1395200
353,1551800
354,1671800
355,1204700
356,1361900
357,4603500
358,1659700
359,1820500
360,2140200
361,2258600
362,2227100
363,3857600
364,2762300
365,2629200
366,2301500
367,1510100
368,2823000
369,4354000
370,2427800
371,2220800
372,2959200
373,2828500
374,1942800
375,1560400
376,2520600
377,1556700
378,4103600
379,3049900
380,2482100
381,3233600
382,2931200
383,2426000
384,1956200
385,2297400
386,1632700
387,1990100
388,1855200
389,4969800
390,2301300
391,2228600
392,1939000
393,1735400
394,1967100
395,2342000
396,2348500
397,2239000
398,2369500
399,1892100
400,1583000
401,1251500
402,1274100
403,1459300
404,4962500
405,4054600
406,2205400
407,2324100
408,2576500
409,2190900
410,2803100
411,2302400
412,1582400
413,1997400
414,2139100
415,1346500
416,3256900
417,3049200
418,2032300
419,2091600
420,1788600
421,3080500
422,3075000
423,2501400
424,1786600
425,1585800
426,1504100
427,1628400
428,1225800
429,2302000
430,4394700
431,1709600
432,1529800
433,2370300
434,2746700
435,2590000
436,2183500
437,1637700
438,1653600
439,1310200
440,5685000
441,1694500
442,1833700
443,1816500
444,2107900
445,2362100
446,2223400
447,1663500
448,1421400
449,2157000
450,2186100
451,1438300
452,4161400
453,2666500
454,1400100
455,1668100
456,1988700
457,2004600
458,2556000
459,2149100
460,1672900
461,1747000
462,1344000
463,1157800
464,1097200
465,2257000
466,3868500
467,1286800
468,2121700
469,1818100
470,2215700
471,2037500
472,2308600
473,2044600
474,1471000
475,1525500
476,1413800
477,1047400
478,1321500
479,4225800
480,1577600
481,1790200
482,1803600
483,1778300
484,2059100
485,1839100
486,1894200
487,1665000
488,1367400
489,1188100
490,1035800
491,4642800
492,1619200
493,2002000
494,1656100
495,1916800
496,2609800
497,1916900
498,1709400
499,1602700
500,1783500
501,1421900
502,1383500
503,1455000
504,1666600
505,4257800
506,1842100
507,2188700
508,1467400
509,1706400
510,2679400
511,2007500
512,2159600
513,2026500
514,1940500
515,1741500
516,1487700
517,1602500
518,4863000
519,2964000
520,2105900
521,2002000
522,2643200
523,2164100
524,2200400
525,1596600
526,1607900
527,1381300
528,2946900
529,3483300
530,2072000
531,1935200
532,1648200
533,2400800
534,2766200
535,2367300
536,1571200
537,2202100
538,1401000
539,1661100
540,2564800
541,4814300
542,2115400
543,2654300
544,1731000
545,2606300
546,2421300
547,2452600
548,1731000
549,1945700
550,1651800
551,1233500
552,1684800
553,1760400
554,1391700
555,1458800
556,4542500
557,2954000
558,1990100
559,2260800
560,1834500
561,2367800
562,2874400
563,1929800
564,2083600
565,1614400
566,1889200
567,2026200
568,3351900
569,1997900
570,1329000
571,1498200
572,2065500
573,2186500
574,2861000
575,2166600
576,1542400
577,1526600
578,1511100
579,1327700
580,1127800
581,2029700
582,4133900
583,1528000
584,1442600
585,1609300
586,1809600
587,2324700
588,1778200
589,1911800
590,1471300
591,1323400
592,1271900
593,1526700
594,4571000
595,2195500
596,1785100
597,1495100
598,2152100
599,2436600
600,1743400
601,1593900
602,1486400
603,1344000
604,1672600
605,2573900
606,2084000
607,1198000
608,1463800
609,1739500
610,2431500
611,1641500
612,2054100
613,2174100
614,1610500
615,1335300
616,1058200
617,1049700
618,3411300
619,2685200
620,1613200
621,1842500
622,1850500
623,1814300
624,1879500
625,1736500
626,1553400
627,1285200
628,1619700
629,1148200
630,1206900
631,3534700
632,2226300
633,1467700
634,1427700
635,1711500
636,2794600
637,2011400
638,1940500
639,1399300
640,1628400
641,1518300
642,1496100
643,1371200
644,1135300
645,1722900
646,4374100
647,1447700
648,1510700
649,1759800
650,1232100
651,1981100
652,2635300
653,1966000
654,1735600
655,1418800
656,1326400
657,1332700
658,4082000
659,2010600
660,2385200
661,1860700
662,2170800
663,2037800
664,2277500
665,2319800
666,2529300
667,2027700
668,1391300
669,1511500
670,1701100
671,4159100
672,2842300
673,2446600
674,2396100
675,2310700
676,2052400
677,1774300
678,2012300
679,2408700
680,1677900
681,1387700
682,1952100
683,4428700
684,1325800
685,2396700
686,1644100
687,1966100
688,2790900
689,2425400
690,1862400
691,1698000
692,1386400
693,1606900
694,1208600
695,1579000
696,4519900
697,1471600
698,2203900
699,1667000
700,1555400
701,2510500
702,2412100
703,2977000
704,1791000
705,2201900
706,2268600
707,1775000
708,1248300
709,1933400
710,5812000
711,2878600
712,1445200
713,1727900
714,2912900
715,2497900
716,2581100
717,2220000
718,1993100
719,1874000
720,1446700
721,1796800
722,1210500
723,1262900
724,4806800
725,1873600
726,1874700
727,2398900
728,2849900
729,2252200
730,2424900
731,2312600
732,2138700
733,1638300
734,1401800
735,1817700
736,3381300
737,2328100
738,1844100
739,1595500
740,1960400
741,2337300
742,2516200
743,1961800
744,2277600
745,1722300
746,1819600
747,1681900
748,1423500
749,2573700
750,3500600
751,1948400
752,1694700
753,1660900
754,2715400
755,2495200
756,1732200
757,1487600
758,1580000
759,1354300
760,1312400
761,1973900
762,1486500
763,1300100
764,1106200
765,2837400
766,3295600
767,1177700
768,1524000
769,1543600
770,1999300
771,2004500
772,2367000
773,1767800
774,1625800
775,1461600
776,1338900
777,1273700
778,5015000
779,1541300
780,1724600
781,1858400
782,2400800
783,2437400
784,1997800
785,1615700
786,1421100
787,1167500
788,1261500
789,1867600
790,4002900
791,1813100
792,1692700
793,1731900
794,1505500
795,2488700
796,3136100
797,2663200
798,1778500
799,1910800
800,1513200
801,1252900
802,1380600
803,3142200
804,1288700
805,1980300
806,2400600
807,2211000
808,2376800
809,2580800
810,2437800
811,1704900
812,1914400
813,2192800
814,2715100
815,3118300
816,1966800
817,2423200
818,1696400
819,2424800
820,2503900
821,2950400
822,1550500
823,1790100
824,1477500
825,1273300
826,2309400
827,3804200
828,1713200
829,1614100
830,1416200
831,2046200
832,3314200
833,2898900
834,2026300
835,1792300
836,1464700
837,1729600
838,1477000
839,1299200
840,1567400
841,4155300
842,1850300
843,1777800
844,1994700
845,1756900
846,2150900
847,2357700
848,1838600
849,2294900
850,1671100
851,1835300
852,1511400
853,1255000
854,1804300
855,3362300
856,1889400
857,2349400
858,2589200
859,2507200
860,2116800
861,2312400
862,2397000
863,1575500
864,1685400
865,1542000
866,1380000
867,2197100
868,2730900
869,2476300
870,1601200
871,1967900
872,1565100
873,1871200
874,2513800
875,2227100
876,2501800
877,2180200
878,1505600
879,1530400
880,1487700
881,3078000
882,3610200
883,2527200
884,1805200
885,1953400
886,2257900
887,2371300
888,1814000
889,1708000
890,1660900
891,1484800
892,1368600
893,1699400
894,4024700
895,2557700
896,1626100
897,2152700
898,2557300
899,2919900
900,2726400
901,1808500
902,1732300
903,1529000
904,1516300
905,1559900
906,3235000
907,2862000
908,1535400
909,1549600
910,2116500
911,1411600
912,2308300
913,2182900
914,1875500
915,1684500
916,1509500
917,1431100
918,4073200
919,2362300
920,1686500
921,1635700
922,1591800
923,2767200
924,2159700
925,2326500
926,1923100
927,1736000
928,1555600
929,1131700
930,1157100
931,4484499
932,1595001
933,1750599
934,1987200
935,1187600
936,1084300
937,1033800
938,1234600
939,2328200
940,1906899
941,1357900
942,1865301
943,1444800
944,1706999
945,1477700
946,1644700
947,4399400
948,2919000
949,1728999
950,1547100
951,1976599
952,2411699
953,2227000
954,1537800
955,1727300
956,1243699
957,1283800
958,1104200
959,3055899
960,2830799
961,1301000
962,1557201
963,2009401
964,1919500
965,2085900
966,2209100
967,1689900
968,1365000
969,1354999
970,1705400
971,1800300
972,1181000
973,1214701
974,1227300
975,1311399
976,3963000
977,1882800
978,1956999
979,1665701
980,1700501
981,2026300
982,1699399
983,1861300
984,2432900
985,1658899
986,1856700
987,1292600
988,1781499
989,4323899
990,1223300
991,1917400
992,1921599
993,2061300
994,2412700
995,2615999
996,2020300
997,1729000
998,1642400
999,1463500
1000,1210899
1001,1476700
1002,4623700
1003,1578100
1004,1987500
1005,3199900
1006,2505301
1007,2402900
1008,2175199
1009,1870000
1010,1865300
1011,1789801
1012,1696800
1013,3024000
1014,3027600
1015,4037900
1016,2663601
1017,2795399
1018,3283000
1019,2374099
1020,1831900
1021,1972799
1022,1392400
1023,2061000
1024,1804700
1025,1552300
1026,1483400
1027,6353701
1028,1638499
1029,1568800
1030,2046000
1031,2743799
1032,2052800
1033,2086399
1034,2244100
1035,1711900
1036,1427500
1037,1561999
1038,1234100
1039,3509100
1040,3185900
1041,2259100
1042,1739700
1043,2139500
1044,1847700
1045,1749700
1046,2488899
1047,1630700
1048,1517200
1049,1496599
1050,1490601
1051,1277300
1052,3849900
1053,2346000
1054,1455400
1055,2828299
1056,2507501
1057,2911900
1058,2189000
1059,2350100
1060,2417800
1061,2047800
1062,1891600
1063,1718501
1064,5494300
1065,2462800
1066,1766901
1067,2140300
1068,2817801
1069,2129300
1070,1902600
1071,2003000
1072,1523800
1073,1506899
1074,1456399
1075,1258400
1076,3678499
1077,2847399
1078,2569801
1079,2014300
1080,2523400
1081,2760500
1082,2169600
1083,1894099
1084,1614401
1085,1956799
1086,1598099
1087,1505701
1088,1239200
1089,1067900
1090,2576299
1091,3471700
1092,1688600
1093,1567100
1094,1819100
1095,1721399
1096,1837000
1097,1832500
1098,1676201
1099,1648500
1100,1561700
1101,1507901
1102,1389401
1103,3349000
1104,2012700
1105,1254100
1106,1341200
1107,1583001
1108,2383300
1109,2364801
1110,2438999
1111,1530600
1112,1471400
1113,1140800
1114,1793100
1115,4837501
1116,1351199
1117,1784201
1118,1713300
1119,1652499
1120,2104201
1121,2759999
1122,2047300
1123,1758701
1124,1774800
1125,1725700
1126,1672601
1127,1254999
1128,3711699
1129,2129500
1130,2132901
1131,1918800
1132,1684100
1133,2349499
1134,1891000
1135,1899400
1136,1798400
1137,1874600
1138,1463300
1139,1314300
1140,1210900
1141,1848501
1142,3863100
1143,1278799
1144,1468799
1145,2762700
1146,1951699
1147,2235500
1148,2343400
1149,1720201
1150,1560400
1151,1234900
1152,1345101
1153,1215200
1154,1219100
1155,2386599
1156,3519101
1157,1793300
1158,2444900
1159,1544899
1160,2082700
1161,2079200
1162,2293500
1163,1531301
1164,1652801
1165,1325600
1166,1272401
1167,1291001
1168,2022400
1169,3393100
1170,1398300
1171,1823000
1172,1948299
1173,1740200
1174,1998200
1175,1822501
1176,1853301
1177,2183401
1178,1483400
1179,1351101
1180,1227000
1181,1538600
1182,1351800
1183,1557399
1184,1357400
1185,1337501
1186,3660100
1187,2070700
1188,1222700
1189,1699400
1190,1994900
1191,1855600
1192,1946800
1193,1640500
1194,2408500
1195,2611000
1196,2620900
1197,1666699
1198,1591300
1199,1182100
1200,3146000
1201,3425399
1202,1361700
1203,1735900
1204,1751700
1205,2449101
1206,2324401
1207,2356100
1208,1844100
1209,1848099
1210,1152399
1211,1359400
1212,1166301
1213,2967000
1214,2591900
1215,1754399
1216,1596901
1217,1346500
1218,2306899
1219,2440200
1220,2302700
1221,2564300
1222,1480500
1223,1212400
1224,1116700
1225,1950699
1226,3895901
1227,1349300
1228,1545000
1229,1429101
1230,1507599
1231,1906800
1232,2016499
1233,2007000
1234,1615899
1235,1223099
1236,1645300
1237,1566900
1238,1188700
1239,1095700
1240,2239300
1241,3727999
1242,1332299
1243,2134700
1244,1749099
1245,1976000
1246,2116401
1247,2459800
1248,1976800
1249,1509299
1250,1626399
1251,1483000
1252,1361601
1253,1767800
1254,4384100
1255,1532400
1256,1500699
1257,1335600
1258,1482300
1259,1290200
1260,1838500
1261,2576599
1262,2065000
1263,1894600
1264,1803299
1265,1541901
1266,1336000
1267,1097700
1268,1156000
1269,1410900
1270,1100600
1271,1290900
1272,1250101
1273,4894100
1274,1841599
1275,2208700
1276,1428300
1277,1838901
1278,2017500
1279,1693000
1280,2319100
1281,2072700
1282,1406700
1283,1869999
1284,1767500
1285,1314201
1286,1078901
1287,4925399
1288,1474001
1289,2169199
1290,1607901
1291,2129800
1292,2273000
1293,2042099
1294,1685900
1295,1528099
1296,1222601
1297,1036200
1298,1145000
1299,4125500
1300,2051400
1301,1320899
1302,1222900
1303,2263499
1304,1851800
1305,2024300
1306,1750301
1307,2324599
1308,1530100
1309,1543200
1310,1461600
1311,1925600
1312,3371001
1313,1923000
1314,1946001
1315,1863500
1316,2208499
1317,2403500
1318,2013800
1319,2335599
1320,1793300
1321,1675500
1322,1376901
1323,1356900
1324,3503500
1325,2357400
1326,1612100
1327,1492399
1328,1891700
1329,2417600
1330,1733700
1331,2246500
1332,2515400
1333,2436200
1334,1319001
1335,1228999
1336,1190400
1337,1611299
1338,1236000
1339,1415899
1340,4025300
1341,1702400
1342,1841700
1343,2276800
1344,2378400
1345,1725000
1346,1959600
1347,1480301
1348,1373501
1349,1146001
1350,1232400
1351,1560500
1352,3080001
1353,2016401
1354,1661101
1355,1886899
1356,1645800
1357,2190600
1358,2162000
1359,1582099
1360,1516400
1361,1957900
1362,1452300
1363,1219500
1364,2033299
1365,3847500
1366,1560800
1367,1995699
1368,2091801
1369,2398600
1370,2627899
1371,2320700
1372,2139500
1373,2005000
1374,1554900
1375,1442901
1376,1180100
1377,5370000
1378,2039900
1379,1841399
1380,2248100
1381,2687501
1382,2250199
1383,2237200
1384,2026200
1385,1754200
1386,1507000
1387,1463900
1388,1499701
1389,3228900
1390,1456000
1391,1654100
1392,1724499
1393,2018100
1394,1818400
1395,1798900
1396,1835000
1397,1535800
1398,1257200
1399,1392800
1400,1259200
1401,1360800
1402,1331399
1403,1267000
1404,1292601
1405,1104200
1406,1209800
1407,4464899
1408,1612100
1409,1673300
1410,1676799
1411,1804100
1412,1941201
1413,2359999
1414,1854900
1415,1394600
1416,1427200
1417,1458799
1418,1335001
1419,1432501
1420,1308300
1421,1725700
1422,3421700
1423,1671399
1424,1661000
1425,1636400
1426,1459399
1427,2069600
1428,1698800
1429,2420300
1430,1824199
1431,1512700
1432,1164500
1433,2838401
1434,2992200
1435,1553600
1436,1999901
1437,2556700
1438,2750901
1439,1885700
1440,1718700
1441,1541299
1442,1831400
1443,1754701
1444,2561299
1445,1214101
1446,1270800
1447,2051801
1448,1822300
1449,2299500
1450,1634400
1451,1594400
1452,1383500
1453,8766900
1454,3291400
1455,2390700
1456,2485100
1457,1828001
1458,1574999
1459,1352500
1460,1592200
1461,3129300
1462,2886001
1463,1564100
1464,1779700
1465,1589600
1466,1533699
1467,2785901
1468,2494500
1469,2383601
1470,1570101
1471,1587000
1472,1685799
1473,1531700
1474,1727200
1475,3307400
1476,2066401
1477,1421100
1478,1470701
1479,1741200
1480,1477401
1481,2378400
1482,2634700
1483,2466700
1484,2688100
1485,1950900
1486,1655199
1487,1563600
1488,1661999
1489,1792601
1490,5503600
1491,2221200
1492,2476401
1493,2377300
1494,2794899
1495,2726601
1496,1480500
1497,2227600
1498,1963600
1499,4197499
1500,2740699
1501,1407899
1502,1821301
1503,1819100
1504,2260900
1505,1929900
1506,2089601
1507,1664400
1508,1857899
1509,20508899
1510,2899800
1511,2711300
1512,2488800
1513,2688100
1514,1596600
1515,1486400
1516,1358400
1517,1620501
1518,1478399
1519,4038801
1520,2891500
1521,1364300
1522,2266800
1523,2878100
1524,3120300
1525,2348400
1526,3095800
1527,2259801
1528,1331300
1529,1302200
1530,1552801
1531,4585499
1532,1294100
1533,1571701
1534,1667400
1535,1914500
1536,1774701
1537,2060800
1538,2151700
1539,1834000
1540,1659800
1541,1461701
1542,1423500
1543,1338300
1544,1162300
1545,1052799
1546,1851600
1547,2675399
1548,1131900
1549,1649400
1550,1761301
1551,2084299
1552,1709201
1553,1698600
1554,2010399
1555,1692700
1556,1502500
1557,1574300
1558,1594001
1559,1632099
1560,3592400
1561,1530799
1562,1434900
1563,1761600
1564,1481700
1565,1910300
1566,2227300
1567,2115000
1568,1845800
1569,1398400
1570,1284799
1571,1056501
1572,1708899
1573,3069300
1574,1345500
1575,1679600
1576,1549700
1577,1489100
1578,2213900
1579,1849100
1580,2185600
1581,1651499
1582,1648800
1583,1365099
1584,1146401
1585,1127799
1586,3547200
1587,2660301
1588,1886299
1589,1508600
1590,1823300
1591,2407700
1592,1997100
1593,2196500
1594,1977800
1595,1421000
1596,1163400
1597,1085000
1598,1214900
1599,1463601
1600,1305300
1601,1160200
1602,1077999
1603,3273299
1604,1297800
1605,1060600
1606,1869500
1607,1914700
1608,1396800
1609,1971200
1610,2200900
1611,1755399
1612,1557700
1613,1326800
1614,1404701
1615,1172800
1616,1308099
1617,1088099
1618,977600
1619,3579800
1620,2764000
1621,1551900
1622,1701999
1623,1662701
1624,2001500
1625,2500399
1626,2275200
1627,1811400
1628,1487200
1629,1373500
1630,1545401
1631,1162800
1632,1305300
1633,1178599
1634,3068400
1635,2174801
1636,1133100
1637,1481101
1638,1428800
1639,1603100
1640,2223700
1641,2332199
1642,1972300
1643,1442601
1644,1712200
1645,1327201
1646,1131000
1647,1147400
1648,4370299
1649,1650399
1650,1539499
1651,1694100
1652,1629501
1653,2018499
1654,2317901
1655,1787500
1656,1719301
1657,1441200
1658,1382800
1659,1683200
1660,3592100
1661,2624900
1662,1738500
1663,1370200
1664,1689600
1665,2346300
1666,1963300
1667,1801199
1668,1538601
1669,1408699
1670,1578400
1671,1258901
1672,1352101
1673,1193000
1674,2938700
1675,3019800
1676,1785099
1677,1666699
1678,1620001
1679,2057600
1680,2068700
1681,1880200
1682,1531400
1683,1571000
1684,1267700
1685,1269800
1686,1627000
1687,3184499
1688,1746799
1689,1416201
1690,1333399
1691,1430800
1692,1613600
1693,2091501
1694,1744199
1695,1958500
1696,1672300
1697,1915200
1698,1549800
1699,1131700
1700,1179600
1701,3831200
1702,1810400
1703,1709500
1704,1801200
1705,1852000
1706,2811000
1707,1828500
1708,1852201
1709,1853400
1710,1820800
1711,1655900
1712,1418500
1713,2665900
1714,3718401
1715,2585199
1716,1670599
1717,1710500
1718,2983500
1719,2351700
1720,2281700
1721,1949201
1722,1725801
1723,2122101
1724,1519500
1725,3868300
1726,2593001
1727,1743800
1728,1505701
1729,1570700
1730,1686900
1731,1779200
1732,1446600
1733,2251500
1734,2122101
1735,1827300
1736,1636701
1737,1617600
1738,2345400
1739,3716799
1740,1307600
1741,1400000
1742,1928199
1743,1836699
1744,1948501
1745,2061100
1746,1617400
1747,1810000
1748,1294401
1749,1103101
1750,2212200
1751,3184300
1752,1351200
1753,1718299
1754,2152000
1755,1361200
1756,1656600
1757,2372500
1758,2034900
1759,1666101
1760,1710101
1761,1397400
1762,1213701
1763,2880100
1764,4315400
1765,2435700
1766,1944200
1767,1791401
1768,2110200
1769,2174500
1770,2698501
1771,1821799
1772,1877299
1773,1763101
1774,1890300
1775,1879300
1776,2801400
1777,2331700
1778,1908201
1779,2368499
1780,1881900
1781,1490100
1782,1796100
1783,2071201
1784,2368900
1785,1504200
1786,1371300
1787,1474301
1788,1140100
1789,1283899
1790,1210600
1791,4520599
1792,2419801
1793,1599299
1794,1587099
1795,2057101
1796,2019100
1797,2081300
1798,1842501
1799,1294300
1800,1701399
1801,1360500
1802,1066100
1803,2718200
1804,3505000
1805,1420900
1806,1441000
1807,1496999
1808,1131201
1809,1985500
1810,1902700
1811,1923300
1812,1923601
1813,1579201
1814,1314200
1815,1050701
1816,1798999
1817,1499699
1818,1265300
1819,1098000
1820,1732100
1821,4242600
1822,1281401
1823,1439900
1824,1431700
1825,1881900
1826,1828600
1827,2637600
1828,2067701
1829,2251900
1830,1690900
1831,1374500
1832,1775801
1833,3976700
1834,1533800
1835,2042000
1836,1846900
1837,2417700
1838,1984100
1839,2630600
1840,1893400
1841,1606600
1842,1296101
1843,1341200
1844,1152800
1845,3467500
1846,3042800
1847,1625500
1848,1605600
1849,1529299
1850,2659400
1851,2471600
1852,2044601
1853,1616600
1854,1651400
1855,1319400
1856,1257900
1857,1223500
1858,3945701
1859,2225699
1860,1863800
1861,1627500
1862,1636401
1863,1988401
1864,2046400
1865,1876500
1866,1646400
1867,1516200
1868,1305300
1869,1248100
1870,1328000
1871,1365701
1872,1295100
1873,1233401
1874,1694500
1875,3403201
1876,1925501
1877,1780999
1878,1420299
1879,1745900
1880,1922100
1881,2328601
1882,1989900
1883,1571600
1884,1475101
1885,1305399
1886,1381299
1887,1140800
1888,3486501
1889,2907999
1890,1912700
1891,1861999
1892,1757101
1893,2318400
1894,2325500
1895,2046300
1896,1768400
1897,1668699
1898,1768700
1899,1319899
1900,1189200
1901,2755101
1902,1456399
1903,1735400
1904,1842101
1905,1380301
1906,1990100
1907,1640500
1908,1757900
1909,1592601
1910,1481300
1911,1627201
1912,1879701
1913,1756500
1914,1506699
1915,4205000
1916,1993000
1917,1663700
1918,1603900
1919,2107801
1920,2062601
1921,2627900
1922,2211700
1923,1960699
1924,1252800
1925,1444199
1926,1133600
1927,4287300
1928,2178200
1929,1839100
1930,1968401
1931,1839499
1932,2584800
1933,2450800
1934,2161900
1935,1769799
1936,1904100
1937,1520400
1938,1215100
1939,3220700
1940,3187701
1941,1691300
1942,1514700
1943,1718500
1944,2526200
1945,1497100
1946,2187500
1947,2052901
1948,1988100
1949,1701600
1950,2236299
1951,1577600
1952,1316000
1953,1292500
1954,5798600
1955,1693500
1956,1653900
1957,1582700
1958,1717999
1959,2125800
1960,2435400
1961,2209000
1962,1861899
1963,1722999
1964,1508201
1965,1322299
1966,2807200
1967,2108900
1968,1550200
1969,1393900
1970,1903700
1971,2200001
1972,1771399
1973,1931000
1974,2144200
1975,1577601
1976,1516300
1977,1569000
1978,1189900
1979,2383100
1980,3633901
1981,1896300
1982,1874600
1983,1935401
1984,2041601
1985,1914700
1986,2418601
1987,2142300
1988,1548400
1989,1696600
1990,1561100
1991,1446000
1992,3914400
1993,2826301
1994,1608299
1995,2257200
1996,2158500
1997,2245899
1998,1819601
1999,1954200
2000,1641800
2001,1618600
2002,1646400
2003,1990000
2004,1924900
2005,4557300
2006,2309801
2007,2222600
2008,2958001
2009,3356999
2010,2833200
2011,1808700
2012,1460700
2013,1824100
2014,1541401
2015,1409400
2016,1181499
2017,1556600
2018,3509500
2019,2342300
2020,1850800
2021,2421400
2022,2211899
2023,3085100
2024,2138799
2025,1883500
2026,2110701
2027,1519100
2028,1293200
2029,1517499
2030,1756300
2031,1620300
2032,1273999
2033,1199599
2034,3760501
2035,2874699
2036,1375401
2037,1606201
2038,2042599
2039,1950400
2040,2151500
2041,2223799
2042,1926300
2043,1567800
2044,1856400
2045,1351101
2046,1371000
2047,1188000
2048,1673700
2049,3177900
2050,1573299
2051,1356700
2052,1811399
2053,1929100
2054,2467900
2055,2543600
2056,1873500
2057,2020400
2058,1295399
2059,1452899
2060,1158200
2061,3543600
2062,2324799
2063,2139000
2064,1603700
2065,2136300
2066,2080100
2067,2179800
2068,2035201
2069,1965100
2070,1334000
2071,1164500
2072,1925100
2073,1339000
2074,1741000
2075,1312000
2076,5879299
2077,1772300
2078,1911499
2079,2094300
2080,1880700
2081,1582300
2082,2305699
2083,3108301
2084,2332300
2085,2098300
2086,1829400
2087,2420300
2088,1625999
2089,1446500
2090,1358900
2091,4431300
2092,2080301
2093,1787201
2094,2449200
2095,2047800
2096,2041500
2097,2090200
2098,1808200
2099,1488100
2100,1690100
2101,1459600
2102,1307300
2103,2864000
2104,2913701
2105,1455300
2106,1486800
2107,1507100
2108,2369401
2109,2232199
2110,2203800
2111,2012299
2112,2207700
2113,2109900
2114,1896500
2115,1953500
2116,3234700
2117,2013600
2118,1623900
2119,1585401
2120,1448800
2121,2053899
2122,2247900
2123,1986000
2124,1841901
2125,1763499
2126,1430000
2127,1335300
2128,1811200
2129,4438200
2130,1480800
2131,1829100
2132,1782300
2133,1862899
2134,1517400
2135,2302300
2136,2026201
2137,1741000
2138,1565100
2139,1437800
2140,1209800
2141,1340200
2142,2364800
2143,3968000
2144,1281100
2145,1898501
2146,1658200
2147,1711099
2148,1757200
2149,2028200
2150,2011200
2151,1696600
2152,1368599
2153,1663000
2154,1514300
2155,1532600
2156,1149900
2157,2446400
2158,2838400
2159,1825499
2160,1804200
2161,1380900
2162,1733300
2163,1922800
2164,1792600
2165,1958701
2166,2227200
2167,2047500
2168,1868599
2169,1214699
2170,1461500
2171,4509300
2172,1546901
2173,2257500
2174,1870401
2175,1782100
2176,2510099
2177,2230799
2178,1793700
2179,1597701
2180,1960700
2181,1470501
2182,1285501
2183,1413700
2184,3321800
2185,1460500
2186,1415900
2187,1665601
2188,1848700
2189,1905301
2190,1883900
2191,2154700
2192,1435101
2193,1726201
2194,1417199
2195,1430800
2196,1409800
2197,1557599
2198,2962500
2199,2737701
2200,1788400
2201,1801600
2202,1844499
2203,2082601
2204,2352299
2205,2483100
2206,1833800
2207,1785800
2208,1228500
2209,1284801
2210,1198100
2211,1527099
2212,3852300
2213,2075800
2214,1589400
2215,1496199
2216,1632600
2217,1822499
2218,1969899
2219,2077901
2220,1783199
2221,1432500
2222,1884900
2223,1517300
2224,1531700
2225,1273999
2226,4455100
2227,1780200
2228,1997901
2229,2124901
2230,2032799
2231,2269599
2232,2959600
2233,2238100
2234,1760900
2235,2122600
2236,2391500
2237,1360100
2238,1937599
2239,1393299
2240,1563200
2241,1153400
2242,2845100
2243,3482001
2244,1287900
2245,1536799
2246,2045200
2247,2113800
2248,1963100
2249,2041901
2250,1928600
2251,1611099
2252,1374499
2253,1363301
2254,1306601
2255,1583400
2256,1237200
2257,1421800
2258,1252801
2259,4110401
2260,2029800
2261,1584400
2262,1586899
2263,1692599
2264,1833500
2265,1940699
2266,2222801
2267,1829500
2268,1515200
2269,1868500
2270,1714300
2271,3248101
2272,1930501
2273,1909700
2274,2048900
2275,1541000
2276,1975200
2277,2461400
2278,1956400
2279,1800300
2280,1602500
2281,1557600
2282,1216900
2283,1235899
2284,2340700
2285,3950099
2286,1413299
2287,1896700
2288,1915300
2289,1663701
2290,2019000
2291,1743900
2292,2006800
2293,1730601
2294,1474801
2295,1505700
2296,1191499
2297,3725700
2298,2029300
2299,1667600
2300,1605801
2301,1737600
2302,2190499
2303,1968899
2304,2174100
2305,1732300
2306,1559300
2307,1324900
2308,1191701
2309,1625900
2310,1935800
2311,3679301
2312,2121100
2313,2125700
2314,1800800
2315,2045701
2316,2501000
2317,2044099
2318,1665300
2319,1468600
2320,1637701
2321,1203701
2322,1305700
2323,2035100
2324,3183699
2325,1607500
2326,1712999
2327,1500600
2328,1748600
2329,1824901
2330,1787200
2331,2409700
2332,2077000
2333,1553399
2334,1638700
2335,1573000
2336,1394100
2337,2681400
2338,3661101
2339,2065101
2340,1842500
2341,1635201
2342,2442201
2343,1812000
2344,2772300
2345,1881300
2346,1348400
2347,1401400
2348,1240000
2349,1118400
2350,1855600
2351,4925299
2352,1373500
2353,1743100
2354,1944799
2355,1955500
2356,2052600
2357,2187501
2358,2046101
2359,1405300
2360,1595400
2361,1416800
2362,1336000
2363,1178800
2364,1285500
2365,4300901
2366,1630000
2367,1689399
2368,2051100
2369,1610000
2370,2118299
2371,1952300
2372,2150000
2373,2084999
2374,1557600
2375,1698400
2376,1337501
2377,4165700
2378,1778001
2379,1779800
2380,1597899
2381,2185200
2382,2330700
2383,2173399
2384,1802500
2385,1942300
2386,1443599
2387,1248900
2388,1397900
2389,1285100
2390,1315600
2391,1166700
2392,3509699
2393,1477201
2394,1643000
2395,1601499
2396,1844899
2397,2280700
2398,1765899
2399,1873401
2400,1756700
2401,1346099
2402,1394800
2403,1519100
2404,1692600
2405,4730000
2406,1750500
2407,1953399
2408,1831101
2409,1437400
2410,2889300
2411,2281301
2412,1959301
2413,1673001
2414,1663800
2415,1571301
2416,1615300
2417,1670000
2418,3791300
2419,3031000
2420,1545400
2421,1951400
2422,1680200
2423,1895100
2424,1998901
2425,2449700
2426,1858300
2427,1355500
2428,1302100
2429,1228001
2430,2099399
2431,3100900
2432,1802400
2433,1629799
2434,1624300
2435,1371399
2436,1835899
2437,2466100
2438,1625400
2439,2135600
2440,1937300
2441,1568300
2442,1792199
2443,1453100
2444,4505500
2445,1609900
2446,2288699
2447,1715901
2448,1899501
2449,2204901
2450,2300499
2451,2043901
2452,2258900
2453,2635301
2454,1706500
2455,1428700
2456,1494000
2457,1150699
2458,3578900
2459,2492800
2460,1588200
2461,1850500
2462,1704200
2463,2382200
2464,2251000
2465,1827400
2466,1450600
2467,1328800
2468,1106900
2469,1116099
2470,1441400
2471,1256000
2472,1173300
2473,1189799
2474,1182400
2475,1474400
2476,3751100
2477,1754501
2478,1191100
2479,1551901
2480,1923699
2481,1941800
2482,2026300
2483,2202200
2484,1966701
2485,1557001
2486,1327300
2487,1597800
2488,1293701
2489,3253999
2490,3287501
2491,1208100
2492,1743300
2493,2097100
2494,1616400
2495,2521400
2496,1974100
2497,2037201
2498,1387200
2499,1748200
2500,1637800
2501,1923500
2502,4206601
2503,2334001
2504,1782901
2505,1900900
2506,2911400
2507,1981300
2508,2011600
2509,1592500
2510,1823000
2511,1186800
2512,1480100
2513,1273200
2514,3267899
2515,2548800
2516,1337600
2517,1565200
2518,1996301
2519,2397500
2520,1840700
2521,1621301
2522,2040900
2523,2554800
2524,1774400
2525,1923100
2526,2087899
2527,1190699
2528,1227701
2529,1959600
2530,3601901
2531,1282099
2532,1657500
2533,1901601
2534,1639300
2535,2292400
2536,2200100
2537,2342100
2538,1869900
2539,1725100
2540,1774700
2541,1325000
2542,1462200
2543,1252400
2544,1732700
2545,3953500
2546,1687200
2547,1517100
2548,1662100
2549,1984000
2550,2666800
2551,2511100
2552,1780300
2553,2035300
2554,1233100
2555,1495600
2556,1106100
2557,5240400
2558,1635200
2559,1817700
2560,2068600
2561,1977000
2562,2157900
2563,1869100
2564,1788200
2565,1750100
2566,1385200
2567,1264900
2568,1585700
2569,1241500
2570,1133700
2571,1405500
2572,1324800
2573,1362000
2574,1302200
2575,1269500
2576,1287200
2577,994600
2578,4882100
2579,2005000
2580,1932600
2581,1759900
2582,1695500
2583,2468800
2584,2233700
2585,1958800
2586,1498900
2587,1418300
2588,1142600
2589,1447300
2590,1895900
2591,4029000
2592,1284400
2593,1500400
2594,1557800
2595,1909800
2596,5832200
2597,2317500
2598,1714900
2599,1343400
2600,1556800
2601,1315800
2602,2707200
2603,3519300
2604,1287900
2605,1937900
2606,1726800
2607,1632100
2608,1743300
2609,2609900
2610,2583100
2611,1639800
2612,1604700
2613,1562500
2614,1852500
2615,1463000
2616,2082600
2617,1844100
2618,3870600
2619,2042600
2620,1649000
2621,1501400
2622,1648100
2623,1884200
2624,2078100
2625,2540100
2626,1865600
2627,1309100
2628,1352100
2629,1060200
2630,1214200
2631,1205200
2632,3419500
2633,2736100
2634,1108700
2635,1701800
2636,1414400
2637,2196300
2638,2100200
2639,1793300
2640,1921000
2641,1546400
2642,1710000
2643,1197400
2644,1196500
2645,1754300
2646,3264800
2647,1620900
2648,1351500
2649,1350900
2650,1381800
2651,1551300
2652,1500500
2653,2390500
2654,2112400
2655,1736800
2656,1510900
2657,1774200
2658,1302500
2659,4078600
2660,2056600
2661,1601900
2662,2329800
2663,1759700
2664,2303600
2665,1427800
2666,1645600
2667,1858400
2668,1443900
2669,1363900
2670,1111300
2671,3327300
2672,2348900
2673,1227100
2674,1334800
2675,1547600
2676,1424700
2677,1488300
2678,2184400
2679,2156700
2680,1733000
2681,1413700
2682,1407300
2683,1277200
2684,1503800
2685,2119900
2686,4341000
2687,1670600
2688,1609400
2689,1426100
2690,1919600
2691,2034400
2692,1865900
2693,1692400
2694,1457200
2695,1317900
2696,1187000
2697,1079600
2698,1173100
2699,1063500
2700,1274600
2701,1375200
2702,1517000
2703,1253800
2704,1017700
2705,1456300
2706,3470800
2707,1734900
2708,1031700
2709,1671900
2710,1616000
2711,1403600
2712,1843000
2713,2242000
2714,1651600
2715,1565400
2716,1757400
2717,1205000
2718,1566900
2719,1065300
2720,1888600
2721,4071000
2722,1646200
2723,1686400
2724,1763700
2725,1648400
2726,1995800
2727,2031400
2728,2238100
2729,1800100
2730,1252500
2731,1392400
2732,1318300
2733,5068300
2734,1331400
2735,1908400
2736,1561000
2737,1427200
2738,1780300
2739,1786200
2740,2468000
2741,2041500
2742,1546800
2743,1446400
2744,1196500
2745,1385300
2746,1212100
2747,3714500
2748,1150200
2749,1727500
2750,1551100
2751,2337100
2752,2613600
2753,1633600
2754,1942900
2755,1908800
2756,1603500
2757,1410700
2758,1299100
2759,1328200
2760,1811000
2761,4280800
2762,1688600
2763,1540900
2764,1582300
2765,2079300
2766,2034600
2767,2316000
2768,1936900
2769,1495800
2770,1432700
2771,1074800
2772,1854800
2773,4717700
2774,1673900
2775,2178000
2776,1677100
2777,2006700
2778,2449700
2779,1948500
2780,1418600
2781,1506900
2782,1311500
2783,1102700
2784,1096600
2785,1208800
2786,1419100
2787,3320400
2788,2297700
2789,1448200
2790,1247100
2791,1740000
2792,2040600
2793,1922900
2794,1988300
2795,1999200
2796,2271500
2797,1594900
2798,1191400
2799,1303100
2800,1353200
2801,2818800
2802,2469800
2803,1346200
2804,1549200
2805,1581000
2806,1583900
2807,2415800
2808,1909500
2809,2001400
2810,2030700
2811,1785500
2812,2315300
2813,1577800
2814,2456500
2815,3781000
2816,1513100
2817,1802000
2818,1900000
2819,2323400
2820,2382700
2821,2306600
2822,1879300
2823,2033400
2824,1539900
2825,1782100
2826,1231100
2827,1199500
2828,5443800
2829,1613700
2830,1587700
2831,2137000
2832,1575000
2833,2209600
2834,1981300
2835,1699200
2836,1516000
2837,1567900
2838,1481500
2839,1569700
2840,4294300
2841,1814000
2842,1918900
2843,1318300
2844,1363900
2845,1839700
2846,2356400
2847,2481300
2848,2084700
2849,1477200
2850,1895500
2851,3001600
2852,3396900
2853,2521100
2854,1522000
2855,1964900
2856,1791800
2857,1977800
2858,1793800
2859,1618400
2860,1946500
2861,1556700
2862,1196300
2863,1340500
2864,1276200
2865,2166600
2866,2643200
2867,1796300
2868,1776400
2869,1781200
2870,2860300
2871,2208000
2872,1810600
2873,1429100
2874,1625800
2875,1770400
2876,1301000
2877,1532500
2878,3244200
2879,1688100
2880,1338400
2881,1674600
2882,1637100
2883,1745400
2884,1841000
2885,1853000
2886,1535400
2887,1596600
2888,1629000
2889,1713300
2890,1280700
2891,2409200
2892,3587600
2893,1855900
2894,1409500
2895,1553600
2896,2103600
2897,2108100
2898,2079700
2899,1591400
2900,1496100
2901,1404000
2902,1103600
2903,1340100
2904,3068700
2905,2195300
2906,1194700
2907,1385700
2908,1723900
2909,1520800
2910,1937000
2911,1613400
2912,2693400
2913,1936400
2914,1342900
2915,1404500
2916,1088800
2917,1312400
2918,1256500
2919,1189200
2920,1097700
2921,3026800
2922,2876200
2923,1445100
2924,2109600
2925,1700000
2926,1605700
2927,1713500
2928,1843200
2929,2539000
2930,1879100
2931,1662500
2932,1417500
2933,1265700
2934,1051200
2935,1069300
2936,1930400
2937,4330100
2938,1535700
2939,1633100
2940,1740300
2941,1771400
2942,1822100
2943,1986900
2944,1914500
2945,1435900
2946,1676700
2947,1214100
2948,1262700
2949,1078100
2950,4975000
2951,1736700
2952,1153800
2953,1779300
2954,1698000
2955,1257000
2956,2267300
2957,1951200
2958,1801000
2959,1717700
2960,1384000
2961,1759800
2962,1472900
2963,3448400
2964,1558600
2965,1186900
2966,1793600
2967,1616600
2968,1719800
2969,1861700
2970,1854700
2971,1984800
2972,2233900
2973,1836800
2974,1345400
2975,1234700
2976,2254200
2977,4277400
2978,1216000
2979,1813900
2980,1697600
2981,1473900
2982,2598200
2983,2235700
2984,1948700
2985,1768800
2986,1403600
2987,1245200
2988,1251100
2989,3626800
2990,2658200
2991,1515600
2992,1441600
2993,2667800
2994,1648500
2995,2298600
2996,1539400
2997,2099600
2998,1328300
2999,1064500
3000,1027100
3001,2464800
3002,3541400
3003,1895400
3004,1716100
3005,1500000
3006,2072600
3007,1767100
3008,1858200
3009,1644500
3010,1261300
3011,1643400
3012,1592700
3013,1192100
3014,1080800
3015,1561200
3016,4298300
3017,1502500
3018,1559400
3019,1399100
3020,1866600
3021,2129800
3022,2348000
3023,1995400
3024,1723800
3025,1328000
3026,1473700
3027,1230900
3028,1272500
3029,1167800
3030,3773500
3031,2565500
3032,1510000
3033,1318800
3034,1681000
3035,2007000
3036,2244600
3037,2010100
3038,2404800
3039,1519200
3040,1915100
3041,1404800
3042,1184600
3043,1104000
3044,4677400
3045,1298300
3046,1651900
3047,1718800
3048,1355300
3049,1957000
3050,1636800
3051,1870500
3052,1380100
3053,1354400
3054,1496800
3055,1564800
3056,1457400
3057,3650400
3058,2524700
3059,1580200
3060,2001300
3061,2035600
3062,2538900
3063,1868800
3064,1704900
3065,1458500
3066,1383100
3067,1243600
3068,1078100
3069,3032000
3070,2766800
3071,1674600
3072,1317200
3073,2046300
3074,1893800
3075,2227800
3076,2033300
3077,1703500
3078,1516200
3079,1450100
3080,1289800
3081,1283400
3082,3384600
3083,2540400
3084,1974600
3085,1450300
3086,1479000
3087,2114600
3088,1972500
3089,2219100
3090,1433000
3091,1802000
3092,1569500
3093,1380600
3094,1462400
3095,1466700
3096,1294000
3097,3933000
3098,1375100
3099,1749900
3100,1406200
3101,1446100
3102,2060900
3103,2579300
3104,1996300
3105,1626200
3106,1528800
3107,1432200
3108,1643200
3109,1284100
3110,1455000
3111,1125700
3112,3422000
3113,2907300
3114,1775100
3115,1402200
3116,1491800
3117,1758000
3118,1628100
3119,2272300
3120,1856000
3121,2042400
3122,1540400
3123,1424100
3124,1192900
3125,2209500
3126,3050000
3127,1825800
3128,1501900
3129,1352500
3130,2302700
3131,2078400
3132,2129300
3133,1830900
3134,1676600
3135,1162900
3136,1163200
3137,1086800
3138,1321300
3139,1196600
3140,1314000
3141,1243900
3142,1011500
3143,3439200
3144,2898200
3145,1165400
3146,1555300
3147,2097800
3148,1650600
3149,2153600
3150,2117100
3151,2066300
3152,1477200
3153,1847000
3154,1382000
3155,4110100
3156,2010100
3157,1757200
3158,1736000
3159,2279700
3160,2179900
3161,1803300
3162,1814800
3163,1424300
3164,1340700
3165,1121400
3166,3554400
3167,2766400
3168,1727100
3169,1864100
3170,2108200
3171,2346700
3172,1771000
3173,1848000
3174,1449800
3175,1593000
3176,1480100
3177,1414700
3178,1157200
3179,1027800
3180,2893100
3181,2973900
3182,1187800
3183,1611900
3184,1943400
3185,1893500
3186,2743700
3187,2394800
3188,1927700
3189,2169700
3190,1432400
3191,1325700
3192,1731100
3193,1666400
3194,1626000
3195,1265300
3196,4083100
3197,3399300
3198,1813900
3199,1596600
3200,2082700
3201,1752200
3202,2276200
3203,2719100
3204,1574200
3205,1527300
3206,1110400
3207,1235300
3208,1095500
3209,3747600
3210,2537000
3211,1193900
3212,1473200
3213,1748000
3214,1793900
3215,2015000
3216,2115600
3217,1958200
3218,1977500
3219,2003000
3220,1406200
3221,1536200
3222,1335500
3223,3349600
3224,1838300
3225,1292300
3226,1339000
3227,1393600
3228,1696600
3229,2079000
3230,1443900
3231,1774000
3232,1863800
3233,1903600
3234,1319900
3235,1404500
3236,1500200
3237,1320900
3238,2241300
3239,2838900
3240,1871200
3241,1806000
3242,1338400
3243,1950600
3244,1722600
3245,1576400
3246,2106500
3247,1561600
3248,1391200
3249,1021600
3250,916500
3251,2976100
3252,3222000
3253,1468000
3254,1537500
3255,1598900
3256,2826900
3257,2901900
3258,1655400
3259,2003000
3260,1464800
3261,1720300
3262,1246200
3263,1131900
3264,2987200
3265,3643000
3266,1321300
3267,1600700
3268,1948000
3269,1813500
3270,2549800
3271,2650000
3272,1980200
3273,2193300
3274,1870800
3275,1455300
3276,1293700
3277,1651400
3278,1453100
3279,3658000
3280,1794600
3281,1213900
3282,1628700
3283,1621600
3284,1673500
3285,2002000
3286,2549100
3287,1719500
3288,1396400
3289,1383400
3290,1565000
3291,1314200
3292,1430900
3293,2731600
3294,1540900
3295,1891200
3296,1438600
3297,1435800
3298,2077400
3299,1594400
3300,2718400
3301,1500500
3302,1565400
3303,1226400
3304,1140600
3305,975700
3306,2860500
3307,3445100
3308,1582300
3309,1509400
3310,1859100
3311,1938000
3312,1813400
3313,1775500
3314,1699400
3315,1954700
3316,1583900
3317,1403400
3318,1476700
3319,1072600
3320,2657200
3321,3609600
3322,1598700
3323,1527300
3324,1576900
3325,1459000
3326,1979600
3327,1740800
3328,1892400
3329,1676800
3330,1465100
3331,1421100
3332,1115400
3333,1176400
3334,1485500
3335,3807600
3336,1505600
3337,1662700
3338,1764700
3339,1364300
3340,1904000
3341,2216300
3342,1814200
3343,1581300
3344,1280900
3345,1422200
3346,1793000
3347,1288800
3348,4761100
3349,1360800
3350,1404200
3351,1974400
3352,1602800
3353,2397000
3354,2092500
3355,2321300
3356,1433100
3357,1420300
3358,1083400
3359,968600
3360,988800
3361,941600
3362,1137700
3363,1356900
3364,1619000
3365,1381400
3366,1493400
3367,4660100
3368,1334300
3369,1979700
3370,1632400
3371,1931200
3372,1806900
3373,2700100
3374,1732600
3375,1728500
3376,1681400
3377,1456300
3378,1631200
3379,1131500
3380,5776800
3381,1206500
3382,1569600
3383,1576200
3384,1519700
3385,2145100
3386,2543900
3387,1904800
3388,1616900
3389,1372200
3390,1109700
3391,1366600
3392,1184300
3393,3581100
3394,1603800
3395,1291800
3396,1824100
3397,1569300
3398,1815600
3399,2421700
3400,1816600
3401,1787100
3402,1348100
3403,1326300
3404,1158700
3405,1153400
3406,3750700
3407,2728400
3408,1734900
3409,1572000
3410,1853700
3411,1877600
3412,2213200
3413,1811800
3414,2123100
3415,1478200
3416,1697200
3417,1183800
3418,1057800
3419,2095100
3420,4192700
3421,1598300
3422,1629800
3423,1628500
3424,2180700
3425,2195500
3426,1908200
3427,1420200
3428,1645600
3429,1352700
3430,1569300
3431,1243000
3432,1224400
3433,2963000
3434,3140400
3435,1497600
3436,1683200
3437,1709000
3438,1527000
3439,1952900
3440,2168600
3441,1919200
3442,1717200
3443,1444500
3444,1395100
3445,1293700
3446,1398200
3447,1331500
3448,1288900
3449,3658400
3450,1828900
3451,1660000
3452,1415100
3453,1467000
3454,2225000
3455,1760600
3456,1555000
3457,1533300
3458,1417200
3459,1672700
3460,1230200
3461,1115300
3462,3027900
3463,2706500
3464,1212600
3465,1113900
3466,1045500
3467,1010900
3468,1418200
3469,1272100
3470,1538200
3471,1991400
3472,1781700
3473,2453900
3474,2300700
3475,2005100
3476,1611400
3477,1548100
3478,1177600
3479,1071500
3480,2521700
3481,3381900
3482,1380400
3483,1906100
3484,1691800
3485,1243500
3486,1543100
3487,1447200
3488,1273200
3489,1873300
3490,1792300
3491,2114900
3492,1701500
3493,1793000
3494,3812600
3495,2434400
3496,1640000
3497,2029000
3498,2189200
3499,2665000
3500,2079600
3501,1982700
3502,1524800
3503,1693800
3504,2091800
3505,1197400
3506,2594400
3507,2987300
3508,1289500
3509,1498600
3510,1495600
3511,1524700
3512,1803500
3513,1867400
3514,2047400
3515,1543500
3516,1338500
3517,1227000
3518,1325900
3519,1015500
3520,1042600
3521,3158400
3522,2784800
3523,1497300
3524,1473100
3525,1685600
3526,1684300
3527,1784800
3528,2339200
3529,1872200
3530,1383700
3531,1730700
3532,1418500
3533,1219400
3534,1097800
3535,1279800
3536,3445700
3537,1947600
3538,1161000
3539,1756900
3540,1799500
3541,1581800
3542,1645400
3543,1902000
3544,2191100
3545,1462100
3546,1296700
3547,1586900
3548,1286300
3549,1144400
3550,2091000
3551,1557900
3552,1794000
3553,1447300
3554,1502000
3555,1934700
3556,2108100
3557,1642000
3558,1867400
3559,1442800
3560,1411800
3561,1476100
3562,1590300
3563,1309600
3564,3383300
3565,2249500
3566,1550400
3567,2080400
3568,1677200
3569,1592400
3570,1822000
3571,2368600
3572,1976500
3573,1756000
3574,1880400
3575,1444000
3576,1260300
3577,1267300
3578,1283300
3579,3723700
3580,2643500
3581,1543500
3582,2535800
3583,1885500
3584,1984900
3585,2218400
3586,2011200
3587,1940400
3588,1714000
3589,1643400
3590,1886900
3591,1610900
3592,1834600
3593,1259800
3594,1559800
3595,1031700
3596,978800
3597,3147700
3598,3769500
3599,2358000
3600,2776000
3601,1622900
3602,2110500
3603,2200100
3604,2006500
3605,1605800
3606,1303800
3607,1232500
3608,1168700
3609,1306600
3610,1782800
3611,2221400
3612,1339500
3613,1130600
3614,1480900
3615,5380000
3616,2473200
3617,2551000
3618,2165000
3619,1930900
3620,2138700
3621,2066000
3622,1577100
3623,1568700
3624,1817500
3625,1717200
3626,1299700
3627,4684100
3628,1921000
3629,1540500
3630,1866900
3631,1390900
3632,2146500
3633,2003500
3634,2166800
3635,1882800
3636,1736100
3637,1312300
3638,1357900
3639,1383400
3640,2273700
3641,3670300
3642,1335600
3643,1932000
3644,1644500
3645,1695600
3646,1832700
3647,1914300
3648,2141600
3649,1603900
3650,1815300
3651,1743400
3652,1215600
3653,1755100
3654,2670200
3655,1245300
3656,1410800
3657,1785900
3658,1932100
3659,2048400
3660,1867200
3661,2012300
3662,1444600
3663,1339700
3664,1405500
3665,1347500
3666,2510000
3667,3478800
3668,1830900
3669,1212500
3670,1568200
3671,1726200
3672,2452700
3673,1814500
3674,1879900
3675,1373100
3676,1242600
3677,993800
3678,961900
3679,1445200
3680,1252100
3681,1192100
3682,1076400
3683,1203000
3684,5335600
3685,1460900
3686,1410000
3687,1583200
3688,2368400
3689,2027500
3690,1746400
3691,1993500
3692,1829300
3693,1530700
3694,1859000
3695,1573000
3696,1351600
3697,1240100
3698,5090100
3699,2346000
3700,1801500
3701,1928500
3702,2330600
3703,2218700
3704,3603000
3705,2780200
3706,1953100
3707,1773900
3708,2312700
3709,1524300
3710,1688300
3711,1563400
3712,5503800
3713,2604100
3714,1486700
3715,2482300
3716,2650900
3717,2589500
3718,2554000
3719,2339200
3720,1933100
3721,1478400
3722,1289700
3723,1525600
3724,5039200
3725,1284800
3726,1638400
3727,1608200
3728,1973100
3729,2235700
3730,2239400
3731,2036600
3732,2191500
3733,1602500
3734,1383700
3735,1429500
3736,5375100
3737,2309600
3738,1854800
3739,1800600
3740,2747600
3741,2046700
3742,1824800
3743,1606100
3744,1824700
3745,1400400
3746,1338300
3747,1220400
3748,2376100
3749,3315900
3750,5559300
3751,1586500
3752,1556700
3753,2064200
3754,1633400
3755,1828400
3756,1432300
3757,1195800
3758,1221000
3759,1121600
3760,971400
3761,3880000
3762,2511300
3763,1655300
3764,1420100
3765,1743400
3766,1965600
3767,1967900
3768,2755700
3769,2096900
3770,1597200
3771,1404300
3772,1156200
3773,1368300
3774,3867300
3775,1471200
3776,1410100
3777,1681500
3778,1809200
3779,1753400
3780,2414900
3781,1669100
3782,1441800
3783,1301400
3784,2246900
3785,3922300
3786,1456000
3787,2058600
3788,2209200
3789,2150500
3790,1720700
3791,1375600
3792,1384500
3793,3641200
3794,2448300
3795,1727600
3796,2106000
3797,2104400
3798,1836300
3799,2514100
3800,2268800
3801,1464900
3802,1427700
3803,1649400
3804,1573000
3805,1676400
3806,2981900
3807,3307300
3808,1695000
3809,1571100
3810,2087900
3811,2452300
3812,1671100
3813,1812100
3814,1757700
3815,1649200
3816,1588600
3817,1692000
3818,1613500
3819,1537800
3820,1474900
3821,1540600
3822,3643600
3823,1958300
3824,1977000
3825,1485500
3826,2006600
3827,2327700
3828,2653900
3829,2155400
3830,1545200
3831,1618000
3832,1464300
3833,1251600
3834,2179300
3835,3633600
3836,1526000
3837,1877500
3838,1720000
3839,1647900
3840,2274400
3841,2046100
3842,2140200
3843,1906400
3844,1466500
3845,1508600
3846,1267500
3847,1290800
3848,2150900
3849,4732000
3850,1528700
3851,1481200
3852,1566600
3853,1696900
3854,2011100
3855,2227700
3856,1655200
3857,1442000
3858,1738300
3859,1305400
3860,1262900
3861,1129900
3862,1373300
3863,3934800
3864,1508800
3865,1319100
3866,1895700
3867,1865900
3868,1994200
3869,2130800
3870,2721500
3871,2160700
3872,1363300
3873,1313500
3874,1570400
3875,1114400
3876,4799700
3877,2030300
3878,1873400
3879,2042000
3880,1479700
3881,2428700
3882,1836800
3883,2435500
3884,2179200
3885,1864400
3886,2107000
3887,1302700
3888,1468400
3889,1280500
3890,2987500
3891,2632100
3892,1322600
3893,1485400
3894,1623300
3895,1402200
3896,2177800
3897,2077400
3898,2160000
3899,1566600
3900,1329400
3901,1226200
3902,1090400
3903,1034000
3904,3107400
3905,2705900
3906,1302400
3907,1619400
3908,1933700
3909,1703000
3910,2172700
3911,2089500
3912,1949800
3913,1393100
3914,1455000
3915,1399000
3916,1237600
3917,1103200
3918,2842300
3919,3215900
3920,1300800
3921,1671300
3922,1955500
3923,1820000
3924,1848900
3925,1773300
3926,2172700
3927,1999100
3928,1841000
3929,1289600
3930,1260700
3931,1375300
3932,3320100
3933,3059500
3934,1433700
3935,1646400
3936,1708800
3937,2610400
3938,1755100
3939,2643100
3940,2390100
3941,1830500
3942,1460000
3943,1514400
3944,1380100
3945,1418300
3946,3567300
3947,3000300
3948,1520300
3949,1675900
3950,1854400
3951,1382700
3952,2142000
3953,2710600
3954,2077400
3955,2000100
3956,1844100
3957,1581900
3958,2621400
3959,1780000
3960,1535400
3961,2241000
3962,5273300
3963,1703200
3964,2103200
3965,2622900
3966,1904100
3967,2546200
3968,2603000
3969,1978100
3970,2546100
3971,2063400
3972,2046100
3973,3677100
3974,2659300
3975,1850900
3976,1840600
3977,2132700
3978,1735800
3979,2450200
3980,1995300
3981,1587400
3982,1530700
3983,1394000
3984,1366400
3985,2492600
3986,3785700
3987,1913700
3988,2183700
3989,1592300
3990,2200500
3991,1717800
3992,2677700
3993,2061200
3994,2319800
3995,1517300
3996,1367000
3997,1265000
3998,3503200
3999,3513700
4000,1333300
4001,1550700
4002,1475000
4003,1894800
4004,2124600
4005,2040900
4006,1526100
4007,1733900
4008,1600800
4009,1402900
4010,1367000
4011,3880700
4012,1653100
4013,1914600
4014,2023100
4015,1574200
4016,2065700
4017,1955900
4018,2140500
4019,2072400
4020,2165500
4021,1843100
4022,1443300
4023,1314500
4024,1938700
4025,1708900
4026,1819300
4027,1558000
4028,1270900
4029,1437700
4030,4076800
4031,1560500
4032,1168600
4033,1328500
4034,2057100
4035,1488700
4036,1903100
4037,2350500
4038,2233700
4039,1945800
4040,1418700
4041,1583100
4042,1101800
4043,3330300
4044,3327400
4045,1857000
4046,1612400
4047,2373200
4048,2040900
4049,2232700
4050,1854800
4051,2040900
4052,1601400
4053,1542200
4054,1263700
4055,1602900
4056,3259300
4057,2279600
4058,2329400
4059,2134800
4060,2067300
4061,2579900
4062,1940000
4063,1488200
4064,1505100
4065,1424600
4066,1270400
4067,5116500
4068,1495400
4069,1890000
4070,1568400
4071,1542800
4072,1893700
4073,2457200
4074,1911100
4075,1453000
4076,1357500
4077,1211400
4078,1295000
4079,1803400
4080,3474900
4081,1602400
4082,1123400
4083,1677100
4084,2326600
4085,2028400
4086,2601600
4087,1951200
4088,2097500
4089,1897500
4090,1538600
4091,1352100
4092,1228500
4093,1217700
4094,1775400
4095,4215700
4096,1431500
4097,1442000
4098,2159400
4099,2162700
4100,2132400
4101,1788500
4102,2930300
4103,1733900
4104,1640200
4105,1238000
4106,1251100
4107,1352500
4108,1561600
4109,2755500
4110,1419700
4111,1768800
4112,2710200
4113,2105200
4114,1898400
4115,1895400
4116,2390300
4117,1711800
4118,1472100
4119,1612500
4120,1121200
4121,1498700
4122,4514600
4123,1552800
4124,1484300
4125,1668800
4126,1982000
4127,1749000
4128,1504900
4129,2120700
4130,1838500
4131,1786700
4132,1652800
4133,1538400
4134,3634100
4135,3607800
4136,2257300
4137,1727100
4138,2037700
4139,2408000
4140,2500000
4141,2542700
4142,1694400
4143,1813000
4144,1396100
4145,1525300
4146,2431900
4147,3972700
4148,2704800
4149,1336600
4150,1649500
4151,2141800
4152,2076200
4153,2345800
4154,2740200
4155,2275300
4156,1786900
4157,1254400
4158,1866000
4159,1681500
4160,1444600
4161,2160200
4162,4188700
4163,2188900
4164,1669500
4165,1834800
4166,2997100
4167,1861400
4168,1946100
4169,1844500
4170,2149200
4171,1430100
4172,1783800
4173,1351900
4174,1284200
4175,1597700
4176,3434000
4177,1636400
4178,1906800
4179,1753600
4180,2264800
4181,2313200
4182,2388300
4183,1748700
4184,1646700
4185,1528800
4186,1703700
4187,1557200
4188,1290200
4189,4743800
4190,1721300
4191,1470600
4192,1446800
4193,1791600
4194,2041700
4195,1631400
4196,1712600
4197,2188000
4198,2035700
4199,1468500
4200,1435400
4201,1309900
4202,3584300
4203,2457500
4204,1517000
4205,1752000
4206,1992100
4207,1958500
4208,1887600
4209,2132100
4210,2004700
4211,1693000
4212,2052600
4213,2004000
4214,5048600
4215,1481900
4216,1844100
4217,1803800
4218,1640300
4219,2027000
4220,1852700
4221,1763900
4222,1901700
4223,1884000
4224,1728100
4225,1686800
4226,1574700
4227,1621100
4228,3922000
4229,1920600
4230,1372900
4231,1427500
4232,1736100
4233,1840300
4234,2222000
4235,2083400
4236,1865500
4237,1918700
4238,1335700
4239,1058300
4240,1135000
4241,1832700
4242,1290000
4243,1284800
4244,1108400
4245,3201800
4246,3115300
4247,1505700
4248,2143600
4249,1587500
4250,1885600
4251,1574100
4252,2452000
4253,2047800
4254,1460300
4255,2071500
4256,1368400
4257,1252400
4258,1130700
4259,4245300
4260,1936600
4261,2043900
4262,2320100
4263,2545100
4264,2883500
4265,2146100
4266,2376100
4267,2421800
4268,1703800
4269,1533600
4270,1227100
4271,1186000
4272,4604100
4273,3768300
4274,1831400
4275,1457200
4276,1789700
4277,2128600
4278,1880100
4279,2231400
4280,1540500
4281,1743800
4282,1489900
4283,1304700
4284,2871200
4285,3359300
4286,1456800
4287,1873800
4288,1393400
4289,1390100
4290,2695600
4291,2614200
4292,2487900
4293,2008900
4294,1407400
4295,2070400
4296,1619200
4297,1851300
4298,1998600
4299,1923500
4300,6441100
4301,2504500
4302,2636900
4303,3138400
4304,2537700
4305,1617900
4306,2465200
4307,2171400
4308,1500900
4309,1425300
4310,1336500
4311,4098900
4312,1673700
4313,1515900
4314,1358300
4315,1505500
4316,1779700
4317,1954400
4318,2535900
4319,1830000
4320,1378900
4321,1429400
4322,1297800
4323,3722800
4324,1922500
4325,1384200
4326,1250000
4327,1493700
4328,1830300
4329,1344400
4330,2254800
4331,1733900
4332,1290600
4333,1367100
4334,1148700
4335,1031500
4336,1055700
4337,3340100
4338,2084700
4339,1426700
4340,1869500
4341,1188500
4342,1608700
4343,2105000
4344,1984500
4345,1873500
4346,1311600
4347,1527500
4348,1237800
4349,1125200
4350,1174100
4351,3188300
4352,2761300
4353,1126900
4354,1485200
4355,1663300
4356,1845300
4357,1764300
4358,1887400
4359,1543100
4360,1607600
4361,1538200
4362,2033900
4363,1242100
4364,1183900
4365,1235500
4366,3881200
4367,1682300
4368,1646300
4369,1713200
4370,1580000
4371,2039600
4372,2028700
4373,1747400
4374,1455200
4375,1303000
4376,1428400
4377,1348100
4378,1114400
4379,1204800
4380,2191400
4381,3609100
4382,1615500
4383,1474300
4384,1221300
4385,1557500
4386,1781700
4387,2456700
4388,1946200
4389,1790800
4390,1439700
4391,1395100
4392,1172800
4393,1028200
4394,1278600
4395,5399500
4396,1363800
4397,1794400
4398,1725800
4399,1708600
4400,1676200
4401,1737000
4402,1815400
4403,1434600
4404,1336400
4405,1351100
4406,1687900
4407,3421500
4408,1732700
4409,1598800
4410,1589400
4411,1341900
4412,2251900
4413,2011100
4414,1655000
4415,1698900
4416,1601300
4417,1499000
4418,1098300
4419,1309700
4420,1588000
4421,4305700
4422,1657600
4423,1590900
4424,1522300
4425,1549300
4426,1795600
4427,2570100
4428,2005900
4429,1641600
4430,1727800
4431,1308700
4432,1218800
4433,1159300
4434,1097700
4435,3641900
4436,2518000
4437,1503300
4438,1661000
4439,1432200
4440,2074400
4441,1674900
4442,1699500
4443,1646600
4444,1595300
4445,1443600
4446,1210100
4447,1122000
4448,1230900
4449,4613500
4450,1379600
4451,1636600
4452,1764400
4453,1577200
4454,1771800
4455,1988500
4456,2248100
4457,1489700
4458,1387900
4459,2078300
4460,1155500
4461,1348900
4462,1287100
4463,1404100
4464,1595500
4465,1273300
4466,2767800
4467,2458400
4468,1892800
4469,1325400
4470,1650300
4471,1931300
4472,2075100
4473,2335900
4474,1840700
4475,2017100
4476,1557700
4477,1499700
4478,1502000
4479,1302600
4480,3648100
4481,2127700
4482,1619500
4483,1750300
4484,1550300
4485,1825500
4486,1698600
4487,1780100
4488,1409300
4489,1465100
4490,1449200
4491,1363100
4492,1201400
4493,3396100
4494,3038000
4495,1724200
4496,1812800
4497,1630600
4498,1882300
4499,1806900
4500,1618600
4501,2008700
4502,1868700
4503,1492100
4504,1671300
4505,1151900
4506,1724900
4507,4382300
4508,1292300
4509,1461100
4510,1670000
4511,1948800
4512,1775200
4513,2128800
4514,1753700
4515,1846500
4516,1777000
4517,2153900
4518,1287300
4519,1005900
4520,2989100
4521,3124100
4522,1698200
4523,1392600
4524,1765400
4525,2314300
4526,1895200
4527,2028000
4528,1607700
4529,1639100
4530,1392200
4531,1267200
4532,1489400
4533,4822000
4534,1953600
4535,1664400
4536,1388700
4537,2554700
4538,2579200
4539,2038000
4540,1629900
4541,1515500
4542,1292100
4543,1049100
4544,1308500
4545,1078800
4546,3347300
4547,2862800
4548,1506200
4549,1678000
4550,1858100
4551,2377000
4552,1933300
4553,2322000
4554,1827500
4555,1533000
4556,1519100
4557,1449700
4558,1315500
4559,1147200
4560,1696900
4561,2650300
4562,1339200
4563,2034800
4564,2340500
4565,2108400
4566,2225000
4567,2093300
4568,1822800
4569,1624200
4570,1297300
4571,1390800
4572,1124200
4573,1119300
4574,992800
4575,3188500
4576,2454600
4577,2049000
4578,1872200
4579,1511600
4580,1822200
4581,1954100
4582,2733400
4583,1806800
4584,1807300
4585,1653100
4586,1498400
4587,1211200
4588,1001500
4589,2157200
4590,2988300
4591,1559000
4592,1526700
4593,2116800
4594,1678200
4595,1776200
4596,1821100
4597,1766900
4598,1316900
4599,1817300
4600,1453400
4601,1173700
4602,1055700
4603,1166300
4604,3799300
4605,1950100
4606,1556500
4607,1283400
4608,1816100
4609,1967800
4610,1767600
4611,2462700
4612,1898200
4613,1305700
4614,1532900
4615,1312100
4616,1267300
4617,3296700
4618,2421100
4619,1129200
4620,2004900
4621,1761900
4622,1382400
4623,2275600
4624,2120400
4625,1806200
4626,1614400
4627,1801800
4628,1967000
4629,1979800
4630,1632200
4631,1189300
4632,2648400
4633,2572800
4634,1138800
4635,1716300
4636,1802100
4637,1709700
4638,1798700
4639,2377600
4640,2219300
4641,1396700
4642,1346000
4643,1137300
4644,1324900
4645,1370200
4646,3086200
4647,2384500
4648,1266800
4649,1647000
4650,1613500
4651,1584100
4652,1817300
4653,1526600
4654,1652200
4655,1851200
4656,2206100
4657,1878600
4658,1513000
4659,1423100
4660,1165300
4661,4022800
4662,2138800
4663,1323900
4664,1620400
4665,1546300
4666,1538200
4667,1792100
4668,2200000
4669,1944600
4670,1399500
4671,1260300
4672,1149900
4673,1207500
4674,1606500
4675,2958000
4676,2233800
4677,1547800
4678,1665400
4679,1814400
4680,2310600
4681,2350700
4682,2079000
4683,1930500
4684,1680800
4685,1489200
4686,1529900
4687,1383500
4688,1692100
4689,1398900
4690,1693800
4691,1368000
4692,1249900
4693,4441600
4694,1637100
4695,1556100
4696,1829800
4697,1940000
4698,2005300
4699,2106500
4700,1815900
4701,1502600
4702,1476400
4703,1835200
4704,1404000
4705,1644900
4706,1432400
4707,1546900
4708,2461600
4709,1557500
4710,1740800
4711,1787000
4712,1660400
4713,1702900
4714,1542500
4715,1697900
4716,1389400
4717,1643500
4718,1440900
4719,1118200
4720,1165900
4721,1506600
4722,1082200
4723,1295900
4724,1155100
4725,2625400
4726,3196900
4727,1560400
4728,1395600
4729,1305500
4730,1810600
4731,2040400
4732,2668000
4733,1567500
4734,1551100
4735,1523600
4736,1143500
4737,1092100
4738,4204500
4739,1760800
4740,1564100
4741,1481400
4742,1625200
4743,2094900
4744,1522400
4745,1935100
4746,1389300
4747,1367500
4748,1361800
4749,1342500
4750,1332100
4751,1232100
4752,1156500
4753,1201700
4754,1119200
4755,3590600
4756,2575600
4757,1740100
4758,1784900
4759,1535400
4760,1817900
4761,2776400
4762,2150600
4763,1519300
4764,1434100
4765,1156400
4766,1087000
4767,926800
4768,4993100
4769,2034900
4770,1887700
4771,2161000
4772,2217700
4773,2320600
4774,2380400
4775,2251900
4776,1670300
4777,1468100
4778,1407100
4779,1200100
4780,1208300
4781,1224100
4782,1009100
4783,1069800
4784,3745900
4785,1501400
4786,1346500
4787,2162900
4788,1989500
4789,2204900
4790,1928300
4791,1314000
4792,1448900
4793,1491900
4794,1702500
4795,1561300
4796,1246100
4797,1188000
4798,4684100
4799,2200500
4800,3208400
4801,1517700
4802,2147300
4803,2348500
4804,2646100
4805,1869100
4806,1275200
4807,1145800
4808,1499500
4809,1170800
4810,1230800
4811,1190000
4812,3820400
4813,2628600
4814,1773700
4815,1750800
4816,1502500
4817,2131600
4818,2161400
4819,1923300
4820,1510100
4821,2013800
4822,1374600
4823,1164700
4824,2208900
4825,3334500
4826,1274200
4827,2052300
4828,1999500
4829,1972900
4830,1986400
4831,1789700
4832,1980400
4833,1583400
4834,1621800
4835,1294400
4836,1078200
4837,1094400
4838,4547900
4839,1352500
4840,1418900
4841,1477300
4842,1314900
4843,1654800
4844,1620600
4845,2526300
4846,1850200
4847,1760600
4848,1504100
4849,1193000
4850,1245100
4851,1004800
4852,1658300
4853,3759800
4854,1665300
4855,1340500
4856,1629300
4857,1996500
4858,1993700
4859,1968300
4860,1894800
4861,1621500
4862,1270900
4863,1526700
4864,1180200
4865,1541200
4866,1226300
4867,1179500
4868,3266500
4869,2464700
4870,1399900
4871,1889900
4872,1675000
4873,1418000
4874,2087400
4875,1910000
4876,2507500
4877,1736200
4878,1344500
4879,1412200
4880,1365000
4881,4193300
4882,1413000
4883,1851700
4884,1837200
4885,1633600
4886,1612800
4887,1843300
4888,1888700
4889,1698300
4890,1684000
4891,1305700
4892,1512200
4893,2256600
4894,3700100
4895,1716100
4896,1715700
4897,2079500
4898,1381600
4899,2103100
4900,1942700
4901,2196600
4902,2019900
4903,1684900
4904,1460500
4905,1372100
4906,1048200
4907,2066000
4908,2463300
4909,1261500
4910,1525200
4911,1818500
4912,1529600
4913,1736800
4914,6432600
4915,1532300
4916,1496000
4917,1805800
4918,2039100
4919,1959000
4920,3907200
4921,2977500
4922,2111600
4923,3145500
4924,2694800
4925,2524700
4926,1830800
4927,2067400
4928,3559900
4929,2986700
4930,1505800
4931,2098500
4932,2100200
4933,2155600
4934,1871000
4935,2247600
4936,1663000
4937,1444800
4938,1315700
4939,1448900
4940,1532400
4941,1289600
4942,1248100
4943,1129800
4944,6060400
4945,1835400
4946,2259900
4947,2369300
4948,2601400
4949,2542600
4950,1520400
4951,1689800
4952,1498800
4953,1476500
4954,1491800
4955,2003700
4956,1770300
4957,5668300
4958,2197900
4959,1872800
4960,2167700
4961,2420700
4962,1591700
4963,2520000
4964,2308000
4965,2207900
4966,1816300
4967,2044800
4968,1399400
4969,12567800
4970,2594600
4971,2843000
4972,1974500
4973,1747800
4974,1725000
4975,1447400
4976,1252500
4977,1293300
4978,1411000
4979,4818500
4980,3058800
4981,2167000
4982,1764600
4983,1790400
4984,1821700
4985,2373200
4986,2366500
4987,1747300
4988,1951600
4989,1336100
4990,1084200
4991,2340100
4992,3381700
4993,1225200
4994,1477500
4995,1457600
4996,1402600
4997,2093500
4998,2023700
4999,1813300
5000,1640000
5001,1700800
5002,1378100
5003,1246600
5004,1143000
5005,1265700
5006,2813300
5007,2086000
5008,1036900
5009,1752900
5010,1638200
5011,1405600
5012,2498600
5013,2772300
5014,1843800
5015,1460500
5016,1471500
5017,1171400
5018,1141200
5019,1025700
5020,1294300
5021,3033100
5022,1193700
5023,1443300
5024,1705800
5025,1381600
5026,1745000
5027,1996300
5028,1740500
5029,1870500
5030,1200900
5031,1393900
5032,1459900
5033,1465400
5034,1339400
5035,3159100
5036,2699400
5037,1509700
5038,1572100
5039,1553200
5040,2204600
5041,2060400
5042,1670800
5043,1896300
5044,1623300
5045,1893200
5046,1630000
5047,1342700
5048,2163600
5049,3711700
5050,2051100
5051,1723600
5052,1425300
5053,1438600
5054,2331500
5055,2696700
5056,1990700
5057,1592800
5058,1300900
5059,1674500
5060,2016300
5061,1532200
5062,1817600
5063,3198300
5064,1628500
5065,1328600
5066,1696500
5067,1332800
5068,1922400
5069,2147600
5070,2013900
5071,1466900
5072,1549800
5073,1807700
5074,1407100
5075,1192300
5076,1410400
5077,4078900
5078,1576600
5079,1919800
5080,1789000
5081,1786000
5082,2248300
5083,2476300
5084,1965700
5085,1835300
5086,1736000
5087,1857200
5088,2007200
5089,1644800
5090,1355000
5091,1506700
5092,1167600
5093,2223500
5094,2526400
5095,1330600
5096,1635300
5097,1709900
5098,1803300
5099,2082000
5100,2726500
5101,1882300
5102,1578100
5103,1851500
5104,1504600
5105,1243700
5106,1064400
5107,1116900
5108,4315300
5109,2401700
5110,1619200
5111,1532400
5112,1601500
5113,1898300
5114,2059500
5115,1912300
5116,1513600
5117,1729100
5118,1241200
5119,1227500
5120,1069700
5121,2387900
5122,3449000
5123,1325800
5124,1411800
5125,1540100
5126,1895600
5127,2391700
5128,2108400
5129,2033400
5130,1450600
5131,1246100
5132,1233200
5133,1176900
5134,1460300
5135,1077100
5136,1144000
5137,1108200
5138,1204000
5139,3076500
5140,2369600
5141,1174100
5142,1287700
5143,2044900
5144,2179800
5145,2520500
5146,1812500
5147,2097400
5148,1484600
5149,1381400
5150,1396800
5151,1170100
5152,2213600
5153,3833400
5154,1185200
5155,1318700
5156,1746300
5157,1985200
5158,1780600
5159,2104500
5160,1709400
5161,1890500
5162,1251800
5163,1241900
5164,1391500
5165,1268600
5166,1102500
5167,986300
5168,2732500
5169,2289600
5170,1484900
5171,1471800
5172,1710100
5173,1832500
5174,1782000
5175,1670300
5176,2087500
5177,1765500
5178,1455400
5179,1202000
5180,1437600
5181,1213900
5182,3659600
5183,1777600
5184,1370500
5185,2556100
5186,1501300
5187,1849300
5188,1673000
5189,2032200
5190,1577200
5191,1455600
5192,1611600
5193,1176500
5194,1175000
5195,1915600
5196,3344200
5197,1207900
5198,1691900
5199,1530800
5200,1586300
5201,1842800
5202,1581900
5203,2074000
5204,1878100
5205,1687800
5206,1574900
5207,1190700
5208,1459200
5209,1154400
5210,2772900
5211,3067600
5212,1917800
5213,1692600
5214,1393000
5215,1714900
5216,2260300
5217,2542400
5218,2146900
5219,1435000
5220,1776300
5221,1112200
5222,1623000
5223,3825300
5224,1187900
5225,1589500
5226,1544200
5227,1565000
5228,2036600
5229,2322100
5230,1707000
5231,1747600
5232,1646300
5233,1703500
5234,1695800
5235,1473300
5236,3136300
5237,3306500
5238,1335600
5239,1505600
5240,1328600
5241,1638500
5242,1396700
5243,1837200
5244,1733800
5245,2004700
5246,1801000
5247,1619300
5248,1653900
5249,1585000
5250,1352400
5251,1294400
5252,1015900
5253,2297900
5254,3791700
5255,1154500
5256,1658400
5257,1882200
5258,1454100
5259,1758300
5260,2607800
5261,1926900
5262,1836700
5263,1551100
5264,1235800
5265,1115400
5266,1051300
5267,2980100
5268,2628000
5269,1626800
5270,1690900
5271,1394500
5272,1744900
5273,2212400
5274,1955100
5275,1786100
5276,1649000
5277,1441500
5278,1442200
5279,1091300
5280,960700
5281,1512300
5282,5014300
5283,1361900
5284,1508500
5285,1471900
5286,1537700
5287,1926100
5288,1613800
5289,2312400
5290,2224700
5291,1338600
5292,1315100
5293,1314500
5294,1430500
5295,3095000
5296,1690700
5297,1837600
5298,1603700
5299,1326700
5300,2055900
5301,2454500
5302,2398600
5303,1377100
5304,1459900
5305,1287900
5306,1217400
5307,1205300
5308,3669600
5309,2443800
5310,1193500
5311,1619200
5312,1732300
5313,1450900
5314,2145200
5315,1810600
5316,2001200
5317,1714700
5318,1658100
5319,1257700
5320,1397200
5321,1150700
5322,2206700
5323,2728800
5324,1777600
5325,1821800
5326,2173500
5327,1555100
5328,2019200
5329,1297900
5330,2124900
5331,1818300
5332,1303100
5333,1578200
5334,1246100
5335,1154000
5336,1006200
5337,3773000
5338,2380800
5339,1977200
5340,1574700
5341,1350500
5342,1683400
5343,1778600
5344,1780500
5345,2056300
5346,1488100
5347,1324300
5348,1770300
5349,1247200
5350,1084700
5351,1003100
5352,999700
5353,2121400
5354,2170100
5355,1487500
5356,1497000
5357,1592600
5358,1915600
5359,2202200
5360,2758300
5361,1799200
5362,1302600
5363,1329000
5364,1110100
5365,1067500
5366,1349100
5367,1178100
5368,1246600
5369,1480900
5370,1630100
5371,1295200
5372,3174700
5373,1547100
5374,1768400
5375,1590200
5376,2060200
5377,1715500
5378,2084000
5379,2137200
5380,1716900
5381,1374200
5382,1908700
5383,1688300
5384,1459000
5385,1349100
5386,1063600
5387,4007400
5388,2225300
5389,1490800
5390,1635700
5391,1530300
5392,1730600
5393,2001400
5394,1764300
5395,1837500
5396,1617500
5397,1656900
5398,1316000
5399,1303300
5400,1116600
5401,1990100
5402,3185800
5403,1376000
5404,1487200
5405,1536300
5406,1497000
5407,1940300
5408,1770400
5409,1638100
5410,1769300
5411,2028800
5412,1537700
5413,1653600
5414,1472600
5415,1052300
5416,1521000
5417,5039200
5418,1301400
5419,1766800
5420,1847100
5421,2513200
5422,2169800
5423,2266300
5424,1616700
5425,1432000
5426,1213300
5427,1275800
5428,1974800
5429,4095100
5430,1630800
5431,1525000
5432,1812200
5433,2189100
5434,2691600
5435,2375400
5436,2157300
5437,2272800
5438,1398900
5439,2346500
5440,1468300
5441,1298700
5442,1165000
5443,1821700
5444,2831900
5445,1829300
5446,1676200
5447,2010900
5448,1948700
5449,2082100
5450,1857400
5451,1816200
5452,1455900
5453,1850400
5454,1238700
5455,1078200
5456,1047700
5457,1382400
5458,3191100
5459,2248100
5460,1479400
5461,1152600
5462,1510600
5463,2820700
5464,3404200
5465,2947700
5466,2646100
5467,2311800
5468,3054200
5469,1577500
5470,1907700
5471,1912800
5472,3075000
5473,4078100
5474,1516100
5475,1775800
5476,2318500
5477,2673100
5478,2885400
5479,3283100
5480,2524600
5481,2214400
5482,1315100
5483,1585300
5484,1870500
5485,2128400
5486,2095200
5487,1467600
5488,1961400
5489,3872300
5490,1630300
5491,2005800
5492,2432600
5493,2012300
5494,1900700
5495,1856100
5496,1533300
5497,1970100
5498,1417100
5499,1483800
5500,1166200
5501,3879600
5502,1715500
5503,1506100
5504,1697100
5505,1374000
5506,1879900
5507,1707500
5508,2681900
5509,2002000
5510,1301600
5511,1229100
5512,1299800
5513,3813500
5514,2286500
5515,1470100
5516,1333600
5517,1485500
5518,2484100
5519,2322900
5520,1777200
5521,1739400
5522,1459600
5523,1369000
5524,1138700
5525,1014400
5526,1007300
5527,2359000
5528,2024500
5529,2095300
5530,1794400
5531,1948700
5532,1709400
5533,2297400
5534,2219400
5535,2084700
5536,1391400
5537,1256500
5538,1348100
5539,1065900
5540,1149600
5541,1947100
5542,3484300
5543,1417700
5544,1610400
5545,1476400
5546,1677400
5547,1417200
5548,1615500
5549,2005200
5550,1535900
5551,1414100
5552,1565700
5553,1636500
5554,1315200
5555,1161900
5556,3390600
5557,2592900
5558,1308400
5559,1742000
5560,1545600
5561,1503300
5562,2072800
5563,1781800
5564,1693000
5565,1622500
5566,1639000
5567,1345200
5568,1541000
5569,1758800
5570,1436000
5571,1287000
5572,5457400
5573,2116900
5574,1508800
5575,1464100
5576,2579400
5577,2089700
5578,1892000
5579,1597200
5580,1544400
5581,1574900
5582,1179500
5583,2829600
5584,2859900
5585,1225800
5586,2308500
5587,1418300
5588,1799000
5589,2142100
5590,1894100
5591,1836300
5592,1826100
5593,1351700
5594,1078700
5595,1153500
5596,1299800
5597,1076100
5598,1141200
5599,996300
5600,4004900
5601,2420300
5602,1742100
5603,1429900
5604,1677500
5605,1797500
5606,1763900
5607,1576500
5608,1431100
5609,1358900
5610,1361700
5611,1137400
5612,1156200
5613,2912500
5614,2555400
5615,1228100
5616,1948700
5617,1580800
5618,2131100
5619,1922400
5620,1946600
5621,2363400
5622,1647200
5623,1459200
5624,1147100
5625,1399600
5626,1026800
5627,1061100
5628,3517600
5629,2349900
5630,1387200
5631,1451000
5632,1527500
5633,1465100
5634,2112000
5635,1720600
5636,1414800
5637,1785900
5638,1630400
5639,1609100
5640,1248000
5641,1148400
5642,3390600
5643,2044000
5644,1221100
5645,1764100
5646,1798900
5647,2250000
5648,1775300
5649,2070600
5650,1895900
5651,1906400
5652,1239800
5653,1074000
5654,1286100
5655,1620500
5656,1237500
5657,1077800
5658,1151000
5659,5119900
5660,1621800
5661,1555700
5662,1744700
5663,2203500
5664,2128800
5665,1910300
5666,1867200
5667,1510500
5668,1509700
5669,1736000
5670,1163000
5671,1352200
5672,3535800
5673,2203600
5674,1855900
5675,1649200
5676,1718200
5677,2036600
5678,2484300
5679,2055500
5680,2133300
5681,1650700
5682,1267700
5683,1339600
5684,1087500
5685,3180800
5686,2533700
5687,1615800
5688,1090700
5689,1609400
5690,1700300
5691,2136700
5692,2332000
5693,2107200
5694,2188800
5695,1447500
5696,2189000
5697,1425100
5698,1217900
5699,3099000
5700,2365400
5701,1259700
5702,1521700
5703,1842200
5704,1606200
5705,2360800
5706,1615500
5707,2032300
5708,1872200
5709,1451200
5710,1495100
5711,1620500
5712,1513500
5713,2884900
5714,2450900
5715,1343100
5716,1482400
5717,1294000
5718,1623500
5719,2353000
5720,2048700
5721,2170600
5722,1579900
5723,1741500
5724,1292200
5725,1393700
5726,1482600
5727,3390900
5728,2786400
5729,1808500
5730,1611000
5731,1978500
5732,2296700
5733,2147200
5734,1616900
5735,1445200
5736,1695500
5737,1317700
5738,1351200
5739,1129900
5740,1547700
5741,3430300
5742,1500200
5743,1173600
5744,1792100
5745,2027300
5746,1393700
5747,2123100
5748,1733800
5749,2084600
5750,1386100
5751,1462700
5752,1295200
5753,1015900
5754,4111600
5755,2812400
5756,1813900
5757,1526300
5758,1718600
5759,1766400
5760,1615000
5761,1877300
5762,2041800
5763,1470700
5764,1425600
5765,1213600
5766,1050000
5767,3675900
5768,2273500
5769,1623600
5770,1297200
5771,1509200
5772,2149800
5773,1973100
5774,2038500
5775,2230200
5776,1678000
5777,2151000
5778,1341400
5779,1480500
5780,3455500
5781,1721100
5782,1844100
5783,1551300
5784,1560100
5785,2169400
5786,2048800
5787,1763700
5788,1663300
5789,1365300
5790,1210600
5791,1143500
5792,1061400
5793,1358600
5794,3552000
5795,1644000
5796,1121200
5797,1593000
5798,1331600
5799,1640000
5800,1911600
5801,2352400
5802,1919600
5803,1750000
5804,1536700
5805,1134400
5806,1257400
5807,1504700
5808,3360700
5809,2333300
5810,1380700
5811,2274900
5812,1748400
5813,2381400
5814,1679100
5815,2381300
5816,2079700
5817,1516100
5818,1280200
5819,1136200
5820,1145000
5821,1100800
5822,1123700
5823,1199500
5824,1415700
5825,1435100
5826,1094200
5827,1259200
5828,1112500
5829,3514900
5830,2989500
5831,1477700
5832,1288600
5833,1907200
5834,1753700
5835,1728700
5836,2171300
5837,2057900
5838,1655700
5839,1367500
5840,1225000
5841,1232600
5842,2244200
5843,3689900
5844,1298100
5845,1756600
5846,2020500
5847,2240400
5848,2050400
5849,2101300
5850,1714200
5851,1532300
5852,1393200
5853,1187000
5854,1429700
5855,3077700
5856,1791900
5857,1711600
5858,2245300
5859,2011000
5860,2442000
5861,1606800
5862,1892600
5863,1917700
5864,1404400
5865,1667100
5866,1354300
5867,1366700
5868,5036400
5869,1561500
5870,1668500
5871,1647500
5872,1469300
5873,2141500
5874,2205300
5875,1705100
5876,1375700
5877,1368300
5878,1367200
5879,1175100
5880,1166400
5881,1493300
5882,1429700
5883,1044600
5884,1027100
5885,939800
5886,931900
5887,1075400
5888,1235100
5889,1396900
5890,1123300
5891,1123700
5892,1223900
5893,1025000
5894,1906900
5895,4024000
5896,1286500
5897,1614600
5898,2098400
5899,2518000
5900,1777400
5901,2244900
5902,1798900
5903,1485900
5904,1411900
5905,1110200
5906,1632700
5907,1304500
5908,4464700
5909,2156900
5910,1626500
5911,1703900
5912,1470400
5913,2348600
5914,1772800
5915,2118600
5916,1513000
5917,1689200
5918,1287700
5919,1289600
5920,1297900
5921,1207900
5922,3599800
5923,2479200
5924,2137700
5925,1352700
5926,2030900
5927,1925100
5928,2101800
5929,2385600
5930,1927400
5931,1654100
5932,1351700
5933,1363300
5934,1157100
5935,1158500
5936,1249200
5937,4260000
5938,2182200
5939,2096200
5940,2288500
5941,1616200
5942,1536400
5943,2148700
5944,2205600
5945,2076700
5946,1857400
5947,1350800
5948,1443200
5949,1581000
5950,1559200
5951,3651600
5952,2444300
5953,2301300
5954,2145400
5955,2594300
5956,2469300
5957,2161800
5958,1961100
5959,1663800
5960,1990500
5961,2372600
5962,2455900
5963,1561200
5964,1721600
5965,2128000
5966,3673200
5967,1422500
5968,1760100
5969,2087100
5970,1659400
5971,2037600
5972,2397800
5973,1905500
5974,1481900
5975,1461300
5976,1128500
5977,1285700
5978,1788900
5979,1348200
5980,1304000
5981,1341100
5982,1631100
5983,3163000
5984,2768400
5985,1983400
5986,1946800
5987,2101700
5988,1744600
5989,1927800
5990,1911700
5991,1579500
5992,1602100
5993,1389700
5994,1185600
5995,1361300
5996,4651500
5997,1611900
5998,1655600
5999,1741100
6000,1652200
6001,2207400
6002,1951700
6003,1741600
6004,1313000
6005,1125000
6006,1091700
6007,1108600
6008,3344100
6009,2259700
6010,1202900
6011,1830100
6012,2192800
6013,2521900
6014,2135900
6015,1669500
6016,1449200
6017,1284900
6018,1538800
6019,1296500
6020,2248600
6021,3128300
6022,1813800
6023,1516300
6024,1505500
6025,1626200
6026,2376100
6027,2194100
6028,2153700
6029,1421000
6030,1654000
6031,1384300
6032,1300600
6033,1186800
6034,1102800
6035,3999500
6036,1859900
6037,1573200
6038,1452000
6039,1394500
6040,1730800
6041,2392400
6042,2177500
6043,1866700
6044,1635400
6045,1202300
6046,1185500
6047,2976400
6048,3545500
6049,1323800
6050,1677000
6051,2012600
6052,1993800
6053,1946100
6054,1966000
6055,1515900
6056,1256500
6057,1401700
6058,1121900
6059,1066200
6060,1207400
6061,1031200
6062,1534500
6063,1443200
6064,1447300
6065,1153100
6066,1706900
6067,3463000
6068,1634700
6069,1925300
6070,1654600
6071,1881500
6072,5186600
6073,1643700
6074,1613800
6075,1510300
6076,1557500
6077,1159800
6078,1465700
6079,1014900
6080,1663400
6081,3312500
6082,1536400
6083,1740900
6084,1551300
6085,1342500
6086,1757000
6087,2158900
6088,2004400
6089,1856600
6090,1418800
6091,1450200
6092,1350200
6093,1039600
6094,1026100
6095,5167500
6096,1666100
6097,1546400
6098,1696000
6099,2058800
6100,1457700
6101,1992300
6102,1835100
6103,1603100
6104,1534400
6105,1430300
6106,1393900
6107,1233100
6108,1103300
6109,3486400
6110,2722700
6111,1587400
6112,1912000
6113,1777100
6114,2051800
6115,1802800
6116,1684200
6117,1728800
6118,1685100
6119,1456500
6120,1171800
6121,976700
6122,1029100
6123,1097100
6124,3526500
6125,2157600
6126,1713800
6127,1413800
6128,1709600
6129,1850300
6130,1874500
6131,1458400
6132,1658300
6133,1921100
6134,1293900
6135,1471900
6136,1230600
6137,1073400
6138,3001300
6139,2753000
6140,1318600
6141,1724900
6142,1585700
6143,1430300
6144,1908700
6145,1777000
6146,1801800
6147,1771800
6148,1656800
6149,1353200
6150,1140600
6151,1273200
6152,1318300
6153,1198100
6154,2341100
6155,3870800
6156,1182300
6157,1519900
6158,1598100
6159,1581700
6160,2117100
6161,1899600
6162,3018600
6163,1724000
6164,1269400
6165,1232800
6166,1063000
6167,3189400
6168,2824000
6169,1624400
6170,1513700
6171,1409700
6172,1984600
6173,2099500
6174,1845000
6175,1723600
6176,1341300
6177,1332400
6178,1075000
6179,1076800
6180,1201800
6181,3898200
6182,2164800
6183,1471500
6184,1293300
6185,1664000
6186,1769700
6187,1653900
6188,1894800
6189,2078400
6190,1473300
6191,1422900
6192,1717600
6193,1220400
6194,2941500
6195,3222300
6196,1557600
6197,1746300
6198,2097700
6199,1894300
6200,2562000
6201,2578300
6202,2181600
6203,1551600
6204,1745900
6205,1518000
6206,1277900
6207,1249100
6208,1917700
6209,4382500
6210,1533400
6211,2200900
6212,1991100
6213,1286900
6214,1397800
6215,1607100
6216,2058900
6217,1716300
6218,1552200
6219,1703600
6220,1312400
6221,1370800
6222,1094200
6223,3595100
6224,1200800
6225,1633700
6226,1623600
6227,1670600
6228,1738500
6229,1779300
6230,2118500
6231,1896700
6232,1302500
6233,1463400
6234,1362800
6235,1570800
6236,1287700
6237,1188000
6238,4047400
6239,1488100
6240,1190100
6241,1555400
6242,1608400
6243,1551600
6244,1965200
6245,2072300
6246,1853300
6247,1649600
6248,1163300
6249,1693500
6250,1586600
6251,1379000
6252,1024200
6253,1122200
6254,3059500
6255,2346300
6256,1975500
6257,1476100
6258,1402700
6259,1933700
6260,2314600
6261,2073400
6262,1867800
6263,1723700
6264,1332500
6265,1462100
6266,1198900
6267,3229300
6268,2691000
6269,1603700
6270,1421700
6271,1774700
6272,1975800
6273,2108400
6274,1977300
6275,2656400
6276,2105100
6277,1768500
6278,1373700
6279,1169600
6280,2669500
6281,2916700
6282,1369100
6283,1855800
6284,1255500
6285,1420500
6286,1998000
6287,2283800
6288,1771000
6289,1719300
6290,1664400
6291,1192400
6292,1128200
6293,1343000
6294,1266400
6295,1465700
6296,1436400
6297,1278000
6298,1281300
6299,3491300
6300,1805200
6301,1935400
6302,1469400
6303,1767900
6304,1472200
6305,1868400
6306,2111900
6307,1810100
6308,1486800
6309,1422800
6310,1345700
6311,1268800
6312,1005300
6313,1148900
6314,3729300
6315,1993200
6316,1412400
6317,1263100
6318,1422900
6319,2021100
6320,2074100
6321,1647800
6322,1697200
6323,1964700
6324,1364300
6325,1840800
6326,1489500
6327,1682500
6328,1267100
6329,1921400
6330,2862200
6331,2487700
6332,1360600
6333,1521800
6334,1757700
6335,1536600
6336,1671100
6337,1547900
6338,2177700
6339,1760400
6340,1480600
6341,1542500
6342,1167600
6343,1458100
6344,981600
6345,2764000
6346,2905200
6347,1279100
6348,1433600
6349,1317900
6350,1452700
6351,1908300
6352,1960400
6353,2311700
6354,1844600
6355,1486200
6356,1315300
6357,1075000
6358,1530600
6359,4049700
6360,1506400
6361,1604900
6362,1722200
6363,2783900
6364,2511700
6365,2240900
6366,1638100
6367,1507900
6368,1245500
6369,1301600
6370,1043500
6371,2971600
6372,2618600
6373,1401300
6374,1464400
6375,1479800
6376,1914400
6377,2345000
6378,1761300
6379,1788400
6380,1538500
6381,1418700
6382,1287800
6383,1196600
6384,1103000
6385,2719400
6386,3111600
6387,1292100
6388,1727100
6389,1368400
6390,1509600
6391,2190500
6392,2254000
6393,1795200
6394,1776000
6395,1756000
6396,1214800
6397,1259600
6398,1001900
6399,3086400
6400,2572500
6401,1259500
6402,1465300
6403,2001500
6404,1585300
6405,2324200
6406,1763600
6407,1799800
6408,1767000
6409,1474200
6410,1708400
6411,1133400
6412,1287900
6413,1044200
6414,1251900
6415,3598600
6416,1962100
6417,1720000
6418,1853100
6419,1713100
6420,1907000
6421,1634000
6422,2334600
6423,1838000
6424,1286600
6425,1511700
6426,1278000
6427,1324100
6428,1267700
6429,2092900
6430,2512100
6431,1310500
6432,1437600
6433,1570300
6434,2101800
6435,1759600
6436,1965300
6437,2411000
6438,1525500
6439,1899300
6440,1412600
6441,1218200
6442,1302200
6443,1652700
6444,3469100
6445,2133400
6446,1525100
6447,1307200
6448,2026400
6449,2130900
6450,1745200
6451,2848900
6452,1921600
6453,1184300
6454,1302900
6455,1374400
6456,1262200
6457,1184700
6458,1000500
6459,1267700
6460,4410400
6461,1482400
6462,1683400
6463,2232400
6464,2771900
6465,2092900
6466,2632600
6467,1889700
6468,1568000
6469,1605600
6470,1289300
6471,1058900
6472,1091900
6473,4400200
6474,2084100
6475,1861100
6476,1712000
6477,1506900
6478,1888500
6479,2167300
6480,1820500
6481,1680400
6482,1637100
6483,1510600
6484,1423500
6485,1200900
6486,1193200
6487,1026400
6488,3085400
6489,2547000
6490,1405000
6491,1478900
6492,1261000
6493,1407200
6494,1829400
6495,1917800
6496,1914000
6497,2203300
6498,1784000
6499,1503500
6500,1123800
6501,1033300
6502,1072300
6503,1569000
6504,3829600
6505,1393500
6506,1357400
6507,1721900
6508,2010900
6509,2612800
6510,2008800
6511,1687800
6512,1460400
6513,1624800
6514,1249300
6515,1020400
6516,3504800
6517,2781400
6518,1559700
6519,1487800
6520,1538000
6521,2055700
6522,1629700
6523,1740100
6524,1667200
6525,1252000
6526,1098500
6527,1062300
6528,1017800
6529,1084700
6530,1031300
6531,1398100
6532,1346200
6533,1067000
6534,1062000
6535,1622200
6536,3212000
6537,1707600
6538,1473200
6539,1369100
6540,1690400
6541,2157900
6542,1809400
6543,1754500
6544,1690500
6545,1664700
6546,1506100
6547,1284200
6548,1446600
6549,5085200
6550,1948400
6551,1601200
6552,1936400
6553,1848000
6554,1646100
6555,2367800
6556,2444800
6557,2368600
6558,2109400
6559,1967600
6560,1983200
6561,1227600
6562,1102300
6563,4697200
6564,2111000
6565,2057500
6566,1647500
6567,1491900
6568,2019800
6569,2074300
6570,2111400
6571,2634800
6572,2147300
6573,1527900
6574,1656200
6575,1876500
6576,1672800
6577,1334000
6578,1107500
6579,1122000
6580,1336800
6581,4740200
6582,1613300
6583,1916900
6584,2565500
6585,1992300
6586,2284200
6587,2804400
6588,2628000
6589,2134200
6590,1815600
6591,2133000
6592,1840900
6593,1514700
6594,1516300
6595,1281400
6596,1279100
6597,5317900
6598,2332300
6599,2570500
6600,1504700
6601,2629000
6602,2700700
6603,2215500
6604,1439600
6605,1564900
6606,1217700
6607,1410700
6608,1664300
6609,4412300
6610,1413800
6611,1914900
6612,1436500
6613,1669300
6614,1876900
6615,1942800
6616,1820300
6617,1784800
6618,1514400
6619,1509500
6620,1132600
6621,2019300
6622,3890700
6623,1350000
6624,1633000
6625,1832500
6626,1383400
6627,2381700
6628,1956800
6629,1646500
6630,1809800
6631,1707000
6632,1308400
6633,1852700
6634,1402400
6635,3325300
6636,2022600
6637,1934300
6638,1605600
6639,2512700
6640,2292300
6641,1895100
6642,2054400
6643,1418900
6644,1282500
6645,1822200
6646,1416400
6647,1251500
6648,1474000
6649,3504500
6650,2794800
6651,1224200
6652,1887300
6653,1670200
6654,1911100
6655,2786100
6656,2460500
6657,2333300
6658,1497000
6659,2208100
6660,2115600
6661,1420200
6662,1387200
6663,4406500
6664,2295300
6665,2720000
6666,2318800
6667,2460400
6668,2816400
6669,2815600
6670,1937500
6671,1621700
6672,2165300
6673,2121300
6674,2039300
6675,4717800
6676,2263300
6677,2574200
6678,1595000
6679,1806000
6680,2078700
6681,2358400
6682,2402600
6683,1939800
6684,1543100
6685,1439800
6686,2006800
6687,1622000
6688,1333500
6689,4248100
6690,1422900
6691,1926500
6692,2079400
6693,1922000
6694,2344200
6695,2193400
6696,2229600
6697,2124900
6698,1766300
6699,2251100
6700,1336700
6701,1502900
6702,4092600
6703,1680700
6704,1791600
6705,1854900
6706,1405200
6707,2660900
6708,2119400
6709,2053700
6710,1611000
6711,1505800
6712,1617200
6713,1555900
6714,1374100
6715,2059100
6716,3340900
6717,1920900
6718,1678200
6719,1546100
6720,1342100
6721,2017900
6722,1675900
6723,1830300
6724,1899300
6725,1453600
6726,1352200
6727,1154700
6728,1219400
6729,5002300
6730,1948100
6731,1758200
6732,1569500
6733,2135800
6734,2465900
6735,1821600
6736,1979500
6737,1345400
6738,1181000
6739,1752800
6740,1824500
6741,1474300
6742,1694500
6743,1534700
6744,1385200
6745,5596900
6746,1520400
6747,1512600
6748,1310200
6749,1688500
6750,1933000
6751,2510200
6752,2045100
6753,2231500
6754,1622300
6755,1453700
6756,1547700
6757,1963100
6758,2112500
6759,1983600
6760,1546100
6761,1426400
6762,5904000
6763,1781800
6764,2064600
6765,2545900
6766,1779600
6767,2573800
6768,2728800
6769,2194100
6770,1494600
6771,1513500
6772,1800900
6773,1510600
6774,1213800
6775,1579100
6776,3232100
6777,1463700
6778,1980800
6779,2044400
6780,1688500
6781,2496500
6782,2565500
6783,2098300
6784,1624200
6785,1561600
6786,1744200
6787,1436100
6788,1467900
6789,1510800
6790,1411700
6791,3396900
6792,3054300
6793,1694000
6794,1618100
6795,1638400
6796,2026600
6797,1880500
6798,2600600
6799,2051600
6800,2016900
6801,1556300
6802,1505600
6803,1403000
6804,1808000
6805,3931000
6806,1478500
6807,1804100
6808,2767000
6809,2180600
6810,2592400
6811,2590900
6812,1907300
6813,1592800
6814,1587400
6815,1523100
6816,1286300
6817,1169500
6818,1640000
6819,3757300
6820,1592600
6821,1583500
6822,1548700
6823,1549600
6824,2311200
6825,2481200
6826,1911000
6827,1483100
6828,1281700
6829,1478800
6830,1366500
6831,1366500
6832,1092000
6833,1509800
6834,3072600
6835,2085300
6836,1264800
6837,1537700
6838,1929100
6839,1730500
6840,2083900
6841,3541300
6842,1575200
6843,1332300
6844,1626800
6845,1519000
6846,1267300
6847,1846200
6848,3582300
6849,1672300
6850,1541900
6851,1408900
6852,1549600
6853,2823600
6854,2819700
6855,1918700
6856,1684100
6857,1396700
6858,1368600
6859,1665600
6860,1252800
6861,1330700
6862,1151300
6863,2373000
6864,3841300
6865,1632000
6866,1387800
6867,1471100
6868,2470300
6869,2150400
6870,2139300
6871,1663500
6872,1881000
6873,1606200
6874,1358500
6875,1721000
6876,1445900
6877,4326600
6878,2239300
6879,1805300
6880,1738100
6881,1732500
6882,2319200
6883,1776000
6884,1602500
6885,1586400
6886,1838800
6887,1412100
6888,1343400
6889,1372400
6890,2492200
6891,3832400
6892,1639500
6893,1954500
6894,2656800
6895,2065100
6896,2017800
6897,2617300
6898,1764000
6899,2007800
6900,1953300
6901,3529100
6902,2648500
6903,1672700
6904,1642900
6905,1808900
6906,1844300
6907,2630200
6908,2371600
6909,1694100
6910,1439000
6911,1587700
6912,1491200
6913,1464000
6914,1402300
6915,3433300
6916,3898700
6917,1709200
6918,2088400
6919,2089000
6920,2877000
6921,2011600
6922,2480700
6923,2101400
6924,1676500
6925,1432500
6926,1854900
6927,1349700
6928,1474400
6929,1253700
6930,3855800
6931,2112300
6932,2153900
6933,2006800
6934,1725700
6935,2409700
6936,2925400
6937,1701000
6938,1683900
6939,1556800
6940,1578100
6941,1968100
6942,1831100
6943,1945400
6944,4103700
6945,2009200
6946,1966400
6947,1963300
6948,2103700
6949,2960800
6950,2387900
6951,2690100
6952,2238300
6953,2249700
6954,2946400
6955,1719700
6956,1629800
6957,3621700
6958,3050300
6959,1589100
6960,2026400
6961,1725000
6962,1937700
6963,1936700
6964,2288600
6965,1684600
6966,1412600
6967,1641200
6968,1338800
6969,1437400
6970,2030200
6971,4521800
6972,1314300
6973,1942800
6974,1911800
6975,2100100
6976,2155300
6977,2292100
6978,1838200
6979,1310700
6980,1226400
6981,1059900
6982,1380200
6983,1529800
6984,1513400
6985,1316100
6986,1516400
6987,1249800
6988,4925200
6989,1894700
6990,1434100
6991,1653900
6992,1753300
6993,1968600
6994,1863000
6995,2203900
6996,1794900
6997,1496900
6998,1521800
6999,1380100
7000,1574300
7001,1389100
7002,1276200
7003,1059000
7004,1406100
7005,4421500
7006,2467100
7007,1427400
7008,1053500
7009,1008300
7010,1386100
7011,1757700
7012,1528000
7013,2205400
7014,2394000
7015,2826900
7016,1730200
7017,1434200
7018,1563400
7019,2243900
7020,3311000
7021,1873400
7022,1846700
7023,1797300
7024,1560100
7025,1774300
7026,2281400
7027,2150400
7028,1765900
7029,1464300
7030,1652200
7031,1522200
7032,1205800
7033,4124100
7034,2307000
7035,1263100
7036,1615000
7037,1399200
7038,2262400
7039,1724700
7040,1430600
7041,1649700
7042,1817600
7043,1859500
7044,1930300
7045,1768800
7046,1707300
7047,1312400
7048,2584700
7049,3400900
7050,1663400
7051,1922400
7052,1504800
7053,1837000
7054,2979100
7055,1914900
7056,1741700
7057,1547000
7058,1628500
7059,1183300
7060,1135600
7061,1179200
7062,3453100
7063,2307200
7064,1466600
7065,1544500
7066,1293200
7067,1812800
7068,1905500
7069,2194600
7070,1705800
7071,1240700
7072,1764900
7073,1069700
7074,1006200
7075,968000
7076,1296000
7077,5074700
7078,2440200
7079,1918800
7080,1478400
7081,1935700
7082,2306100
7083,2111900
7084,1495100
7085,1561100
7086,1691700
7087,1573500
7088,1162100
7089,1624700
7090,3699400
7091,1786800
7092,1343100
7093,1848800
7094,1787600
7095,1556500
7096,1914800
7097,2138000
7098,2433400
7099,1684600
7100,1486200
7101,1587100
7102,1596900
7103,1182400
7104,1237800
7105,3773400
7106,1606900
7107,1629700
7108,1949800
7109,1749200
7110,2104700
7111,1518700
7112,2524400
7113,2104400
7114,1709700
7115,1290700
7116,1473000
7117,1508100
7118,1196200
7119,1300100
7120,1694800
7121,5371700
7122,1878800
7123,1917700
7124,1870400
7125,2227900
7126,1922900
7127,2088200
7128,1903700
7129,2330600
7130,1612700
7131,2255100
7132,1242500
7133,1644100
7134,2959700
7135,2756100
7136,1403400
7137,1887900
7138,1764300
7139,2320400
7140,2419100
7141,2354500
7142,2695100
7143,1471200
7144,1603600
7145,1644200
7146,1461800
7147,1377400
7148,1315500
7149,5901900
7150,1495100
7151,1853700
7152,2279500
7153,2320400
7154,2591700
7155,2156100
7156,2158700
7157,1507900
7158,1278000
7159,1925800
7160,6833500
7161,2380900
7162,2285500
7163,1700500
7164,2559600
7165,2356100
7166,2760400
7167,2464000
7168,1746400
7169,1670600
7170,1378100
7171,1193700
7172,1257500
7173,1293600
7174,1391500
7175,4076300
7176,2075400
7177,1557700
7178,1554100
7179,2009800
7180,2392400
7181,1931000
7182,2426300
7183,2137800
7184,1893200
7185,1469300
7186,1515400
7187,1231900
7188,3365800
7189,2300900
7190,1734700
7191,1449900
7192,1444600
7193,1862400
7194,1876700
7195,2300500
7196,2143800
7197,1684700
7198,1632700
7199,1109000
7200,990700
7201,3788500
7202,2421800
7203,1842000
7204,1679000
7205,1520200
7206,2031500
7207,1916600
7208,1839600
7209,1568500
7210,1267700
7211,1144000
7212,1198300
7213,1205000
7214,1256700
7215,1149600
7216,1069000
7217,1129500
7218,1467500
7219,3218400
7220,2061500
7221,1285200
7222,1527700
7223,1402600
7224,1788900
7225,2430400
7226,2057900
7227,2026700
7228,1388300
7229,1509200
7230,1142800
7231,1602800
7232,4675400
7233,1297700
7234,1407600
7235,1637200
7236,5381300
7237,1874700
7238,1902100
7239,1724800
7240,1545200
7241,1457900
7242,1222600
7243,3880300
7244,2847900
7245,1723500
7246,1530600
7247,1265300
7248,1905900
7249,2404200
7250,1850100
7251,1445400
7252,1876900
7253,1326300
7254,1511400
7255,1266800
7256,1386400
7257,4216500
7258,1811400
7259,1474300
7260,1699100
7261,1708700
7262,1798300
7263,1932900
7264,1743400
7265,1665700
7266,1376500
7267,1660100
7268,1351100
7269,1115900
7270,1116200
7271,1994100
7272,3428000
7273,1416400
7274,1703800
7275,1646200
7276,1453700
7277,1864600
7278,2128300
7279,1805600
7280,1368300
7281,1481600
7282,1348400
7283,1135300
7284,1896000
7285,3864300
7286,1253100
7287,1573700
7288,1417000
7289,1743800
7290,1880400
7291,1635700
7292,1894900
7293,1823300
7294,1532500
7295,1419100
7296,1455800
7297,1195300
7298,1151400
7299,3013700
7300,2569100
7301,1287300
7302,1509500
7303,1953300
7304,2128600
7305,1889900
7306,1978100
7307,2060100
7308,1877700
7309,2167800
7310,1550800
7311,3535000
7312,1913400
7313,1951700
7314,1591400
7315,1816500
7316,1870100
7317,2220200
7318,2016400
7319,1499000
7320,1377200
7321,1214900
7322,5535000
7323,1433400
7324,2041200
7325,2489100
7326,2455000
7327,2287200
7328,1748900
7329,1739700
7330,1646900
7331,1330200
7332,5486600
7333,1684200
7334,1860500
7335,1416000
7336,2297500
7337,2099400
7338,2449600
7339,1663600
7340,1876900
7341,1882800
7342,3030500
7343,1421800
7344,1190100
7345,1509300
7346,2087600
7347,1806200
7348,1903200
7349,2005400
7350,1261300
7351,1460000
7352,1461700
7353,1262100
7354,1153800
7355,4919200
7356,1466300
7357,1719800
7358,1460800
7359,1392400
7360,1904600
7361,1735500
7362,2147000
7363,1988100
7364,1634200
7365,1696700
7366,1273900
7367,1173500
7368,1224200
7369,2901100
7370,2936100
7371,1400400
7372,1850900
7373,1457900
7374,1338000
7375,2164300
7376,1760100
7377,2419400
7378,1447600
7379,1696700
7380,1298400
7381,1326300
7382,1060400
7383,3222900
7384,2417100
7385,1149700
7386,1519200
7387,1563500
7388,2196300
7389,1703000
7390,1945000
7391,1711200
7392,2266400
7393,1505100
7394,1310600
7395,1609400
7396,1139800
7397,3954000
7398,1440300
7399,2039000
7400,1619400
7401,1531600
7402,2753800
7403,1672200
7404,1781100
7405,1618900
7406,1435200
7407,1664800
7408,1455400
7409,1569000
7410,3216200
7411,1722700
7412,1398900
7413,1596500
7414,1845000
7415,1545400
7416,2089500
7417,2283400
7418,1745300
7419,1491700
7420,1466500
7421,1173900
7422,1002700
7423,1024600
7424,1776500
7425,1213800
7426,1056200
7427,1285700
7428,1036200
7429,1119500
7430,3970300
7431,1998200
7432,1742600
7433,1932500
7434,1633700
7435,1849500
7436,2379000
7437,1466000
7438,1554800
7439,1455200
7440,1476200
7441,1082000
7442,1288200
7443,3447600
7444,1766600
7445,1607200
7446,1299900
7447,1455600
7448,2088400
7449,1828200
7450,2170700
7451,1816900
7452,1550200
7453,1311000
7454,1475900
7455,1249900
7456,1292200
7457,1270000
7458,3214500
7459,2663000
7460,1113800
7461,1610500
7462,1616800
7463,1487600
7464,1845300
7465,2290000
7466,1912800
7467,1841200
7468,1929300
7469,1738100
7470,1074600
7471,1578400
7472,3151000
7473,1374800
7474,1739000
7475,1339300
7476,1485400
7477,2194500
7478,2409900
7479,1940400
7480,1726000
7481,1722800
7482,2154000
7483,2059800
7484,2191500
7485,3548900
7486,2521600
7487,2037000
7488,2067000
7489,1639600
7490,2389900
7491,2088300
7492,1767300
7493,1920600
7494,1483400
7495,1788000
7496,1244600
7497,1188700
7498,3735500
7499,2232600
7500,1546800
7501,1924300
7502,2289000
7503,2448400
7504,2170700
7505,2614700
7506,1994500
7507,1829400
7508,1635200
7509,1739300
7510,1183500
7511,1325600
7512,4438300
7513,2396100
7514,2046100
7515,1572300
7516,1715700
7517,2342300
7518,2517500
7519,2367600
7520,2218500
7521,1345600
7522,1724300
7523,1886300
7524,1513000
7525,1248300
7526,2433600
7527,2642500
7528,1993900
7529,1839500
7530,1639000
7531,2359100
7532,2004600
7533,1847200
7534,2558800
7535,2167900
7536,1652600
7537,1501200
7538,1444700
7539,1338700
7540,4902700
7541,1558400
7542,1473800
7543,1761400
7544,2341300
7545,1893900
7546,2554100
7547,2465100
7548,1904200
7549,1793000
7550,1228000
7551,1206300
7552,1171700
7553,4303000
7554,1500400
7555,1971800
7556,1867100
7557,1862200
7558,1901500
7559,2285000
7560,2320600
7561,2196500
7562,1664900
7563,1597100
7564,987100
7565,2758300
7566,3082200
7567,1404200
7568,1289500
7569,1335400
7570,1575600
7571,2425700
7572,2531400
7573,1526000
7574,1653900
7575,1190400
7576,1158700
7577,1008600
7578,3543300
7579,2541400
7580,1331000
7581,1754700
7582,1556700
7583,1782600
7584,1934000
7585,2066000
7586,1756100
7587,1376500
7588,1402600
7589,1140400
7590,1404300
7591,2349800
7592,3074600
7593,1458400
7594,1268100
7595,1483600
7596,1680900
7597,1889200
7598,1840300
7599,1916500
7600,1909800
7601,1712400
7602,1766200
7603,2017700
7604,1558500
7605,1341900
7606,1440200
7607,1982900
7608,2649000
7609,1669700
7610,1970500
7611,2207600
7612,2080800
7613,1553300
7614,1581400
7615,1992300
7616,1480600
7617,1605900
7618,1787000
7619,1289300
7620,1357400
7621,1348000
7622,2889400
7623,2999100
7624,1708500
7625,2266600
7626,2480000
7627,2141700
7628,2073700
7629,2177600
7630,2153100
7631,1730300
7632,1609100
7633,1551500
7634,1682200
7635,3191800
7636,3315400
7637,1909100
7638,1574400
7639,1800900
7640,2115200
7641,2226800
7642,2282800
7643,1983600
7644,1280800
7645,1020500
7646,1067000
7647,1201200
7648,1300200
7649,1456500
7650,1170500
7651,1022000
7652,1305200
7653,4238200
7654,1598800
7655,1174500
7656,2085400
7657,1888200
7658,2196400
7659,2101400
7660,2630800
7661,2265900
7662,1939200
7663,1879800
7664,1723400
7665,1405400
7666,1574100
7667,1339700
7668,4220700
7669,2637800
7670,2133700
7671,1835800
7672,1874600
7673,2371300
7674,2051900
7675,2219800
7676,1666100
7677,1699300
7678,1779300
7679,1368000
7680,1460300
7681,1169200
7682,4389900
7683,2811200
7684,1440500
7685,2118600
7686,1745300
7687,2068800
7688,2932100
7689,2131100
7690,1937000
7691,2279300
7692,1510300
7693,1941800
7694,1467000
7695,1648500
7696,1415100
7697,3833900
7698,3300900
7699,1361000
7700,2209000
7701,1811100
7702,2061500
7703,2440800
7704,1835700
7705,2399900
7706,2105400
7707,1858500
7708,1325800
7709,1202300
7710,1319000
7711,1267800
7712,3314600
7713,2451400
7714,1339800
7715,1820600
7716,1712100
7717,1567800
7718,2036200
7719,1997500
7720,2066200
7721,1714100
7722,1627800
7723,1549800
7724,1604900
7725,1865400
7726,1211800
7727,4409500
7728,1693000
7729,1559000
7730,1588200
7731,1407500
7732,2209400
7733,1835200
7734,2244700
7735,1597300
7736,2205400
7737,1945900
7738,2045400
7739,3675400
7740,3065900
7741,2013800
7742,2571300
7743,2091000
7744,2433100
7745,2057900
7746,1387800
7747,1100100
7748,1369400
7749,1201400
7750,1212300
7751,1157100
7752,1127600
7753,1424900
7754,3702400
7755,2256100
7756,1790700
7757,1666600
7758,1728300
7759,1835800
7760,1599600
7761,2332800
7762,2046200
7763,1600600
7764,1489900
7765,1640900
7766,1128400
7767,3838600
7768,2419800
7769,1589700
7770,1599600
7771,1502000
7772,1553900
7773,1966700
7774,1974200
7775,1644000
7776,1483200
7777,1437200
7778,1575800
7779,1982000
7780,5016300
7781,2023500
7782,1831600
7783,2179800
7784,1700900
7785,2012200
7786,2107100
7787,1544700
7788,1264200
7789,1663200
7790,1233500
7791,1259700
7792,1249300
7793,4212300
7794,1823200
7795,1662300
7796,1624500
7797,1753300
7798,1846800
7799,2062000
7800,1651900
7801,1590100
7802,1326800
7803,1159900
7804,2693800
7805,3327800
7806,2059300
7807,1906200
7808,1934000
7809,2771300
7810,2255300
7811,1498900
7812,1519900
7813,1237800
7814,1131100
7815,1280600
7816,3328600
7817,1744700
7818,1070400
7819,1653700
7820,1633600
7821,1623400
7822,2032100
7823,2233000
7824,2213100
7825,1654600
7826,1287500
7827,1465800
7828,1249800
7829,1453000
7830,1297500
7831,1205600
7832,1078300
7833,3319100
7834,1617700
7835,1676800
7836,1659700
7837,1758300
7838,1995600
7839,1489400
7840,2661400
7841,1691000
7842,1560800
7843,1465300
7844,1218200
7845,1227200
7846,1631100
7847,4171800
7848,1484900
7849,1833300
7850,1530900
7851,1358000
7852,1778400
7853,1708900
7854,1990300
7855,1837700
7856,1482300
7857,1374900
7858,1462500
7859,1230200
7860,5572100
7861,1777800
7862,1328500
7863,1442900
7864,1733900
7865,2124800
7866,1880200
7867,1754400
7868,1652600
7869,1222900
7870,1200400
7871,1509300
7872,1276900
7873,1329600
7874,1168400
7875,1153800
7876,2825200
7877,2509600
7878,1610500
7879,1458100
7880,1566300
7881,1882000
7882,2084400
7883,1954300
7884,1838600
7885,1879300
7886,1459300
7887,1133500
7888,3537500
7889,2511400
7890,1966400
7891,1840200
7892,1855700
7893,2068900
7894,2355800
7895,2130500
7896,1622100
7897,1418600
7898,1353600
7899,1648000
7900,2435700
7901,3694100
7902,1314100
7903,1726300
7904,1630900
7905,2056200
7906,2026400
7907,1702500
7908,1837600
7909,1427200
7910,1357600
7911,1637100
7912,1497200
7913,1231500
7914,1376900
7915,1654600
7916,5582600
7917,1890000
7918,1918100
7919,1648600
7920,1696900
7921,2340100
7922,2361800
7923,1427200
7924,1190100
7925,1399800
7926,1293200
7927,1232100
7928,1361100
7929,2694100
7930,2456400
7931,1188900
7932,1563200
7933,1451800
7934,1723800
7935,1941700
7936,1709100
7937,1912700
7938,1631200
7939,1445400
7940,1598500
7941,1296800
7942,1297600
7943,2388000
7944,3911800
7945,1735600
7946,1394600
7947,1728500
7948,1798400
7949,1902800
7950,1650000
7951,1784100
7952,1761200
7953,1756600
7954,1712800
7955,1238000
7956,1646300
7957,1419900
7958,3309200
7959,1464400
7960,1267000
7961,1394500
7962,1783800
7963,1895000
7964,2156200
7965,2245500
7966,1495000
7967,1198700
7968,1495000
7969,1254300
7970,996400
7971,2734800
7972,2831900
7973,1592600
7974,1906800
7975,1897100
7976,1280700
7977,1609800
7978,1812500
7979,2117400
7980,1631200
7981,1884100
7982,1316600
7983,1308400
7984,1253200
7985,2699800
7986,3036400
7987,1284800
7988,1706700
7989,2591200
7990,2166200
7991,2085400
7992,2356700
7993,1915600
7994,1309700
7995,1420800
7996,1377600
7997,1352700
7998,1387000
7999,1031800
8000,1013800
8001,2727600
8002,2894600
8003,1288200
8004,1706900
8005,1737400
8006,1495300
8007,2076800
8008,2235500
8009,2082600
8010,1669700
8011,1879900
8012,1240500
8013,1239000
8014,979100
8015,1920000
8016,2463900
8017,1626100
8018,1273400
8019,2120400
8020,2599200
8021,2272800
8022,2057900
8023,2085800
8024,1457800
8025,1785800
8026,1146300
8027,1821900
8028,4084600
8029,1598700
8030,1700400
8031,1720900
8032,1636600
8033,2731800
8034,2097900
8035,1832000
8036,1571000
8037,1346600
8038,1251000
8039,1283700
8040,2573500
8041,2556400
8042,1456200
8043,2013800
8044,1743700
8045,1372200
8046,1776600
8047,2848300
8048,1754300
8049,1827600
8050,1520500
8051,1479500
8052,1153000
8053,1711200
8054,3880600
8055,1824700
8056,1852700
8057,1637800
8058,1809900
8059,1824100
8060,2293500
8061,2018200
8062,1382300
8063,1164600
8064,1379400
8065,1153900
8066,1236100
8067,1725200
8068,2619400
8069,1777700
8070,1772000
8071,2192400
8072,2045200
8073,2435000
8074,2425100
8075,2002200
8076,1685100
8077,2372600
8078,1716900
8079,1429500
8080,1336300
8081,1347300
8082,1323400
8083,1748400
8084,4698400
8085,1581100
8086,1510000
8087,1614200
8088,1896700
8089,1981300
8090,2163800
8091,1668000
8092,1406200
8093,1423400
8094,1261400
8095,1514300
8096,1648100
8097,1373200
8098,1104000
8099,1274500
8100,3453400
8101,1763200
8102,1582300
8103,1508200
8104,1497300
8105,2066300
8106,2137100
8107,1828500
8108,1738700
8109,1569100
8110,1120500
8111,1387800
8112,1468700
8113,5151000
8114,2139700
8115,1508200
8116,1527900
8117,1864500
8118,2577000
8119,1846500
8120,1671000
8121,1472300
8122,1275100
8123,2821700
8124,3303100
8125,1413100
8126,1537400
8127,1564200
8128,1731700
8129,2065400
8130,1803800
8131,2064200
8132,1730000
8133,1365100
8134,1543500
8135,1134700
8136,1126700
8137,1292200
8138,4136800
8139,1538900
8140,1552700
8141,1455700
8142,1857700
8143,2114300
8144,2100000
8145,1893900
8146,1753500
8147,1676400
8148,1419600
8149,1520000
8150,1166600
8151,1149800
8152,1255500
8153,1223500
8154,4136200
8155,2368200
8156,1883700
8157,1372600
8158,1663500
8159,1769100
8160,1998500
8161,1963200
8162,1477700
8163,1409800
8164,1326200
8165,1404400
8166,1082800
8167,1037300
8168,6246800
8169,1186600
8170,1717400
8171,1642000
8172,1500200
8173,2507300
8174,1846100
8175,1864600
8176,2137400
8177,1564400
8178,1468800
8179,1335700
8180,1160600
8181,3054700
8182,2406600
8183,1643700
8184,1898200
8185,1769900
8186,1745700
8187,2552700
8188,2291700
8189,2314400
8190,2140100
8191,1579300
8192,1399700
8193,1557700
8194,3534300
8195,3034600
8196,1518200
8197,1633500
8198,1879000
8199,2267800
8200,2987600
8201,2378000
8202,1476800
8203,1675800
8204,1446300
8205,1325200
8206,1344800
8207,2291600
8208,3196200
8209,1576500
8210,1532800
8211,1335400
8212,1933800
8213,1805400
8214,1811000
8215,1950600
8216,1518500
8217,1492600
8218,1379100
8219,1145300
8220,3676600
8221,3194900
8222,1551200
8223,1841600
8224,2333500
8225,1759600
8226,1809100
8227,2085400
8228,1618600
8229,1274700
8230,1526700
8231,1330500
8232,1241500
8233,1622600
8234,3665700
8235,1689100
8236,1715300
8237,1523700
8238,1534200
8239,3004900
8240,2620400
8241,2189600
8242,1875000
8243,1536400
8244,1374200
8245,1508400
8246,1225500
8247,1097000
8248,1851600
8249,3484100
8250,1295100
8251,1152700
8252,1822700
8253,1568900
8254,1739100
8255,2108300
8256,2264200
8257,1744900
8258,2098500
8259,1794200
8260,1502800
8261,1695600
8262,3506600
8263,2565200
8264,1771500
8265,2395500
8266,1589900
8267,2419200
8268,1524400
8269,1715300
8270,1557600
8271,1657700
8272,1544900
8273,1501300
8274,1395500
8275,3820100
8276,2659800
8277,1885800
8278,2024000
8279,1953300
8280,1952500
8281,2133000
8282,1483100
8283,1407000
8284,1112300
8285,1246500
8286,1012800
8287,1959200
8288,4061300
8289,1341100
8290,1635100
8291,1291100
8292,1684900
8293,1973000
8294,1631000
8295,1747400
8296,1881600
8297,1809000
8298,1319900
8299,1518400
8300,1528400
8301,3742800
8302,1512700
8303,1536200
8304,1622400
8305,1479300
8306,2019300
8307,2544200
8308,1681600
8309,1717700
8310,1555000
8311,1275400
8312,1117300
8313,990400
8314,1236800
8315,1833000
8316,1676700
8317,1355300
8318,1072500
8319,1111700
8320,4324600
8321,1344500
8322,1534000
8323,1796400
8324,1551100
8325,2303300
8326,1853500
8327,2286900
8328,2058600
8329,1636700
8330,1732500
8331,1232700
8332,1222300
8333,1335400
8334,4709800
8335,1227100
8336,1453800
8337,1568000
8338,1644500
8339,2056300
8340,2238100
8341,1790100
8342,1437100
8343,1423300
8344,1332200
8345,1299700
8346,1378700
8347,3043600
8348,2151100
8349,1259400
8350,1675000
8351,1446700
8352,1439800
8353,2243000
8354,1990400
8355,1546300
8356,1876300
8357,1708100
8358,1685200
8359,1160300
8360,1343800
8361,1239700
8362,3159900
8363,2665100
8364,1465800
8365,1705200
8366,1988800
8367,1408900
8368,2017300
8369,2203500
8370,2360900
8371,1860900
8372,1594600
8373,1341200
8374,1343100
8375,2338700
8376,3113500
8377,1562000
8378,1936800
8379,2035500
8380,1779900
8381,1659900
8382,1445600
8383,2157600
8384,1847400
8385,1452900
8386,1384900
8387,1296400
8388,1111600
8389,2199800
8390,3855300
8391,1354100
8392,2064400
8393,1635100
8394,1768200
8395,1852300
8396,2136900
8397,1547600
8398,1466600
8399,1498900
8400,1516400
8401,1335600
8402,7424800
8403,3196000
8404,1968600
8405,2176900
8406,2432900
8407,2554700
8408,2186900
8409,2227300
8410,1816500
8411,1460300
8412,1482700
8413,1132300
8414,5292300
8415,2533100
8416,2269800
8417,1582200
8418,1677800
8419,2860200
8420,3029300
8421,2319400
8422,1822300
8423,1625600
8424,2500500
8425,1837300
8426,4032800
8427,3140600
8428,1908800
8429,1936400
8430,2291200
8431,2968000
8432,2082900
8433,3060800
8434,2836700
8435,1516900
8436,1603000
8437,1584400
8438,4806800
8439,1926400
8440,2141700
8441,2213000
8442,2374200
8443,2731200
8444,1839900
8445,2567500
8446,2625400
8447,2454100
8448,1633300
8449,1330000
8450,2490400
8451,3436200
8452,1936600
8453,1997100
8454,1778300
8455,2442500
8456,2497800
8457,1831800
8458,7327300
8459,2599500
8460,1420600
8461,1319400
8462,1259300
8463,1608900
8464,3944900
8465,2042400
8466,1551800
8467,2077600
8468,1781400
8469,2322900
8470,2270600
8471,1819400
8472,1862400
8473,1469700
8474,1527000
8475,3360500
8476,2752700
8477,1538400
8478,1608200
8479,1837600
8480,1734000
8481,1896300
8482,1876900
8483,1335200
8484,1207900
8485,1503000
8486,1294700
8487,1229600
8488,1078400
8489,1875800
8490,3879200
8491,1389200
8492,2037300
8493,1985200
8494,1854000
8495,2038200
8496,2070700
8497,1483000
8498,1455200
8499,1189800
8500,1173200
8501,987100
8502,2987900
8503,1662000
8504,1105000
8505,1716300
8506,1549700
8507,1662500
8508,1804300
8509,1682300
8510,2231800
8511,1750400
8512,1425000
8513,1294200
8514,1289400
8515,1688000
8516,3716500
8517,1414500
8518,1543400
8519,1609700
8520,1435400
8521,2019500
8522,2039400
8523,1447800
8524,1368800
8525,1403200
8526,1222400
8527,1027900
8528,1323500
8529,1192500
8530,1183100
8531,1067100
8532,982000
8533,2071700
8534,3242400
8535,1731600
8536,1737800
8537,1277200
8538,2299500
8539,2392000
8540,1827000
8541,2034400
8542,2007500
8543,1801500
8544,1453300
8545,1460000
8546,1229600
8547,1268600
8548,1184100
8549,5034300
8550,1765200
8551,1410900
8552,1747300
8553,1481600
8554,1634300
8555,1646400
8556,2326400
8557,2365400
8558,1456100
8559,1605800
8560,1961000
8561,1535000
8562,1307000
8563,3952500
8564,1707600
8565,1450700
8566,1575700
8567,1761200
8568,2943300
8569,1975400
8570,2609100
8571,1905800
8572,1581400
8573,1380900
8574,1258100
8575,1860700
8576,2476500
8577,1651900
8578,2007000
8579,2130600
8580,2171300
8581,2222000
8582,1918100
8583,1577500
8584,1503600
8585,1976800
8586,1414900
8587,1427200
8588,1151900
8589,4796500
8590,2369700
8591,1747000
8592,1766700
8593,1721200
8594,1716800
8595,1907100
8596,2249600
8597,1627300
8598,1507100
8599,1593000
8600,1238400
8601,1539900
8602,4569400
8603,2231700
8604,1534500
8605,1770700
8606,2919100
8607,1949400
8608,1961200
8609,1799500
8610,1483400
8611,1240200
8612,1267200
8613,1484500
8614,2967400
8615,2072700
8616,1285300
8617,1889800
8618,1898500
8619,2156500
8620,3125600
8621,2053300
8622,1858400
8623,1300900
8624,1418000
8625,1725300
8626,1274300
8627,1291100
8628,3355900
8629,1950500
8630,1309600
8631,1273600
8632,1553700
8633,1800900
8634,1885800
8635,1976000
8636,1961300
8637,1584100
8638,1333100
8639,1490500
8640,1296200
8641,1234400
8642,1245600
8643,1159600
8644,1483700
8645,3171800
8646,1516300
8647,1811300
8648,1943300
8649,1412700
8650,2057200
8651,1857000
8652,1902600
8653,1793700
8654,1577400
8655,1369900
8656,1243600
8657,1355000
8658,1576500
8659,4818000
8660,1679800
8661,2017700
8662,1828600
8663,2723600
8664,2235400
8665,1851400
8666,1637800
8667,1550300
8668,1345000
8669,1056900
8670,5234000
8671,1518900
8672,1675300
8673,1742300
8674,1828600
8675,1688200
8676,2015800
8677,2663700
8678,1778600
8679,1441600
8680,1164900
8681,1360600
8682,1218600
8683,4211400
8684,2008300
8685,1466500
8686,1529100
8687,1686400
8688,2069300
8689,2286800
8690,2290300
8691,2474300
8692,1294200
8693,1583300
8694,1307900
8695,1126800
8696,1112200
8697,1240100
8698,3158200
8699,1437300
8700,1767900
8701,1471400
8702,1716800
8703,1752500
8704,1735800
8705,2496900
8706,1799100
8707,1601200
8708,1320000
8709,1583300
8710,1464200
8711,1354900
8712,1227000
8713,1075700
8714,2346600
8715,3914200
8716,1405700
8717,1417200
8718,1661600
8719,1694800
8720,2265900
8721,2064000
8722,1617800
8723,1739500
8724,1607700
8725,1348400
8726,1179200
8727,1005600
8728,968200
8729,3529000
8730,3482700
8731,1473900
8732,1608500
8733,1486900
8734,1493100
8735,2384000
8736,2148200
8737,2210700
8738,2097500
8739,1481400
8740,1688300
8741,1280400
8742,2838300
8743,2585500
8744,1357200
8745,1524500
8746,1916000
8747,2039700
8748,1614600
8749,2008300
8750,2094000
8751,1911400
8752,1402100
8753,1359200
8754,1310500
8755,1313600
8756,1311900
8757,1559800
8758,1167300
8759,5974300
8760,1381400
8761,1953600
8762,1761700
8763,1548300
8764,1979300
8765,1663300
8766,1809200
8767,1700600
8768,1409600
8769,1332000
8770,1269600
8771,1050600
8772,1300600
8773,2664500
8774,1859600
8775,1208700
8776,1775900
8777,1851400
8778,1884400
8779,2323100
8780,2121800
8781,1864900
8782,1343400
8783,1596000
8784,1334200
8785,1117800
8786,1300600
8787,1026300
8788,2319600
8789,3610800
8790,1272200
8791,1909800
8792,1395000
8793,2292700
8794,2247100
8795,2256000
8796,1493600
8797,1378700
8798,1365700
8799,1141200
8800,1415300
8801,1143500
8802,4049000
8803,2759800
8804,1769800
8805,1510000
8806,1634400
8807,1289700
8808,1626500
8809,1302700
8810,1758200
8811,1969200
8812,1802700
8813,1915200
8814,1537200
8815,1536400
8816,3925200
8817,3135200
8818,2110600
8819,2169100
8820,2523300
8821,2065400
8822,2940700
8823,1983500
8824,1546700
8825,1939900
8826,1796900
8827,1411700
8828,1467700
8829,3107200
8830,3487300
8831,1727600
8832,1399700
8833,1404100
8834,1601700
8835,2797400
8836,2234400
8837,1487400
8838,1449000
8839,1215200
8840,1215900
8841,983400
8842,2596500
8843,1910400
8844,1821800
8845,2034800
8846,1381700
8847,1831500
8848,1884400
8849,2199200
8850,1695300
8851,1413000
8852,1320100
8853,1383800
8854,1507500
8855,1238600
8856,1289000
8857,1190400
8858,3472500
8859,2920200
8860,1918300
8861,1574300
8862,1824700
8863,2034800
8864,1845600
8865,1670900
8866,1564800
8867,1475900
8868,1677100
8869,1947500
8870,1232500
8871,1233300
8872,1207700
8873,2242000
8874,3170300
8875,1784700
8876,1790900
8877,1363100
8878,1609800
8879,2032400
8880,2029500
8881,1902100
8882,1774300
8883,1576500
8884,1339500
8885,1200300
8886,1126400
8887,2406300
8888,3435200
8889,1751700
8890,1372900
8891,2156400
8892,2027000
8893,1955600
8894,2665500
8895,2153300
8896,1460000
8897,1390700
8898,1280800
8899,962700
8900,1106100
8901,2749800
8902,3199600
8903,1258000
8904,1553300
8905,1930300
8906,1624100
8907,1929600
8908,1766200
8909,1974000
8910,2487000
8911,1452900
8912,1600100
8913,1115000
8914,2475300
8915,3935400
8916,1678700
8917,1601600
8918,1794500
8919,2437600
8920,2545000
8921,2098900
8922,1356500
8923,1710500
8924,1686400
8925,1910700
8926,1921100
8927,1189300
8928,1273800
8929,3746100
8930,1854700
8931,1618800
8932,1270500
8933,1553400
8934,1744100
8935,1966900
8936,2782700
8937,1699200
8938,1471200
8939,1236100
8940,1217300
8941,2113100
8942,3784700
8943,1505700
8944,1749400
8945,1756900
8946,1269000
8947,2084900
8948,1833100
8949,1871700
8950,1629600
8951,1382800
8952,1389200
8953,1865800
8954,1231100
8955,1183400
8956,1108900
8957,1710000
8958,3846800
8959,1471900
8960,1763100
8961,1760100
8962,1993300
8963,1928100
8964,1866500
8965,2184100
8966,1571300
8967,1325300
8968,1230200
8969,1050500
8970,2718200
8971,1617100
8972,1723600
8973,1637100
8974,1655600
8975,2203400
8976,2076100
8977,1840800
8978,1575500
8979,1290300
8980,1319400
8981,1310900
8982,1278000
8983,1141700
8984,1133700
8985,1353200
8986,1054600
8987,1270500
8988,3331100
8989,2689500
8990,1596500
8991,1518100
8992,1472500
8993,1604200
8994,2592400
8995,2389700
8996,1832600
8997,1769500
8998,1073600
8999,1364900
9000,973300
9001,2771700
9002,2153000
9003,1702000
9004,1752600
9005,1280600
9006,1411600
9007,1591400
9008,1675200
9009,2014100
9010,1507200
9011,1448400
9012,1393500
9013,1197900
9014,1573400
9015,4480300
9016,1459600
9017,1416800
9018,1632700
9019,2122400
9020,1906400
9021,1997600
9022,2060200
9023,1590400
9024,1579600
9025,1384100
9026,1378300
9027,1785900
9028,4184700
9029,1509900
9030,1716900
9031,1582900
9032,1409700
9033,2820300
9034,1976000
9035,2006600
9036,1785700
9037,1723100
9038,1258900
9039,1411800
9040,1333800
9041,1222500
9042,1298300
9043,1089200
9044,2850700
9045,1847100
9046,1587700
9047,1742500
9048,1545900
9049,2006400
9050,2021000
9051,2151900
9052,2204500
9053,2078500
9054,1439500
9055,1688500
9056,1186500
9057,1346200
9058,3032100
9059,1900500
9060,1347400
9061,1212300
9062,1637800
9063,1816400
9064,1524900
9065,1882000
9066,1979600
9067,1445200
9068,1693000
9069,1282100
9070,1016600
9071,1095100
9072,2044100
9073,3191800
9074,1962700
9075,1231900
9076,1691300
9077,1621500
9078,1620900
9079,1662700
9080,2315000
9081,1888800
9082,1435700
9083,1317200
9084,1421500
9085,1334500
9086,1552300
9087,3619400
9088,1652300
9089,1164000
9090,1529100
9091,1581800
9092,2030900
9093,1875000
9094,2274500
9095,1918800
9096,1611400
9097,1446800
9098,1311900
9099,1139700
9100,1858300
9101,2738300
9102,1516400
9103,1730200
9104,1668600
9105,1847900
9106,2624000
9107,1931600
9108,2159100
9109,1614000
9110,1688100
9111,1846200
9112,1154900
9113,2692100
9114,3278900
9115,1747800
9116,1356500
9117,1605400
9118,1958500
9119,1932300
9120,2038000
9121,1711400
9122,1328100
9123,1363800
9124,1351900
9125,1165400
9126,1116700
9127,1248100
9128,3434600
9129,2192600
9130,1744800
9131,1715300
9132,1499700
9133,1574500
9134,2179900
9135,1969200
9136,1886900
9137,1646500
9138,1421500
9139,1385100
9140,1069700
9141,1170000
9142,1384800
9143,3265000
9144,1791600
9145,1579700
9146,1827600
9147,1675100
9148,1789100
9149,1860000
9150,1417700
9151,2070200
9152,1727600
9153,1588200
9154,1945000
9155,1198300
9156,3167000
9157,2387000
9158,1201600
9159,1898000
9160,1644500
9161,1755100
9162,2319300
9163,2043900
9164,2085300
9165,1663900
9166,1523800
9167,1496900
9168,1387900
9169,1426500
9170,3416300
9171,2171200
9172,1316700
9173,1525500
9174,1370000
9175,1887300
9176,1929300
9177,1843500
9178,1523900
9179,1324500
9180,1414500
9181,1242900
9182,1048800
9183,1364900
9184,3408200
9185,1665900
9186,1673400
9187,1928800
9188,1952300
9189,1796300
9190,1773200
9191,1645000
9192,1884600
9193,1417400
9194,1344000
9195,1273600
9196,1323300
9197,2659100
9198,3125100
9199,1995800
9200,1975500
9201,1883700
9202,2389700
9203,2491700
9204,1647000
9205,2607200
9206,2063800
9207,1818500
9208,1359800
9209,1196800
9210,1381800
9211,1227700
9212,1697700
9213,1452200
9214,1335800
9215,1064100
9216,1309400
9217,1492500
9218,3505000
9219,1678200
9220,1595600
9221,2045600
9222,2073300
9223,1825500
9224,2024600
9225,1696500
9226,1671500
9227,1524600
9228,1329200
9229,1203400
9230,1115500
9231,969400
9232,878300
9233,1189300
9234,1079400
9235,1142700
9236,1280200
9237,1358700
9238,1185400
9239,1682800
9240,1396300
9241,4268600
9242,1868700
9243,1941800
9244,1604900
9245,1255300
9246,1379100
9247,1829100
9248,2204100
9249,2037800
9250,1649800
9251,1284600
9252,1512500
9253,1085600
9254,3963100
9255,1984600
9256,1531800
9257,1599500
9258,1451800
9259,2521900
9260,2331900
9261,2199700
9262,2245600
9263,1369800
9264,1519800
9265,1628500
9266,1692200
9267,3530000
9268,1644500
9269,1658300
9270,1367700
9271,1208500
9272,1957100
9273,2202700
9274,1881400
9275,2008400
9276,1553800
9277,1272600
9278,1124400
9279,1072500
9280,3152100
9281,3312300
9282,2054700
9283,1553000
9284,1851900
9285,1619000
9286,2458400
9287,2732800
9288,2275500
9289,1239500
9290,1330100
9291,1647600
9292,1800900
9293,1376800
9294,1165400
9295,3364600
9296,2720000
9297,1389000
9298,1418900
9299,1698000
9300,1779700
9301,1926400
9302,1968900
9303,1587800
9304,1725100
9305,1723100
9306,1825200
9307,1506900
9308,1461400
9309,1106800
9310,1057200
9311,5428300
9312,1579700
9313,2468100
9314,2463800
9315,2442700
9316,2471000
9317,2386100
9318,2204000
9319,2244000
9320,1741500
9321,1303800
9322,1373200
9323,1458900
9324,4205000
9325,3374700
9326,1280400
9327,1484300
9328,1657100
9329,1551300
9330,2959100
9331,2515700
9332,1916100
9333,1514100
9334,1668900
9335,1485700
9336,1309500
9337,4440100
9338,1554200
9339,2756500
9340,2609800
9341,2551500
9342,3079200
9343,2545400
9344,2105300
9345,1885200
9346,1489600
9347,1526300
9348,1695800
9349,3333500
9350,3006300
9351,1875700
9352,2049400
9353,1837300
9354,2456900
9355,2313200
9356,2415500
9357,2177500
9358,1759100
9359,1434400
9360,1756700
9361,1522700
9362,1737300
9363,1390800
9364,3505700
9365,1772100
9366,1338400
9367,1284900
9368,1335200
9369,1984100
9370,2112800
9371,1866200
9372,1808600
9373,1492900
9374,1579300
9375,1291900
9376,1106000
9377,1004800
9378,953400
9379,1905900
9380,3457800
9381,1823100
9382,1701700
9383,2211400
9384,2114800
9385,1953100
9386,2296900
9387,2152600
9388,2275500
9389,1550400
9390,1435700
9391,1367600
9392,1181800
9393,1836300
9394,3230800
9395,1827700
9396,1645000
9397,1506700
9398,1514700
9399,1753600
9400,2314900
9401,2125000
9402,2377500
9403,2182200
9404,1480000
9405,1147200
9406,971700
9407,1285900
9408,3771900
9409,2381200
9410,2098300
9411,1390400
9412,1627500
9413,2214500
9414,1615400
9415,2260400
9416,1966800
9417,1509500
9418,1447300
9419,1267500
9420,1344700
9421,1888000
9422,4025400
9423,1549500
9424,1693800
9425,2331100
9426,2386100
9427,2611800
9428,2361300
9429,2644800
9430,2487400
9431,2475800
9432,1568900
9433,2037300
9434,3472000
9435,4053300
9436,2406400
9437,2076200
9438,2757000
9439,1840300
9440,2306100
9441,2457100
9442,2418900
9443,1807100
9444,2409600
9445,1277200
9446,1087300
9447,1064700
9448,1071700
9449,1056900
9450,1523500
9451,2257700
9452,2902900
9453,2011000
9454,1316800
9455,4232600
9456,1519100
9457,1659000
9458,2254300
9459,2482800
9460,1811500
9461,2116400
9462,1883000
9463,1702300
9464,1749600
9465,2586100
9466,3041000
9467,3061500
9468,1612500
9469,1981700
9470,1985500
9471,2423000
9472,1901500
9473,2447300
9474,2705900
9475,1944900
9476,1652300
9477,1425000
9478,2016700
9479,1441800
9480,1277600
9481,1195100
9482,1506900
9483,2076000
9484,3932000
9485,1615600
9486,1846200
9487,1819300
9488,2499500
9489,1793100
9490,2034500
9491,1912300
9492,1444400
9493,1315200
9494,1288600
9495,1320100
9496,1876200
9497,4085800
9498,2261900
9499,1374300
9500,1591600
9501,1307700
9502,2289500
9503,2598200
9504,2073800
9505,1811200
9506,1474700
9507,1209100
9508,1336100
9509,1839900
9510,3713100
9511,1266100
9512,2347800
9513,1580500
9514,2289400
9515,1420700
9516,2410700
9517,2184900
9518,1591900
9519,1398700
9520,1317400
9521,1410900
9522,1222100
9523,1170100
9524,4807000
9525,4041700
9526,2102200
9527,2425900
9528,2162700
9529,2762300
9530,2125400
9531,2338300
9532,1708300
9533,1493400
9534,1313300
9535,1305500
9536,2031900
9537,4013300
9538,1843300
9539,2008900
9540,1668700
9541,1890800
9542,2420300
9543,2354600
9544,3010800
9545,2163700
9546,1815900
9547,1631900
9548,1414300
9549,1397300
9550,1391500
9551,4681400
9552,1759500
9553,1756600
9554,2089500
9555,1491500
9556,2836800
9557,2051500
9558,2394200
9559,2180300
9560,2450700
9561,2094100
9562,4007600
9563,1917000
9564,4546100
9565,2158600
9566,1877900
9567,1834500
9568,1717500
9569,2730200
9570,2686600
9571,2532600
9572,1921500
9573,1614500
9574,1792800
9575,1256400
9576,4141400
9577,2230700
9578,1771100
9579,1694400
9580,1574800
9581,2290500
9582,2084200
9583,2227500
9584,1516100
9585,1224400
9586,1395500
9587,1911600
9588,1273900
9589,1421700
9590,1578400
9591,4697000
9592,2562900
9593,2279900
9594,2519300
9595,1893300
9596,1859000
9597,1795800
9598,2507200
9599,1736600
9600,1538300
9601,1281900
9602,1221700
9603,2104500
9604,3758700
9605,1471800
9606,1644700
9607,1273100
9608,1817300
9609,2067000
9610,2087100
9611,2074200
9612,1999100
9613,1644300
9614,1499500
9615,1359500
9616,1134000
9617,2221300
9618,3166000
9619,1304200
9620,1846800
9621,1494900
9622,1756400
9623,1901400
9624,2114400
9625,1492900
9626,1562100
9627,1623900
9628,2113100
9629,2100500
9630,3017300
9631,2909800
9632,1442800
9633,1423300
9634,1755700
9635,1770100
9636,2020000
9637,2034100
9638,1979200
9639,1693500
9640,1251300
9641,1565700
9642,1212200
9643,1372600
9644,3851600
9645,2214000
9646,1799100
9647,2010300
9648,1415100
9649,2445300
9650,2782000
9651,2201300
9652,1868000
9653,1504400
9654,1659500
9655,1550100
9656,1075100
9657,2333600
9658,2738100
9659,1794000
9660,1255500
9661,1458400
9662,1996000
9663,2010000
9664,2291700
9665,2149900
9666,1674700
9667,1307000
9668,1365500
9669,1408000
9670,1456500
9671,1331600
9672,1664300
9673,1465100
9674,1365800
9675,1324000
9676,2172000
9677,3431200
9678,1666100
9679,1432100
9680,1433000
9681,1914000
9682,2408600
9683,2344800
9684,2136900
9685,1746200
9686,2519600
9687,1613100
9688,1183800
9689,1686600
9690,3024500
9691,1338200
9692,2479300
9693,2058800
9694,2357400
9695,2752400
9696,2691500
9697,2756900
9698,2109000
9699,1882900
9700,1646000
9701,1467900
9702,1457500
9703,5409800
9704,1747800
9705,1679600
9706,1879000
9707,2014800
9708,2471300
9709,1902800
9710,2218800
9711,2331800
9712,1698400
9713,1566300
9714,1308000
9715,1367600
9716,5906600
9717,1466700
9718,1792000
9719,1687700
9720,1559300
9721,1871100
9722,3144200
9723,2009200
9724,1894800
9725,1593100
9726,1893000
9727,1547200
9728,1547400
9729,1222300
9730,2067400
9731,3868200
9732,2060100
9733,1756600
9734,2271900
9735,1845300
9736,2326000
9737,2767000
9738,2149400
9739,1580800
9740,1379600
9741,1806800
9742,1232400
9743,1363800
9744,1380400
9745,3621400
9746,2041400
9747,1239000
9748,1681700
9749,2269700
9750,1767200
9751,1626300
9752,1973200
9753,2062000
9754,2084700
9755,1788700
9756,1314900
9757,1473200
9758,1069200
9759,5055200
9760,2174100
9761,1953500
9762,2244600
9763,1832800
9764,2506900
9765,1698100
9766,2527800
9767,2223900
9768,1634100
9769,1480800
9770,1401800
9771,1154800
9772,2376100
9773,1965700
9774,1786000
9775,1529900
9776,1439100
9777,2178800
9778,2483800
9779,2471300
9780,1545700
9781,1685800
9782,1186700
9783,1355300
9784,1324700
9785,4088000
9786,1580200
9787,1670900
9788,1829600
9789,1758600
9790,2129300
9791,1941400
9792,1859900
9793,1717600
9794,1542900
9795,1286700
9796,1251300
9797,1627700
9798,4339800
9799,1350000
9800,1783800
9801,1775200
9802,1826900
9803,2434200
9804,1805500
9805,1903900
9806,1679600
9807,1283700
9808,1294200
9809,1201500
9810,1043300
9811,3113400
9812,3118800
9813,1540100
9814,2020100
9815,2061200
9816,1635300
9817,2411100
9818,1924000
9819,1980400
9820,1607200
9821,1406900
9822,1318200
9823,1110600
9824,1285800
9825,2919000
9826,2872900
9827,1336200
9828,1564700
9829,1506600
9830,1627300
9831,1836600
9832,2036100
9833,2057100
9834,1557400
9835,1416000
9836,1448400
9837,1264500
9838,3241200
9839,3216100
9840,1444400
9841,1656800
9842,1611700
9843,1986800
9844,1582500
9845,1879600
9846,1475900
9847,1345800
9848,1435800
9849,1279200
9850,1000900
9851,4763000
9852,1734700
9853,1909600
9854,1684100
9855,1473100
9856,2153900
9857,1939300
9858,2339800
9859,1601100
9860,1417700
9861,1311000
9862,1084400
9863,2371700
9864,2979300
9865,1444800
9866,1691300
9867,1577200
9868,1917600
9869,2060400
9870,2661800
9871,2695500
9872,1986600
9873,1539800
9874,2273700
9875,1973000
9876,1960500
9877,2812000
9878,1316600
9879,1858400
9880,1774400
9881,1670000
9882,2109000
9883,1722500
9884,1963700
9885,1445200
9886,1468100
9887,1636400
9888,1339600
9889,1246300
9890,1530800
9891,1557900
9892,1559400
9893,1261800
9894,1108700
9895,1496300
9896,4909900
9897,1643000
9898,1662300
9899,1750800
9900,2617500
9901,2344000
9902,2250400
9903,1652900
9904,1482000
9905,1763000
9906,2078600
9907,1618400
9908,1169600
9909,3044600
9910,3637000
9911,1328300
9912,2070800
9913,1677700
9914,2096800
9915,1491800
9916,2515200
9917,2014200
9918,1660000
9919,2024300
9920,2223800
9921,1784200
9922,1546100
9923,4180300
9924,2943400
9925,2052600
9926,1921900
9927,2030200
9928,2686800
9929,2586400
9930,2334900
9931,2327600
9932,1538700
9933,2053700
9934,2721700
9935,1459400
9936,1300700
9937,3244400
9938,2630100
9939,1422100
9940,1965800
9941,2947000
9942,2557500
9943,3092500
9944,2109200
9945,1625900
9946,1611300
9947,1245500
9948,1394500
9949,1252700
9950,4992100
9951,1850100
9952,1955500
9953,1665700
9954,1644000
9955,2225400
9956,1750900
9957,2119500
9958,1520500
9959,1422800
9960,1299100
9961,1178400
9962,1037300
9963,1817400
9964,4398700
9965,1244400
9966,1644400
9967,1861500
9968,1676600
9969,1688500
9970,1863100
9971,2268800
9972,1486800
9973,1313300
9974,1143600
9975,1199000
9976,1402900
9977,1358100
9978,1257000
9979,1015600
9980,1001100
9981,3916700
9982,1311500
9983,1291500
9984,1580300
9985,2052000
9986,1856400
9987,2161300
9988,1727800
9989,1904200
9990,1612500
9991,1565300
9992,1472000
9993,1306400
9994,952800
9995,2298100
9996,3047100
9997,1137800
9998,1401000
9999,1721500
10000,1564200
10001,2260500
10002,1767300
10003,1907000
10004,1742500
10005,1160100
10006,1462700
10007,1373800
10008,1938900
10009,3379400
10010,1445700
10011,1756400
10012,1676600
10013,1525300
10014,1806200
10015,1855000
10016,2446700
10017,1486600
10018,1344700
10019,1326600
10020,1189900
10021,1501300
10022,4553900
10023,1224000
10024,2214400
10025,1459200
10026,1931800
10027,1867500
10028,2446800
10029,2027900
10030,1533800
10031,1649700
10032,1117500
10033,1360700
10034,1201500
10035,3220500
10036,1248700
10037,1631400
10038,2048100
10039,2209300
10040,2268000
10041,1646800
10042,1774000
10043,1359200
10044,1636900
10045,1313000
10046,1460400
10047,3521400
10048,1821500
10049,1429600
10050,1204100
10051,1594900
10052,1701200
10053,1930900
10054,2039400
10055,1592800
10056,1257000
10057,1177100
10058,1422900
10059,1652900
10060,1514600
10061,1143100
10062,1072500
10063,1187600
10064,1997000
10065,3783300
10066,1436300
10067,1513000
10068,1414300
10069,1359200
10070,2218900
10071,2041700
10072,1758600
10073,1823600
10074,1201600
10075,1539100
10076,1251400
10077,1267200
10078,1268700
10079,3307700
10080,2243000
10081,1749700
10082,1472400
10083,1480500
10084,2146000
10085,1382500
10086,2233500
10087,1624400
10088,1591600
10089,1605400
10090,1212900
10091,1226100
10092,2375600
10093,3180100
10094,1354800
10095,1603100
10096,1433500
10097,1425400
10098,2673300
10099,2796800
10100,2301100
10101,1553700
10102,1878100
10103,1228300
10104,1181000
10105,1007800
10106,2039700
10107,3207900
10108,1726700
10109,1782400
10110,1669800
10111,1537200
10112,2054200
10113,1995800
10114,1877100
10115,1802500
10116,1431400
10117,1160000
10118,1039300
10119,1170700
10120,1436600
10121,1641600
10122,1198200
10123,1221400
10124,3641100
10125,2064800
10126,1574400
10127,1480000
10128,1563300
10129,2176300
10130,1794500
10131,1755400
10132,1823600
10133,1497800
10134,1795500
10135,1398200
10136,1273400
10137,1242800
10138,1499400
10139,3551000
10140,1882300
10141,1563200
10142,1798700
10143,1454500
10144,1979000
10145,2066300
10146,1647600
10147,1522100
10148,1432000
10149,1280300
10150,1263200
10151,1178000
10152,1251000
10153,2280500
10154,2723800
10155,1302400
10156,1363500
10157,1612400
10158,1987400
10159,2021600
10160,2243000
10161,2064400
10162,1727200
10163,1450600
10164,1534700
10165,1254200
10166,1084000
10167,3740100
10168,2119500
10169,1128900
10170,1759300
10171,1840500
10172,1385700
10173,2020300
10174,1796700
10175,2008900
10176,1736500
10177,2072500
10178,1681000
10179,1602600
10180,1387300
10181,1150100
10182,2742800
10183,2447600
10184,1270600
10185,1539300
10186,1862100
10187,1786600
10188,1891400
10189,2231100
10190,1628900
10191,1270500
10192,1611800
10193,1343200
10194,1006800
10195,3156200
10196,2942800
10197,1351000
10198,1312200
10199,1673500
10200,1620800
10201,1930900
10202,1469700
10203,2431600
10204,1622200
10205,1458000
10206,1362600
10207,1291000
10208,2691700
10209,2677100
10210,1563900
10211,1367800
10212,1220500
10213,1583600
10214,1856100
10215,1862600
10216,2221400
10217,2057100
10218,1502700
10219,1378100
10220,1576500
10221,1165700
10222,1037400
10223,1734500
10224,3363800
10225,1517100
10226,2091600
10227,1469300
10228,1398700
10229,1863300
10230,1951800
10231,1758700
10232,1711700
10233,1697800
10234,2357800
10235,1344900
10236,1090000
10237,1492100
10238,2259500
10239,3412600
10240,1261400
10241,2236300
10242,2032300
10243,1689800
10244,1810000
10245,2059600
10246,1801700
10247,1357800
10248,1424600
10249,1576300
10250,1131700
10251,3196500
10252,2579900
10253,1398600
10254,1445300
10255,1418000
10256,1716600
10257,1818300
10258,1909100
10259,1859000
10260,2170300
10261,1631000
10262,2013400
10263,1911300
10264,1465300
10265,2271600
10266,3306600
10267,1426100
10268,1582200
10269,1611500
10270,1624500
10271,2192300
10272,2289000
10273,1956800
10274,1550200
10275,1690200
10276,1508900
10277,1190200
10278,3350600
10279,2329800
10280,1610100
10281,1736100
10282,1404500
10283,2261900
10284,1782700
10285,1779600
10286,1752000
10287,1592000
10288,1450600
10289,1084300
10290,1002900
10291,1380100
10292,3691900
10293,1860200
10294,1664900
10295,1981700
10296,1454500
10297,2052100
10298,2770400
10299,2178700
10300,1370700
10301,1538200
10302,1626400
10303,1425100
10304,1772600
10305,1294600
10306,1639400
10307,3043500
10308,2979400
10309,2541000
10310,2072000
10311,2483500
10312,2355200
10313,2086400
10314,2201600
10315,2184500
10316,1570100
10317,1640400
10318,1549500
10319,1535500
10320,2077900
10321,3152500
10322,1723900
10323,1644600
10324,1543400
10325,1582800
10326,2152300
10327,1992400
10328,2041800
10329,1596500
10330,1400100
10331,1548300
10332,1536500
10333,1282100
10334,1425300
10335,2975300
10336,1984700
10337,1205600
10338,1442900
10339,1931500
10340,1610200
10341,2015000
10342,1805000
10343,2032500
10344,1510600
10345,1330100
10346,1212300
10347,1322000
10348,1284700
10349,1566700
10350,1263400
10351,1099800
10352,3055600
10353,2674100
10354,1179300
10355,1723400
10356,1513900
10357,1668800
10358,2375500
10359,1390300
10360,1762300
10361,1738800
10362,2020200
10363,1674700
10364,1676200
10365,1471200
10366,2784800
10367,3384600
10368,1552300
10369,1637600
10370,1151000
10371,1290200
10372,2209300
10373,1793400
10374,1790800
10375,1640300
10376,1377300
10377,1336300
10378,1467600
10379,1172400
10380,1523700
10381,1002400
10382,2580600
10383,2725800
10384,1375600
10385,1947600
10386,1453500
10387,1137900
10388,1411000
10389,2349300
10390,2019900
10391,1582100
10392,1451100
10393,2196000
10394,1247500
10395,1077700
10396,1033800
10397,5400600
10398,1437800
10399,1918600
10400,1957600
10401,1726000
10402,2047100
10403,2184900
10404,2284100
10405,1386800
