frame,frame_time_ns
1,290257400
2,5027300
3,1967100
4,1981800
5,1995500
6,3865300
7,2280000
8,2251400
9,2004200
10,3541600
11,3223300
12,3014200
13,2442200
14,1984800
15,2642500
16,1853700
17,1442500
18,2694300
19,3194600
20,2182300
21,1909600
22,1775300
23,2100600
24,1749500
25,2817600
26,1772600
27,1950900
28,2137800
29,1553200
30,1594500
31,1631000
32,2210900
33,3932100
34,1497300
35,1356200
36,2763000
37,2771000
38,2458000
39,2449700
40,2200700
41,1993600
42,2473400
43,2598300
44,1391500
45,4707200
46,2745300
47,2692800
48,2440600
49,3270900
50,2614900
51,2349600
52,2074800
53,1413500
54,1713800
55,1404500
56,1803900
57,1589100
58,5532500
59,1994700
60,1766800
61,2552100
62,1930800
63,2736900
64,2258400
65,2351700
66,1713000
67,1724000
68,1754600
69,1385700
70,2179800
71,5098000
72,2098000
73,1790800
74,1599100
75,2508900
76,2153800
77,2297300
78,1924200
79,1699800
80,1762200
81,2136000
82,5353200
83,1320600
84,1985400
85,2050300
86,2811300
87,2848000
88,2490600
89,1669700
90,2091400
91,2121300
92,6608500
93,1994100
94,1972400
95,2194800
96,1895500
97,2068500
98,2405600
99,2540800
100,1577100
101,1864800
102,1509800
103,1475400
104,1244500
105,2567200
106,4370400
107,1715000
108,1589400
109,1419900
110,2987500
111,2469700
112,3127300
113,2187900
114,1678800
115,1525500
116,1426300
117,1302000
118,1652000
119,1576800
120,1823500
121,1796600
122,2861300
123,5155600
124,1747600
125,2492600
126,2274200
127,2829100
128,2561100
129,2853100
130,2563000
131,1668300
132,1619900
133,1454000
134,2993500
135,4147400
136,1545000
137,1158300
138,1049700
139,1387300
140,1332100
141,1677900
142,1702600
143,2449400
144,1817000
145,2141100
146,1782800
147,2132400
148,1583900
149,1352900
150,1164900
151,3592500
152,2264800
153,1207500
154,1760400
155,1531800
156,2045600
157,2112300
158,1714000
159,2011200
160,1465000
161,2474900
162,1968900
163,2794200
164,6166100
165,1334600
166,2630200
167,2901900
168,2461000
169,2672200
170,2131500
171,1505500
172,1623000
173,1206500
174,1977700
175,4185500
176,2501800
177,1559500
178,1410900
179,1464500
180,1915400
181,1691500
182,1547700
183,2013100
184,1479900
185,1442800
186,1526200
187,1256900
188,1373800
189,1436800
190,2350600
191,3838700
192,1826700
193,1707100
194,1311700
195,1800100
196,1899400
197,2340400
198,1832700
199,1466900
200,2011300
201,1741000
202,2269800
203,1308900
204,1246000
205,3484100
206,1818200
207,1264100
208,1631500
209,2275100
210,2316400
211,3004400
212,2045500
213,1475000
214,1823799
215,2089001
216,1498200
217,1922400
218,3962900
219,2068401
220,1843200
221,2247800
222,1928700
223,2271600
224,2417400
225,2477101
226,2235600
227,1429300
228,1425101
229,1609701
230,1318300
231,1588000
232,4695100
233,1703001
234,1630300
235,1584600
236,1876900
237,2004800
238,1891701
239,2019200
240,2253500
241,1942999
242,1686699
243,1586200
244,3076900
245,3171600
246,2319100
247,2033500
248,2163801
249,1784800
250,1665099
251,2243400
252,2761800
253,2595300
254,1857801
255,1842700
256,1624500
257,1502100
258,1456200
259,4593000
260,2542499
261,2362700
262,2008699
263,2316100
264,2537400
265,2533000
266,2207700
267,2545400
268,1979600
269,1752499
270,1971100
271,1420900
272,3635500
273,2984101
274,2330601
275,1726100
276,1513300
277,2911900
278,2490200
279,2074500
280,2369899
281,1720399
282,1643300
283,1581000
284,1273600
285,2398400
286,3786600
287,1802000
288,1682000
289,1519200
290,1955500
291,2442900
292,2379899
293,2441100
294,1994900
295,1884700
296,1561801
297,1535900
298,1265400
299,2592600
300,3199000
301,1712400
302,2088900
303,1886301
304,1864301
305,2658200
306,2118000
307,2247600
308,1935899
309,1989299
310,1352000
311,1575700
312,1454301
313,2759200
314,3321400
315,1627000
316,1850200
317,1937400
318,1795599
319,2094199
320,1544900
321,2575200
322,1982000
323,1983699
324,1345500
325,2084900
326,2111599
327,1500299
328,1402500
329,5656900
330,1855901
331,1797500
332,1836700
333,1678900
334,2842401
335,2308299
336,2631999
337,2291000
338,1924600
339,1656100
340,1381600
341,1298000
342,2927901
343,3541801
344,1948499
345,2604201
346,1640101
347,1632300
348,2705800
349,2754999
350,2564700
351,2639300
352,1835901
353,1715000
354,1686800
355,1539099
356,3488100
357,4420800
358,2344001
359,1763301
360,2198699
361,2157300
362,2140299
363,2567200
364,2217200
365,1942000
366,1693900
367,1817601
368,1710799
369,2043001
370,4270600
371,3272800
372,2717900
373,3068700
374,2509001
375,2397901
376,2126400
377,1998800
378,1492700
379,1407401
380,1323900
381,2433000
382,3732499
383,2593200
384,1808301
385,2846299
386,2613001
387,2156600
388,1542600
389,2046201
390,1785400
391,2186001
392,1679501
393,1373600
394,2835700
395,4192300
396,2032500
397,1907300
398,2097300
399,3012101
400,2387599
401,2527901
402,1596000
403,1941700
404,1508599
405,1474300
406,1403800
407,1797100
408,4806300
409,2464000
410,1700700
411,1674600
412,2041600
413,2115699
414,2527700
415,1776399
416,1657300
417,1927400
418,1299900
419,1320499
420,1489599
421,1817799
422,1497500
423,1377600
424,1066600
425,1057700
426,2146900
427,3548301
428,1826600
429,1605001
430,1460800
431,1505301
432,2237899
433,1739799
434,2391400
435,1816800
436,1599299
437,1611499
438,1328600
439,2810300
440,4091101
441,1524801
442,1862901
443,1532999
444,1882200
445,2570800
446,2216401
447,1869301
448,1629300
449,1521900
450,1368400
451,1348300
452,3761799
453,1861999
454,1265300
455,1728500
456,2171400
457,1589900
458,2092599
459,2635800
460,2224700
461,1702300
462,1502000
463,1685400
464,1400000
465,1456101
466,1154400
467,3956500
468,1706601
469,1327800
470,1838900
471,1716100
472,2182200
473,1860899
474,2139600
475,1764600
476,1515200
477,1808799
478,1748701
479,1304200
480,1802100
481,3405700
482,1833800
483,1728100
484,1502199
485,2033100
486,2141600
487,1583600
488,2196300
489,1664400
490,1552800
491,1476100
492,1271900
493,1180600
494,1252400
495,3623901
496,1569500
497,1401901
498,1658100
499,1487801
500,2713700
501,2090099
502,2022900
503,1605801
504,1412300
505,1235100
506,1187900
507,2327600
508,3815300
509,1955799
510,2199600
511,1636100
512,1715401
513,1950300
514,1899700
515,1482900
516,1701499
517,1309900
518,1532500
519,1224600
520,3791899
521,1746499
522,1656400
523,1376801
524,1565600
525,2161399
526,1768801
527,2462399
528,1670200
529,1454999
530,1776900
531,1347400
532,1504100
533,1898100
534,4907800
535,1375600
536,2736400
537,1762700
538,1772000
539,2450400
540,2221901
541,1963100
542,1348799
543,1484500
544,1267399
545,1065301
546,1277700
547,1189200
548,1531700
549,4503700
550,1652500
551,1961500
552,1645099
553,2012000
554,2032300
555,2084900
556,2101500
557,1853700
558,1619800
559,1438900
560,1282100
561,1320101
562,3614401
563,3328999
564,1566000
565,2605500
566,1560700
567,2518500
568,2378600
569,2236300
570,1758699
571,1931199
572,1590200
573,1399100
574,1291300
575,2174000
576,3954599
577,3569901
578,2346500
579,1822500
580,1955299
581,2158100
582,2122500
583,2452100
584,2313300
585,1808699
586,1682099
587,2240199
588,1378899
589,1847500
590,5321799
591,1561700
592,1700600
593,1425800
594,1990199
595,1755400
596,2150700
597,1898499
598,1618100
599,2054601
600,1407800
601,1553000
602,1240601
603,997200
604,3460901
605,2025501
606,1811201
607,1691001
608,1860100
609,2566200
610,2430200
611,2047399
612,1440600
613,1506700
614,1611900
615,1172501
616,1078701
617,1519200
618,1791100
619,2514800
620,2229599
621,1331301
622,1988400
623,1759200
624,2292200
625,2831600
626,2141600
627,1808399
628,2465900
629,1315200
630,1386999
631,1653400
632,4195100
633,1591400
634,1575900
635,6839000
636,4154799
637,2704300
638,1862899
639,1499600
640,1265700
641,1295500
642,1341999
643,1852599
644,1495401
645,1407300
646,1278500
647,4889500
648,2011800
649,1923300
650,2700400
651,2640701
652,2448700
653,2793100
654,1677101
655,2041800
656,1441900
657,1419801
658,1432000
659,3882300
660,3354101
661,2052100
662,2638000
663,2607899
664,2471000
665,2650300
666,2335000
667,1581600
668,1569901
669,1846600
670,1725000
671,2405600
672,3957901
673,1728000
674,1481301
675,1771200
676,2367100
677,2187201
678,2240000
679,1912100
680,1400601
681,1576201
682,1660099
683,1396600
684,1367500
685,5985400
686,1485500
687,1870200
688,2099699
689,3192600
690,14200399
691,2418500
692,1470999
693,1237601
694,3691500
695,2535401
696,2210800
697,2558900
698,2388400
699,1968000
700,1916599
701,2273500
702,2475199
703,1774299
704,1630799
705,1313300
706,1465500
707,5213799
708,2912900
709,1775701
710,1896199
711,1979101
712,2640000
713,2315099
714,1999400
715,1594500
716,1982601
717,1628400
718,1766100
719,1455901
720,1647301
721,4702301
722,2602000
723,2433500
724,1641201
725,2163300
726,2811600
727,2486700
728,2255800
729,1446299
730,2278701
731,1413900
732,1543400
733,3547200
734,1539299
735,1141199
736,1537000
737,1678600
738,1931301
739,2640301
740,2449800
741,1661900
742,1541700
743,1322600
744,1637701
745,1363200
746,1253901
747,1175600
748,3635500
749,3953400
750,1705500
751,1451200
752,1728000
753,2422000
754,2156800
755,2491600
756,2036699
757,1955199
758,1572799
759,2081501
760,2042100
761,1346500
762,1321900
763,1928000
764,3269900
765,1514000
766,1498900
767,1472600
768,1600001
769,2239899
770,1923599
771,2330100
772,2240400
773,2075400
774,1955700
775,1865699
776,1131700
777,4633499
778,1380700
779,2012400
780,1751700
781,1558800
782,1928400
783,1721800
784,1733899
785,2146600
786,1545900
787,1478099
788,1346801
789,1400500
790,1463800
791,3707300
792,1457400
793,1075899
794,1457300
795,1664001
796,2966700
797,2921000
798,2216400
799,1540800
800,2061100
801,1437400
802,1272700
803,1486899
804,3392300
805,1860299
806,1352700
807,1558800
808,1407000
809,1997700
810,2029999
811,2157499
812,2345301
813,1360599
814,1525000
815,1471301
816,1309900
817,1300800
818,4723300
819,2602701
820,1470501
821,1791900
822,2066101
823,2689500
824,2454301
825,1717000
826,1457000
827,1646900
828,1392701
829,1022700
830,2793600
831,2885700
832,1497401
833,1611900
834,2010801
835,1642501
836,1550199
837,2143701
838,2065901
839,1309100
840,1270100
841,1094800
842,1501800
843,1907300
844,1306800
845,1235200
846,1087200
847,1116201
848,4603100
849,1237801
850,1935699
851,2017800
852,1746599
853,1771499
854,2450400
855,1937300
856,1633300
857,1674100
858,1103301
859,1059600
860,1510400
861,1388300
862,1332301
863,1053300
864,2291100
865,3785900
866,1767500
867,1741400
868,1630600
869,2167900
870,2191799
871,1826100
872,1437299
873,1403500
874,1337899
875,1284200
876,1142100
877,1682900
878,3010500
879,1935800
880,1311300
881,1206201
882,1146899
883,1381000
884,1519999
885,1378300
886,1835300
887,2456500
888,2142200
889,1565600
890,1444801
891,1519700
892,1321600
893,1539600
894,1138000
895,2781600
896,2984700
897,1164800
898,1548900
899,1444900
900,1622300
901,1851800
902,1662500
903,1903799
904,1388601
905,1387400
906,1291499
907,1152201
908,1227700
909,2986100
910,2998700
911,1235900
912,2145700
913,1603500
914,1418099
915,1744400
916,2000499
917,1683100
918,1596500
919,1523300
920,1455500
921,1153199
922,1456500
923,1428199
924,3459100
925,1372400
926,1824700
927,1800099
928,1561801
929,1849500
930,1925899
931,2244501
932,1601799
933,1486201
934,1410500
935,1216500
936,1240099
937,1176599
938,1183301
939,4133300
940,1989700
941,1879600
942,1796201
943,2225200
944,2328500
945,2110500
946,1508600
947,1326900
948,1621200
949,1376300
950,1464299
951,4483999
952,1247500
953,1485099
954,1784100
955,1579999
956,2369300
957,2493600
958,1801300
959,1441000
960,1327200
961,1154599
962,1144299
963,1500500
964,3022600
965,1833200
966,1404801
967,1684500
968,1622700
969,1986101
970,2554800
971,2082700
972,1951000
973,1510900
974,1570200
975,1323299
976,1106100
977,1322701
978,3879100
979,2502100
980,1200101
981,1609899
982,1668799
983,1765600
984,1909600
985,1802801
986,1678100
987,1720100
988,1754300
989,1535201
990,1153100
991,1155900
992,1359001
993,1641299
994,3453301
995,1614200
996,1599700
997,1613800
998,1369801
999,1937600
1000,2381601
1001,2202699
1002,1779300
1003,1576700
1004,1561499
1005,1206000
1006,1207600
1007,2250900
1008,3883900
1009,1277200
1010,1616500
1011,1793799
1012,1748299
1013,1686800
1014,2023500
1015,1987701
1016,1762300
1017,1606200
1018,1545000
1019,1184300
1020,1097701
1021,1914000
1022,4281600
1023,1175500
1024,1376400
1025,1666200
1026,1411300
1027,1247699
1028,1395000
1029,1215500
1030,1947500
1031,2006600
1032,1702801
1033,1758000
1034,1757099
1035,5383600
1036,1508401
1037,1763099
1038,1650200
1039,1715600
1040,2399800
1041,2045799
1042,2194800
1043,1857700
1044,1693400
1045,1577801
1046,1281499
1047,5326500
1048,1628000
1049,2076201
1050,1722800
1051,1659001
1052,1942399
1053,2081300
1054,1903401
1055,1587300
1056,1764899
1057,1382701
1058,1168100
1059,1738600
1060,1527299
1061,1661100
1062,1174700
1063,3346199
1064,3446100
1065,1675401
1066,1706900
1067,2582000
1068,1832800
1069,2059100
1070,1802400
1071,2077700
1072,1687199
1073,1249299
1074,1723200
1075,1570099
1076,2508600
1077,3602700
1078,1705301
1079,1674301
1080,1591499
1081,2546800
1082,1578699
1083,1898600
1084,2219800
1085,1824999
1086,1389600
1087,1221400
1088,2575300
1089,1494800
1090,1299500
1091,1164100
1092,3082100
1093,3028101
1094,1348700
1095,1679100
1096,1947100
1097,1625800
1098,2047100
1099,1683799
1100,1913301
1101,1981999
1102,1546899
1103,1436901
1104,1482899
1105,1037900
1106,1062401
1107,1556500
1108,2875500
1109,1920200
1110,1317701
1111,1934500
1112,1605200
1113,1926700
1114,1702801
1115,2166100
1116,1755599
1117,1598400
1118,1855199
1119,1553500
1120,1152400
1121,2517700
1122,2210001
1123,1255700
1124,1848700
1125,1953300
1126,1934601
1127,2557900
1128,1968201
1129,1498400
1130,2027301
1131,1273100
1132,2179101
1133,3405700
1134,1947000
1135,1408500
1136,2587600
1137,2175400
1138,1464000
1139,1501899
1140,1724200
1141,2166900
1142,3926400
1143,1344699
1144,1813400
1145,1771000
1146,1882400
1147,1953100
1148,1959400
1149,1589301
1150,1456500
1151,2039200
1152,3535500
1153,2916600
1154,1795700
1155,2153899
1156,1482100
1157,2117801
1158,2323800
1159,1532800
1160,1359100
1161,1166700
1162,975201
1163,959700
1164,1091900
1165,1382400
1166,1189299
1167,1086100
1168,1242100
1169,1003500
1170,902000
1171,959900
1172,1321001
1173,1179500
1174,1066600
1175,1102300
1176,2706100
1177,2376100
1178,1509899
1179,1861800
1180,1882800
1181,2106400
1182,2298200
1183,2065300
1184,1495600
1185,1267499
1186,1451300
1187,1133400
1188,1160100
1189,1005701
1190,1233500
1191,3447000
1192,2343900
1193,1877000
1194,2129900
1195,1944400
1196,1551200
1197,1481800
1198,1168199
1199,1641400
1200,1135499
1201,3058500
1202,2230101
1203,1675701
1204,1683000
1205,1593100
1206,2003601
1207,1783499
1208,1473500
1209,1625401
1210,1436200
1211,1771701
1212,1449801
1213,1739299
1214,1933500
1215,4372401
1216,1422100
1217,1539599
1218,1524200
1219,1283001
1220,1620800
1221,1818901
1222,2116000
1223,1827499
1224,1448300
1225,1562500
1226,1211200
1227,1793400
1228,1177301
1229,3842299
1230,1487900
1231,1824400
1232,1527101
1233,1579199
1234,1876599
1235,1650900
1236,2231000
1237,2084001
1238,1563599
1239,1344500
1240,1130600
1241,1008401
1242,1526800
1243,4361500
1244,2124700
1245,1961100
1246,1925599
1247,2300800
1248,2295900
1249,2375700
1250,2252399
1251,1961200
1252,1844001
1253,1334900
1254,1286701
1255,1088099
1256,2291101
1257,2835601
1258,1704700
1259,1791500
1260,1787100
1261,1319700
1262,1993600
1263,1698100
1264,1965500
1265,1571000
1266,1482500
1267,1436100
1268,1166000
1269,989200
1270,914501
1271,4816000
1272,1921200
1273,1102701
1274,1315300
1275,1964500
1276,1506300
1277,1569200
1278,2100401
1279,2218099
1280,1369699
1281,1326800
1282,1603400
1283,1244401
1284,1839499
1285,3142200
1286,1905301
1287,1193200
1288,1647699
1289,1687001
1290,1682900
1291,2126501
1292,1940099
1293,1876301
1294,2235099
1295,1952900
1296,1650900
1297,1475201
1298,1144900
1299,1198400
1300,953299
1301,3070199
1302,1779399
1303,1698099
1304,1534400
1305,1384700
1306,2331500
1307,2095299
1308,1992200
1309,1970301
1310,1517400
1311,1003599
1312,1361200
1313,1041299
1314,1175601
1315,1164400
1316,994000
1317,1078900
1318,1074901
1319,1765800
1320,4124299
1321,1433401
1322,1566500
1323,1677600
1324,1801999
1325,1800300
1326,2288900
1327,2002800
1328,1367400
1329,1486100
1330,1204399
1331,1051300
1332,4386700
1333,2661899
1334,2805499
1335,2611101
1336,2654600
1337,2779300
1338,2683300
1339,1623100
1340,1505601
1341,1254200
1342,1448601
1343,3906899
1344,2820800
1345,1296000
1346,1487601
1347,1795599
1348,1955400
1349,1852200
1350,1913099
1351,1982600
1352,1532900
1353,1473299
1354,1380299
1355,1058800
1356,6355500
1357,1459200
1358,1494100
1359,1263699
1360,1432400
1361,2061100
1362,1820000
1363,1705400
1364,1993301
1365,1700599
1366,1562600
1367,1223999
1368,1445600
1369,1303100
1370,2537900
1371,3381200
1372,1750500
1373,1550800
1374,1488301
1375,1842200
1376,1803400
1377,2117700
1378,1869500
1379,1540199
1380,1287700
1381,1014600
1382,1437001
1383,1391499
1384,1277601
1385,1299000
1386,3024600
1387,2153500
1388,1196600
1389,1432500
1390,1373400
1391,1264700
1392,2137300
1393,2231100
1394,1945799
1395,1576600
1396,1654800
1397,1439499
1398,1150600
1399,999199
1400,2218101
1401,3486899
1402,1348499
1403,1561900
1404,1549101
1405,1923100
1406,1721300
1407,2060899
1408,1846200
1409,1539799
1410,1561400
1411,1317600
1412,1048900
1413,1279200
1414,3918500
1415,2435000
1416,1464100
1417,1710200
1418,1304800
1419,2262999
1420,1786100
1421,2008800
1422,1568301
1423,1860600
1424,1463400
1425,1383800
1426,1151100
1427,1093300
1428,1319400
1429,3374299
1430,1810600
1431,1814900
1432,1522500
1433,1737800
1434,1971400
1435,1936900
1436,1897500
1437,1527400
1438,1566001
1439,1319699
1440,1362600
1441,1765999
1442,3599699
1443,1450400
1444,1241799
1445,1578499
1446,1636200
1447,1922400
1448,1721400
1449,2291000
1450,1534401
1451,1647900
1452,1259300
1453,1371800
1454,1360100
1455,3115501
1456,2419100
1457,1102101
1458,1349900
1459,1364601
1460,1697500
1461,1604399
1462,1796801
1463,1491700
1464,1693900
1465,1530899
1466,1341600
1467,1576000
1468,1394800
1469,1561900
1470,1477100
1471,3023401
1472,3481000
1473,1321399
1474,1941899
1475,1892900
1476,1655100
1477,1875300
1478,2511800
1479,2321199
1480,1761199
1481,1628600
1482,2147400
1483,1673500
1484,1670701
1485,1352000
1486,4033800
1487,1936700
1488,1908500
1489,1527700
1490,1366900
1491,1796901
1492,1806900
1493,1875999
1494,1862799
1495,1414900
1496,1406100
1497,1092500
1498,1062401
1499,2707601
1500,3569100
1501,1456599
1502,1843100
1503,2025699
1504,2399701
1505,1305800
1506,2207001
1507,2025400
1508,1535401
1509,1979500
1510,1343200
1511,1107900
1512,974000
1513,2051600
1514,3545600
1515,2284000
1516,1595700
1517,1897099
1518,1431199
1519,1651100
1520,1519701
1521,2205001
1522,2175600
1523,1429400
1524,1808799
1525,1309800
1526,1261600
1527,1606600
1528,2898400
1529,3716501
1530,2363200
1531,2815000
1532,2213599
1533,1851000
1534,2232800
1535,1915800
1536,1679200
1537,1376800
1538,1057800
1539,972500
1540,1161500
1541,1444201
1542,1050699
1543,1219600
1544,1045800
1545,2212099
1546,2658999
1547,1747901
1548,1884100
1549,1800300
1550,1629600
1551,2627500
1552,1890400
1553,2076699
1554,1989700
1555,1833399
1556,1379100
1557,1498599
1558,1144000
1559,1185300
1560,1191999
1561,9854601
1562,1107499
1563,1483600
1564,1662601
1565,1826700
1566,2089100
1567,2180999
1568,2181800
1569,1900000
1570,1394501
1571,1427400
1572,1287201
1573,2225900
1574,3179201
1575,1525400
1576,1581600
1577,1946801
1578,2112900
1579,1998899
1580,2664400
1581,2458100
1582,1436800
1583,1721100
1584,1301300
1585,1108300
1586,1104200
1587,4115401
1588,2394100
1589,1188600
1590,2012700
1591,2094000
1592,2009699
1593,2004700
1594,1886300
1595,1640500
1596,1737900
1597,1691501
1598,1364100
1599,1219300
1600,1598599
1601,4681300
1602,1385599
1603,1641100
1604,1557501
1605,1677800
1606,2196101
1607,1939800
1608,1980601
1609,2169400
1610,1717000
1611,1525000
1612,1291100
1613,1577099
1614,1373700
1615,2462799
1616,3101700
1617,1818099
1618,1208600
1619,2560201
1620,2083101
1621,2371300
1622,2616701
1623,2075201
1624,1539101
1625,1424700
1626,1473699
1627,1245900
1628,3287000
1629,2129999
1630,1279700
1631,2445501
1632,1920600
1633,1811100
1634,1850100
1635,2183901
1636,2043500
1637,1780399
1638,2261800
1639,1473601
1640,1526500
1641,1322799
1642,5250800
1643,1744800
1644,1522301
1645,1911200
1646,2388801
1647,1647300
1648,1953601
1649,2041900
1650,1652501
1651,1466800
1652,1955901
1653,1366399
1654,1186500
1655,1030099
1656,4865299
1657,2488300
1658,1991001
1659,1509801
1660,1634400
1661,2760800
1662,2772600
1663,2167000
1664,1473300
1665,1497200
1666,1327500
1667,1179699
1668,1310899
1669,2594000
1670,3473400
1671,1293300
1672,1708900
1673,1908000
1674,1710300
1675,1941101
1676,2116700
1677,1472000
1678,1546501
1679,1531900
1680,1393900
1681,1447899
1682,1424600
1683,1257700
1684,1084300
1685,1351601
1686,4427901
1687,1949500
1688,1761901
1689,1677401
1690,1625300
1691,2442500
1692,2126000
1693,2264000
1694,2101700
1695,1767700
1696,1413700
1697,1374100
1698,1170500
1699,3682300
1700,2547500
1701,1548200
1702,1548801
1703,2096600
1704,1536801
1705,2889001
1706,2095399
1707,2013801
1708,1674400
1709,1531500
1710,1491399
1711,1116999
1712,1202300
1713,3157700
1714,2947100
1715,1316100
1716,1740000
1717,1632299
1718,1841800
1719,1880000
1720,2308799
1721,1421901
1722,1780900
1723,1438799
1724,1089901
1725,971699
1726,3062101
1727,2765799
1728,1616500
1729,1500100
1730,1411300
1731,2100500
1732,1942299
1733,2410900
1734,1598500
1735,1703900
1736,1388900
1737,1226801
1738,1258900
1739,3812101
1740,1531600
1741,1394900
1742,1414700
1743,1646101
1744,1692100
1745,1853900
1746,2352801
1747,1890300
1748,2253200
1749,1868400
1750,1382399
1751,1087299
1752,1213901
1753,1110001
1754,3830199
1755,1474900
1756,1618100
1757,1397301
1758,1414400
1759,1947201
1760,1741701
1761,1790200
1762,1838401
1763,1490100
1764,1330999
1765,994000
1766,957400
1767,979399
1768,922400
1769,936600
1770,1848800
1771,1348199
1772,1293900
1773,976999
1774,1032101
1775,1029500
1776,1715500
1777,2231901
1778,1621299
1779,1537801
1780,2190500
1781,2013700
1782,1718301
1783,1723099
1784,1878700
1785,1752500
1786,1265199
1787,1623700
1788,1476300
1789,1206101
1790,1011801
1791,991200
1792,2303099
1793,3794200
1794,1192601
1795,2010201
1796,1614700
1797,2184000
1798,2470099
1799,1842500
1800,1518600
1801,1562200
1802,1321300
1803,1291801
1804,1293300
1805,3860200
1806,2044301
1807,1868899
1808,1334099
1809,1258300
1810,1696700
1811,1353801
1812,1751301
1813,2169600
1814,1566299
1815,1770100
1816,1303200
1817,1098501
1818,1097900
1819,1837599
1820,3255200
1821,1545100
1822,1993200
1823,1937600
1824,1747099
1825,1674899
1826,1987200
1827,2143901
1828,1388800
1829,1481299
1830,1361200
1831,1193301
1832,2374500
1833,2591600
1834,1402401
1835,1352200
1836,1466400
1837,1933100
1838,2153301
1839,1778500
1840,1888900
1841,1480800
1842,1358601
1843,1462399
1844,1096500
1845,1104401
1846,2137500
1847,2418500
1848,1547200
1849,1022800
1850,1238800
1851,1482300
1852,1315901
1853,2400400
1854,2176899
1855,2105701
1856,2088399
1857,1361800
1858,1992200
1859,1562900
1860,1265000
1861,1395600
1862,1421300
1863,1215600
1864,5624100
1865,1586100
1866,1762600
1867,1860500
1868,2218500
1869,2410300
1870,1713700
1871,1981400
1872,2237800
1873,2289900
1874,1401300
1875,1176500
1876,1270000
1877,1670000
1878,3432600
1879,1705500
1880,1646000
1881,1554500
1882,1286700
1883,3094200
1884,2737400
1885,2768600
1886,1542700
1887,1980300
1888,1594600
1889,1323900
1890,1322200
1891,1049600
1892,933600
1893,3169000
1894,3002700
1895,1072900
1896,1540100
1897,1605200
1898,1246800
1899,2303800
1900,1988500
1901,2285400
1902,1731400
1903,1421800
1904,1392000
1905,1101900
1906,1791600
1907,3234500
1908,1446700
1909,1078500
1910,1404500
1911,1718000
1912,1418300
1913,2003300
1914,1835000
1915,2035100
1916,1700600
1917,1777700
1918,1425000
1919,1283900
1920,2172800
1921,4067100
1922,1356900
1923,1846300
1924,1532900
1925,1952100
1926,1942300
1927,2107100
1928,1520300
1929,1335700
1930,1663300
1931,1187900
1932,969800
1933,977500
1934,1010100
1935,1278000
1936,3129200
1937,1858600
1938,1110800
1939,1677600
1940,1439100
1941,1476600
1942,2038000
1943,2273600
1944,2167100
1945,2160700
1946,1915900
1947,1282800
1948,1146700
1949,1121500
1950,1128700
1951,3542900
1952,2537700
1953,1372800
1954,1828700
1955,1998100
1956,1823300
1957,2529600
1958,1866600
1959,2166500
1960,1731000
1961,1618700
1962,1573900
1963,1100500
1964,3381400
1965,2491100
1966,1125300
1967,1388600
1968,1672500
1969,1456900
1970,2545500
1971,1660300
1972,1913500
1973,1654400
1974,1456700
1975,1364700
1976,1092900
1977,940300
1978,1156800
1979,3091700
1980,2075400
1981,1948000
1982,1926900
1983,1823300
1984,2149700
1985,1996900
1986,1775600
1987,1531500
1988,1361200
1989,1596000
1990,1481800
1991,1274800
1992,1042900
1993,2029200
1994,3929900
1995,1431900
1996,1496300
1997,1787200
1998,2024500
1999,2290600
2000,1863100
2001,1808500
2002,1683200
2003,1318100
2004,1072500
2005,1366200
2006,1256700
2007,1320900
2008,1046500
2009,894300
2010,936000
2011,1422500
2012,3713500
2013,2544100
2014,1337100
2015,1754600
2016,1400800
2017,1133600
2018,1151700
2019,2438300
2020,1642900
2021,2059300
2022,1479500
2023,1751900
2024,1345600
2025,1127000
2026,1135000
2027,1045400
2028,2788200
2029,3178200
2030,1193200
2031,1984500
2032,1920400
2033,1398800
2034,1737200
2035,2027800
2036,1732300
2037,2005500
2038,1539500
2039,1492400
2040,1617500
2041,1106900
2042,987000
2043,2156400
2044,2618400
2045,1475900
2046,1073600
2047,1732200
2048,1545100
2049,1867600
2050,1722900
2051,2216600
2052,1879000
2053,1743200
2054,2228200
2055,1308200
2056,1135800
2057,1301800
2058,985800
2059,4258500
2060,1474900
2061,1647100
2062,1498200
2063,1493500
2064,1620600
2065,2504300
2066,1812400
2067,1580600
2068,1432500
2069,1636800
2070,1277700
2071,944400
2072,2449800
2073,3150300
2074,1264700
2075,1534000
2076,1917100
2077,1907500
2078,2532600
2079,2249300
2080,1656000
2081,1702100
2082,1594700
2083,1423700
2084,1303700
2085,954100
2086,2615900
2087,3705700
2088,1314000
2089,1340700
2090,1856100
2091,1677100
2092,1889100
2093,1883000
2094,1883200
2095,1500900
2096,1568900
2097,1208100
2098,1117000
2099,1225100
2100,4130100
2101,2169000
2102,1809200
2103,1889300
2104,1456900
2105,1700400
2106,1266200
2107,1485500
2108,2083200
2109,1503700
2110,1495400
2111,1329600
2112,1083500
2113,1209400
2114,1110300
2115,3979000
2116,1861000
2117,1321700
2118,1540100
2119,1591200
2120,1940200
2121,2228700
2122,2744700
2123,1822000
2124,1390000
2125,1256000
2126,1573600
2127,2229000
2128,2112300
2129,2769200
2130,3168800
2131,1404500
2132,2470300
2133,1495100
2134,1464800
2135,1820100
2136,2048400
2137,1819900
2138,2319600
2139,1613600
2140,1457900
2141,1581500
2142,2631500
2143,2726200
2144,1381100
2145,1824900
2146,1452000
2147,1313300
2148,1953700
2149,1908000
2150,1788300
2151,1648700
2152,1709000
2153,1192100
2154,1166900
2155,967700
2156,1767400
2157,3677300
2158,1185300
2159,1531700
2160,1814000
2161,1509900
2162,1782600
2163,1773900
2164,2022700
2165,1285200
2166,1364300
2167,1463800
2168,1305400
2169,1332800
2170,4214500
2171,1458000
2172,1791500
2173,1805000
2174,1235400
2175,1909000
2176,1848000
2177,2181300
2178,1452500
2179,1775000
2180,1377100
2181,1078900
2182,1361300
2183,1204500
2184,5017100
2185,1855600
2186,1566400
2187,1367200
2188,2136000
2189,2188000
2190,1968800
2191,1980600
2192,1657800
2193,1328400
2194,1411400
2195,1176200
2196,1169200
2197,965300
2198,1259000
2199,2640200
2200,2074100
2201,1606300
2202,2004900
2203,1579700
2204,1929500
2205,2185700
2206,2180200
2207,1609700
2208,1386700
2209,1325400
2210,1100900
2211,974800
2212,1069600
2213,4109400
2214,1559800
2215,1149700
2216,1295300
2217,1566800
2218,1615100
2219,1758500
2220,1622000
2221,2192300
2222,1528600
2223,1187400
2224,1943700
2225,1208300
2226,1654500
2227,4961000
2228,1696700
2229,1814900
2230,1444600
2231,1707400
2232,2300400
2233,2154000
2234,1874000
2235,2022600
2236,1239800
2237,999000
2238,1172100
2239,1315600
2240,1262200
2241,1386200
2242,1112300
2243,2847900
2244,2597800
2245,1763800
2246,1877900
2247,1806900
2248,1939000
2249,2347000
2250,2242800
2251,1740700
2252,1814100
2253,1320800
2254,1582200
2255,1213100
2256,2356900
2257,3994000
2258,1366400
2259,1903100
2260,1679900
2261,1956100
2262,1789200
2263,1844600
2264,1914700
2265,1511100
2266,1426800
2267,2024600
2268,1139900
2269,1200300
2270,981600
2271,2566900
2272,2790200
2273,1642600
2274,1912600
2275,1656200
2276,1468800
2277,2421600
2278,1554900
2279,1951300
2280,1719300
2281,1537100
2282,1469700
2283,1256900
2284,1116000
2285,1311800
2286,1362300
2287,3245200
2288,1608300
2289,1185200
2290,1444500
2291,1619500
2292,1498200
2293,1573600
2294,1847000
2295,1500400
2296,1327200
2297,1323300
2298,1681800
2299,1293900
2300,1101800
2301,1033600
2302,977000
2303,1031200
2304,2089500
2305,3299100
2306,1431000
2307,2071600
2308,2131100
2309,1832600
2310,1159100
2311,1459300
2312,2555000
2313,1442300
2314,1247000
2315,1338100
2316,1172400
2317,1325500
2318,1020100
2319,1166100
2320,970200
2321,3289900
2322,1396600
2323,1081900
2324,1699200
2325,1734400
2326,1765700
2327,1648900
2328,2081300
2329,1802800
2330,1345300
2331,1627500
2332,1020700
2333,2180400
2334,3636600
2335,1477700
2336,1847800
2337,1732100
2338,2190600
2339,2055300
2340,1555200
2341,1656800
2342,1222600
2343,2520300
2344,2405100
2345,2224900
2346,1419200
2347,1547900
2348,1701200
2349,2087600
2350,1799600
2351,1529100
2352,1503400
2353,1202200
2354,1310900
2355,979000
2356,1615000
2357,3448200
2358,1177000
2359,1502000
2360,1328800
2361,1344500
2362,1778000
2363,1578900
2364,1731100
2365,2764100
2366,1441900
2367,1679200
2368,1096600
2369,1233400
2370,1105800
2371,1474400
2372,4735300
2373,1270200
2374,1516600
2375,1626700
2376,2143000
2377,2085300
2378,2355500
2379,1968600
2380,1271400
2381,2584700
2382,1176000
2383,1106000
2384,951500
2385,2333400
2386,4724600
2387,1606800
2388,1755700
2389,1671000
2390,1897600
2391,2032000
2392,2484100
2393,1752600
2394,1236800
2395,1632500
2396,1349400
2397,1350100
2398,1107700
2399,1003100
2400,949500
2401,2268200
2402,3451000
2403,1173600
2404,1772300
2405,2795300
2406,2412900
2407,2144700
2408,2112300
2409,1646300
2410,1659400
2411,1659600
2412,1464200
2413,1228300
2414,3395900
2415,2852800
2416,1161600
2417,1648900
2418,1265500
2419,1523700
2420,2112200
2421,2441400
2422,1654700
2423,1309500
2424,1427700
2425,1212600
2426,954100
2427,3300800
2428,2512700
2429,1685400
2430,1632200
2431,1315800
2432,1421000
2433,1962900
2434,1971800
2435,1886300
2436,1547100
2437,1490200
2438,1457200
2439,1158400
2440,934200
2441,3498100
2442,2532300
2443,2021800
2444,1622900
2445,1781700
2446,1940200
2447,1895600
2448,2158300
2449,1637500
2450,1225900
2451,1603500
2452,1263000
2453,1289700
2454,1061300
2455,1276200
2456,3394600
2457,2001300
2458,1419000
2459,1236100
2460,1707800
2461,2763900
2462,1789700
2463,2379500
2464,1965000
2465,1583000
2466,1232500
2467,1122500
2468,1039600
2469,1345200
2470,1300700
2471,1286500
2472,1005900
2473,971300
2474,5316200
2475,1309400
2476,1740500
2477,1976700
2478,1643000
2479,1613100
2480,1848900
2481,2486200
2482,1490600
2483,1977500
2484,1513800
2485,1233100
2486,1293500
2487,3997600
2488,1570700
2489,1486200
2490,1303200
2491,8022900
2492,1578700
2493,1816400
2494,1731600
2495,1764900
2496,1590900
2497,1242200
2498,1164300
2499,1213700
2500,956300
2501,2750800
2502,2720100
2503,1078600
2504,1623500
2505,1753900
2506,1654400
2507,2009400
2508,1730700
2509,1782900
2510,1545300
2511,1480300
2512,1722400
2513,1962600
2514,1578300
2515,2339700
2516,3317500
2517,1576300
2518,1612900
2519,1263600
2520,1478100
2521,1115600
2522,1511200
2523,2347900
2524,2030400
2525,1772100
2526,1672800
2527,1838300
2528,1465900
2529,1347300
2530,1394800
2531,2081200
2532,3339500
2533,1713100
2534,1570700
2535,1758800
2536,1448300
2537,1583700
2538,2448500
2539,1845100
2540,1682100
2541,1727700
2542,1881900
2543,1600900
2544,3160200
2545,3154500
2546,1352600
2547,1364900
2548,1302500
2549,1839400
2550,1840300
2551,1320200
2552,1831900
2553,1609300
2554,1560500
2555,1446300
2556,1179300
2557,940400
2558,866900
2559,1709700
2560,3249600
2561,1350300
2562,1916000
2563,1708300
2564,1749900
2565,1997700
2566,2029300
2567,1475400
2568,1836700
2569,1581400
2570,1455900
2571,1357900
2572,1385600
2573,1069200
2574,1022400
2575,2892600
2576,3171000
2577,1690300
2578,2049300
2579,2217500
2580,1752200
2581,1920800
2582,1516000
2583,1828200
2584,1434000
2585,1547800
2586,1473100
2587,1106700
2588,3015300
2589,3818700
2590,1721400
2591,1736200
2592,1495000
2593,2289900
2594,1979700
2595,1695300
2596,1626100
2597,1519600
2598,1611700
2599,1524700
2600,1252400
2601,1291600
2602,4241000
2603,1535700
2604,1435900
2605,1784200
2606,1286500
2607,2031000
2608,2397800
2609,1942800
2610,1536200
2611,1350800
2612,1411300
2613,1357200
2614,1161800
2615,1137500
2616,1026700
2617,3866400
2618,3039200
2619,1734800
2620,1281400
2621,1726900
2622,1936500
2623,2090700
2624,1777700
2625,2000200
2626,1483200
2627,1269700
2628,1098300
2629,1142200
2630,991800
2631,963600
2632,1090900
2633,1134600
2634,2951300
2635,2386600
2636,1859600
2637,1582900
2638,1849000
2639,2157500
2640,2620000
2641,2439600
2642,2481600
2643,1585200
2644,1441400
2645,1276300
2646,1321600
2647,1284400
2648,1637900
2649,3087100
2650,2047000
2651,1748900
2652,1548900
2653,2128700
2654,2245600
2655,2009000
2656,1948700
2657,1469600
2658,1292500
2659,1432400
2660,1291500
2661,1163500
2662,1113300
2663,1555500
2664,2525300
2665,3238900
2666,1727300
2667,1630700
2668,1899700
2669,1815000
2670,1500600
2671,1787600
2672,1716600
2673,1505100
2674,1514900
2675,1183200
2676,1139900
2677,1064700
2678,1034000
2679,3277200
2680,2481500
2681,1694700
2682,1487400
2683,1543600
2684,1791600
2685,2061200
2686,1745600
2687,1557600
2688,1411100
2689,1326600
2690,1338600
2691,1345000
2692,1471800
2693,1284900
2694,2236100
2695,3695200
2696,1286300
2697,1557300
2698,1444900
2699,1486200
2700,1892300
2701,1863200
2702,2100100
2703,1434300
2704,1344500
2705,1285800
2706,995400
2707,909000
2708,1330100
2709,1647300
2710,1395700
2711,1144900
2712,1260600
2713,5318100
2714,1678800
2715,1644700
2716,1284700
2717,1743700
2718,1567600
2719,1699600
2720,1806900
2721,1869900
2722,1388000
2723,1117900
2724,1219200
2725,1030500
2726,1708000
2727,3159000
2728,1373400
2729,1285600
2730,1673000
2731,1360600
2732,1432900
2733,2274300
2734,2217000
2735,1983600
2736,1409400
2737,1711400
2738,1553200
2739,1203500
2740,1226400
2741,1047200
2742,2692400
2743,2286500
2744,1109700
2745,1628500
2746,1995400
2747,1248600
2748,1688200
2749,2138500
2750,1932700
2751,2005300
2752,1746200
2753,1400500
2754,1323000
2755,1133300
2756,2393600
2757,3392700
2758,1434400
2759,1237900
2760,1642400
2761,1653500
2762,1798000
2763,1716700
2764,1436500
2765,1525800
2766,1495300
2767,1385800
2768,1216000
2769,958500
2770,1070000
2771,3291100
2772,1270800
2773,1625900
2774,1810300
2775,1424000
2776,2120500
2777,2262100
2778,1848700
2779,2012900
2780,1409400
2781,1583400
2782,1384300
2783,1494400
2784,1124600
2785,1282700
2786,2845400
2787,2166700
2788,1011500
2789,1594900
2790,1282100
2791,2165700
2792,2240400
2793,1908600
2794,1887600
2795,1498400
2796,1309200
2797,1350100
2798,1644400
2799,1229900
2800,2137100
2801,3619600
2802,1217500
2803,1356500
2804,1120900
2805,1364600
2806,1650500
2807,2285800
2808,1580000
2809,1550100
2810,1830100
2811,2149800
2812,1457600
2813,1135500
2814,2313400
2815,3843600
2816,1483500
2817,1247200
2818,1603600
2819,1738700
2820,1918000
2821,2162000
2822,1479400
2823,1303000
2824,1378400
2825,1254500
2826,1047900
2827,947600
2828,931000
2829,1723700
2830,2963400
2831,1567700
2832,1493700
2833,1596700
2834,2483800
2835,1566600
2836,1655000
2837,2107600
2838,1349000
2839,1526700
2840,1439800
2841,1077100
2842,1033900
2843,3386500
2844,2473000
2845,1235300
2846,1565400
2847,1802700
2848,2220100
2849,1988100
2850,1833400
2851,1729900
2852,1533500
2853,1354400
2854,1266700
2855,1041500
2856,1199500
2857,3582600
2858,1757100
2859,1342100
2860,1622600
2861,2002100
2862,2068000
2863,2133800
2864,2165000
2865,1925400
2866,1889100
2867,1821900
2868,1867800
2869,1371900
2870,1172900
2871,3842200
2872,1841500
2873,1509500
2874,1376900
2875,1582200
2876,2077000
2877,2313400
2878,1894900
2879,1487500
2880,1348700
2881,1073300
2882,1125100
2883,1037200
2884,3868500
2885,1479000
2886,1349300
2887,1668000
2888,1251600
2889,1051500
2890,1164900
2891,1152600
2892,1632000
2893,1522300
2894,1377200
2895,1879400
2896,1362700
2897,1844900
2898,1295700
2899,3264200
2900,2958900
2901,1248100
2902,1542600
2903,1469900
2904,1458400
2905,1877600
2906,1725900
2907,2081000
2908,1446100
2909,1407900
2910,1669500
2911,1343100
2912,1489500
2913,1117800
2914,959300
2915,1275200
2916,3439800
2917,1765000
2918,1140300
2919,1381100
2920,2165700
2921,2001600
2922,1699000
2923,1668000
2924,1796400
2925,1622600
2926,1789700
2927,1329400
2928,1685600
2929,1237800
2930,2838800
2931,3011400
2932,1181100
2933,1958700
2934,1476500
2935,1665500
2936,1553500
2937,2013000
2938,1984600
2939,1444300
2940,1195100
2941,1076300
2942,1017800
2943,989600
2944,1015900
2945,963200
2946,1085200
2947,1188700
2948,1072100
2949,1178800
2950,1014600
2951,2100700
2952,3330200
2953,1310400
2954,1539000
2955,1575700
2956,1551200
2957,1833100
2958,1633100
2959,2082000
2960,1727700
2961,1443300
2962,1541200
2963,1142300
2964,1291600
2965,1364900
2966,1162800
2967,4178000
2968,1878600
2969,1784800
2970,1422100
2971,1311900
2972,1897700
2973,2355600
2974,2017300
2975,1830600
2976,1884600
2977,1863500
2978,1435500
2979,1324300
2980,1430900
2981,4153900
2982,3060500
2983,1803100
2984,1772600
2985,1455700
2986,1889000
2987,2548000
2988,2090900
2989,1906800
2990,1542600
2991,1406200
2992,1049000
2993,1013400
2994,961600
2995,1981300
2996,3016200
2997,1480200
2998,1369600
2999,1471000
3000,1523000
3001,1868200
3002,2333100
3003,2039800
3004,1517300
3005,1638700
3006,1354600
3007,1324200
3008,1024500
3009,1105600
3010,2756700
3011,3404500
3012,1341000
3013,1543900
3014,1372500
3015,2379600
3016,2307600
3017,2458300
3018,1893700
3019,1453300
3020,1441800
3021,1358600
3022,1423800
3023,1272000
3024,5008500
3025,1547600
3026,1677500
3027,2307800
3028,2280100
3029,1824600
3030,2090200
3031,1605500
3032,1481700
3033,1251400
3034,957000
3035,1365500
3036,1550000
3037,1525500
3038,1069700
3039,4977800
3040,1883900
3041,1422300
3042,1568300
3043,1637000
3044,2264000
3045,2615400
3046,2476600
3047,2145900
3048,1794000
3049,1807900
3050,1553600
3051,1451400
3052,1200800
3053,3107400
3054,1916300
3055,1769200
3056,2770600
3057,1873200
3058,1880400
3059,1435600
3060,1574800
3061,1478900
3062,1305100
3063,1178300
3064,993400
3065,2951200
3066,3458900
3067,1808800
3068,1637400
3069,1819000
3070,1857100
3071,1772200
3072,1732000
3073,1486400
3074,1431000
3075,1308200
3076,1179100
3077,4240000
3078,1895800
3079,1134600
3080,1596400
3081,1646300
3082,1260400
3083,1868400
3084,2446200
3085,2136200
3086,1471500
3087,1484500
3088,1258500
3089,1360000
3090,1144500
3091,3447300
3092,3153900
3093,1567600
3094,1349300
3095,1813400
3096,1752700
3097,2023700
3098,2444800
3099,1742800
3100,1488400
3101,1423200
3102,1165900
3103,1097000
3104,1251500
3105,3781000
3106,1282300
3107,2016800
3108,1685100
3109,1597500
3110,2004800
3111,2653300
3112,2396800
3113,1983500
3114,1664000
3115,1317700
3116,1107300
3117,1322800
3118,1065700
3119,1064700
3120,1018600
3121,1689500
3122,5103400
3123,1408100
3124,1611400
3125,1433600
3126,1705300
3127,1650300
3128,1888300
3129,1944300
3130,2294000
3131,1524000
3132,1450800
3133,1143400
3134,1724400
3135,3649500
3136,1495300
3137,1407800
3138,1329700
3139,2027300
3140,1689700
3141,1424700
3142,2099400
3143,1952700
3144,1543700
3145,1206700
3146,1642100
3147,1354000
3148,1107600
3149,967400
3150,1951900
3151,3344400
3152,1403500
3153,1060700
3154,1382100
3155,1677700
3156,2174400
3157,1878400
3158,1899300
3159,2078400
3160,1581900
3161,1449100
3162,1560600
3163,1506000
3164,1735900
3165,3214300
3166,1518700
3167,1087500
3168,1338800
3169,1568400
3170,1427400
3171,1928400
3172,2781400
3173,2069100
3174,1719900
3175,1343700
3176,1230300
3177,1370200
3178,1167500
3179,1245200
3180,1093700
3181,1102000
3182,894500
3183,3130800
3184,2271300
3185,1426900
3186,1402700
3187,1808500
3188,2252700
3189,1999400
3190,2253700
3191,1488200
3192,1192100
3193,1144100
3194,1076200
3195,1139700
3196,946400
3197,1006300
3198,1116700
3199,1132200
3200,5388300
3201,1368700
3202,1603500
3203,1790900
3204,2040600
3205,2085700
3206,1923500
3207,1531100
3208,1423700
3209,1146100
3210,1095400
3211,1706600
3212,4142800
3213,1271800
3214,1422400
3215,1212500
3216,1711000
3217,2138100
3218,1721400
3219,1736900
3220,1893000
3221,1604300
3222,1372200
3223,1221800
3224,1173800
3225,1214300
3226,3565100
3227,1574100
3228,1703800
3229,1574200
3230,1225200
3231,1559600
3232,1943400
3233,1926500
3234,1547000
3235,1525100
3236,1519600
3237,1037800
3238,947300
3239,861300
3240,1702100
3241,2452100
3242,1889100
3243,1648000
3244,1581100
3245,1833000
3246,1698900
3247,2250200
3248,1863500
3249,2007000
3250,1525800
3251,1287000
3252,1300700
3253,1217600
3254,1038300
3255,958000
3256,3050900
3257,2389600
3258,1431300
3259,1483900
3260,1854200
3261,1693600
3262,1663400
3263,1621200
3264,2506200
3265,2037500
3266,1385300
3267,1261000
3268,1193300
3269,3534000
3270,2669000
3271,1485500
3272,1851400
3273,1819700
3274,2475100
3275,1885300
3276,1864200
3277,1530600
3278,1436500
3279,1813500
3280,1215600
3281,1196100
3282,1276100
3283,1545100
3284,3935700
3285,1467100
3286,1045300
3287,1144900
3288,1743300
3289,1706400
3290,1817100
3291,2056600
3292,1726000
3293,1378400
3294,1553500
3295,1432800
3296,1190900
3297,1201100
3298,3264700
3299,1826200
3300,1661700
3301,1524800
3302,1284700
3303,1753400
3304,1666500
3305,1504900
3306,1902700
3307,2161200
3308,1534800
3309,1663500
3310,1160400
3311,917300
3312,1527800
3313,3630500
3314,1541900
3315,1193900
3316,1908200
3317,1333000
3318,1807300
3319,2164900
3320,2435400
3321,1399200
3322,1220100
3323,1690800
3324,1227000
3325,1183100
3326,975700
3327,926200
3328,3632100
3329,2504100
3330,1509400
3331,1264300
3332,1381700
3333,1747700
3334,1672900
3335,1535000
3336,1876500
3337,1595300
3338,1732100
3339,1812500
3340,1184200
3341,2587600
3342,3734700
3343,1450200
3344,1512400
3345,1287500
3346,1906600
3347,2097200
3348,1955800
3349,1573600
3350,1340300
3351,1614200
3352,1171500
3353,1158700
3354,1114600
3355,3405700
3356,1800900
3357,1145100
3358,1600800
3359,1584300
3360,1428900
3361,1776400
3362,1826700
3363,1609100
3364,1534500
3365,1635000
3366,1235900
3367,1052800
3368,897700
3369,849300
3370,1137100
3371,1107700
3372,1240000
3373,1219800
3374,965100
3375,1674200
3376,3581700
3377,1244100
3378,1785000
3379,2300600
3380,2265800
3381,1903500
3382,2261200
3383,2272500
3384,1912900
3385,1538200
3386,1126900
3387,1362000
3388,1004700
3389,4639600
3390,2046500
3391,1477900
3392,1467500
3393,1297400
3394,1948900
3395,1845000
3396,2102000
3397,1489600
3398,1191000
3399,977700
3400,1447800
3401,1051400
3402,1052700
3403,1150300
3404,1179000
3405,4036400
3406,1714400
3407,1448800
3408,1330800
3409,1506500
3410,1676500
3411,1944800
3412,2242300
3413,1407800
3414,1326600
3415,1245600
3416,1240600
3417,982200
3418,1214100
3419,1172600
3420,1264600
3421,1144200
3422,889700
3423,1094000
3424,3337200
3425,8370500
3426,2323300
3427,1848200
3428,1780800
3429,2447800
3430,2316300
3431,1665900
3432,2047700
3433,1912700
3434,2330500
3435,5025500
3436,1614400
3437,1869900
3438,1769600
3439,2292800
3440,2664100
3441,2516700
3442,1969400
3443,1489900
3444,2220000
3445,2349500
3446,2303200
3447,1913200
3448,1476100
3449,5569200
3450,1987500
3451,2378800
3452,2407700
3453,1865400
3454,1910100
3455,1873400
3456,1811200
3457,1622500
3458,1605800
3459,1564100
3460,1390200
3461,2754500
3462,2048700
3463,2093100
3464,2295500
3465,2427100
3466,2347000
3467,2224700
3468,2174700
3469,2148300
3470,1487800
3471,1212200
3472,1163600
3473,3566800
3474,2840400
3475,1287600
3476,9975600
3477,3489500
3478,2764700
3479,1615900
3480,1426300
3481,1286600
3482,1265400
3483,1481400
3484,4422100
3485,2295700
3486,1839800
3487,1623100
3488,2207400
3489,1954100
3490,2109800
3491,1600500
3492,2395900
3493,1626200
3494,1456900
3495,1284500
3496,1175900
3497,1165300
3498,922800
3499,902200
3500,1689700
3501,3989200
3502,1101200
3503,1632700
3504,1208500
3505,1315900
3506,2302400
3507,2133900
3508,1876300
3509,1443500
3510,1497200
3511,1305500
3512,1122100
3513,1103000
3514,1222200
3515,2796800
3516,3465000
3517,1355300
3518,1302000
3519,1503900
3520,1658100
3521,2588500
3522,1777900
3523,1630100
3524,1267900
3525,1440700
3526,1096800
3527,1146100
3528,913800
3529,2887100
3530,2883000
3531,1361700
3532,1617800
3533,1627100
3534,1823300
3535,2093300
3536,2165000
3537,1828800
3538,1236500
3539,1485000
3540,1192500
3541,1102800
3542,1558300
3543,4227300
3544,1374900
3545,1561800
3546,1375200
3547,1379100
3548,1998800
3549,1511600
3550,1788600
3551,1754600
3552,1448900
3553,1348200
3554,1234400
3555,1079900
3556,991400
3557,3526600
3558,2171700
3559,1731400
3560,1707900
3561,1671000
3562,2141900
3563,1815000
3564,1725500
3565,1771000
3566,1255800
3567,1406300
3568,1247700
3569,1312700
3570,4018000
3571,1370200
3572,1329200
3573,1536200
3574,1986600
3575,2099800
3576,1960500
3577,1970700
3578,1602600
3579,1463800
3580,1207700
3581,1156000
3582,1246700
3583,3805400
3584,2254400
3585,1326900
3586,1368400
3587,1094500
3588,1595000
3589,1966700
3590,1866900
3591,1678700
3592,1618300
3593,1261500
3594,1147800
3595,1398600
3596,1544300
3597,1248300
3598,1252000
3599,1083300
3600,3282300
3601,2852900
3602,1394700
3603,1204500
3604,1403800
3605,1583400
3606,1770500
3607,1583900
3608,1965400
3609,1301600
3610,1569400
3611,1345800
3612,1401200
3613,1164400
3614,1777300
3615,2248900
3616,2167800
3617,1182200
3618,1676600
3619,1498800
3620,1403500
3621,2027900
3622,1629500
3623,1801800
3624,1912200
3625,1369400
3626,1403200
3627,1122100
3628,1014200
3629,3286100
3630,2030900
3631,1844000
3632,1414400
3633,1827500
3634,2048700
3635,2049600
3636,1692200
3637,1498300
3638,1200700
3639,961100
3640,1047900
3641,1009400
3642,982800
3643,1366300
3644,1246700
3645,1181700
3646,956800
3647,2519900
3648,2985600
3649,1081000
3650,1323400
3651,1627700
3652,2000600
3653,2021600
3654,1730300
3655,1844800
3656,1282100
3657,1396500
3658,1085000
3659,950200
3660,937400
3661,3203300
3662,3451400
3663,1615800
3664,1906300
3665,1470700
3666,1934800
3667,2035000
3668,2119200
3669,1772900
3670,1464300
3671,1464900
3672,1156800
3673,1013700
3674,1240200
3675,2495700
3676,1791200
3677,1599100
3678,1348200
3679,1211400
3680,1430600
3681,1095100
3682,1467800
3683,1457300
3684,1734100
3685,1635500
3686,1440900
3687,1624000
3688,1231000
3689,1243800
3690,1148400
3691,1242500
3692,1204200
3693,1154700
3694,3845700
3695,1890400
3696,1411600
3697,1359700
3698,1447000
3699,1895300
3700,2041500
3701,1842500
3702,1648800
3703,1720400
3704,1276100
3705,1069800
3706,1374500
3707,4164400
3708,2461200
3709,1827400
3710,1677400
3711,1555800
3712,1748900
3713,2034600
3714,1581200
3715,1558100
3716,1394500
3717,1449300
3718,1259100
3719,1249600
3720,1258300
3721,3676500
3722,1482900
3723,973500
3724,1544800
3725,1662300
3726,1888500
3727,1988100
3728,2061400
3729,2189800
3730,1523100
3731,1396800
3732,1124000
3733,995400
3734,904000
3735,2236800
3736,3127700
3737,1493900
3738,1430500
3739,1326200
3740,1278300
3741,2241700
3742,1796200
3743,1915100
3744,1411700
3745,1619400
3746,1628300
3747,1345600
3748,1162400
3749,1492700
3750,3589100
3751,1728300
3752,1584500
3753,1230400
3754,1546300
3755,1838100
3756,1698100
3757,1739900
3758,1583000
3759,1549500
3760,1470500
3761,1392400
3762,1173200
3763,1369600
3764,4551000
3765,1153900
3766,1655100
3767,1544600
3768,1892200
3769,1929300
3770,3005000
3771,1569300
3772,1458100
3773,1415800
3774,1323800
3775,1352700
3776,1135900
3777,928800
3778,2048000
3779,3120000
3780,1234600
3781,1133400
3782,1554900
3783,1478700
3784,1355500
3785,1580100
3786,1319400
3787,2439400
3788,1679400
3789,1642500
3790,1350100
3791,1282100
3792,1037500
3793,2133900
3794,3841100
3795,1130300
3796,1642700
3797,1695100
3798,1526200
3799,1760800
3800,1609600
3801,1621200
3802,1590100
3803,1453000
3804,1284700
3805,1010000
3806,1071400
3807,2295100
3808,2988900
3809,1440000
3810,1518600
3811,1233300
3812,1448200
3813,1963300
3814,1741900
3815,1898100
3816,1799400
3817,1441700
3818,1891500
3819,1234300
3820,1089900
3821,938800
3822,2980700
3823,2799700
3824,1137700
3825,1503900
3826,1476200
3827,2168400
3828,1600600
3829,2040200
3830,1646800
3831,1321900
3832,1528300
3833,1375100
3834,1342600
3835,1436200
3836,1453300
3837,5139400
3838,1519300
3839,1652800
3840,1781600
3841,1904500
3842,2087200
3843,1902500
3844,2279300
3845,1831500
3846,1656100
3847,1443700
3848,1779400
3849,1284600
3850,3329100
3851,2701400
3852,1694700
3853,1830100
3854,1498400
3855,1363700
3856,1918100
3857,2355500
3858,1852300
3859,1821800
3860,1364400
3861,1539000
3862,1219300
3863,1265900
3864,1324600
3865,3354500
3866,2542200
3867,1435300
3868,2205900
3869,1593200
3870,1968900
3871,1910200
3872,2194300
3873,1671400
3874,1295400
3875,1091500
3876,924300
3877,883900
3878,1135500
3879,1069200
3880,960500
3881,1324500
3882,2989100
3883,3887400
3884,1240200
3885,1588400
3886,1608300
3887,1773100
3888,2126100
3889,1621100
3890,2404600
3891,1958200
3892,1278100
3893,1294700
3894,1295700
3895,994900
3896,1117500
3897,1174800
3898,1491400
3899,3737100
3900,1751400
3901,1378600
3902,1412600
3903,1105300
3904,1410500
3905,2205800
3906,1701400
3907,2395400
3908,1530200
3909,1654000
3910,1255700
3911,1127600
3912,2791100
3913,2909600
3914,1744600
3915,1907600
3916,1533500
3917,1169700
3918,1970200
3919,2086000
3920,2365200
3921,1634400
3922,1778300
3923,1495400
3924,1198100
3925,1174200
3926,973800
3927,1358600
3928,4053600
3929,2464000
3930,2355800
3931,2022400
3932,2570300
3933,1992100
3934,1674800
3935,1284100
3936,1449600
3937,1416200
3938,1026900
3939,2105800
3940,3062000
3941,1399800
3942,1651300
3943,1413100
3944,1494900
3945,1942800
3946,2281100
3947,1984100
3948,2424200
3949,1989200
3950,1849300
3951,1629700
3952,1239000
3953,1205800
3954,1122800
3955,1500800
3956,3401800
3957,1501000
3958,1941800
3959,2085000
3960,2070200
3961,1477500
3962,1823300
3963,2061000
3964,1612200
3965,1417800
3966,1396700
3967,1245300
3968,1319800
3969,4769100
3970,1286800
3971,1332100
3972,1366000
3973,1416400
3974,1539800
3975,1959800
3976,1680200
3977,2577600
3978,1321500
3979,1475500
3980,1397200
3981,1312600
3982,1523800
3983,1180700
3984,2400000
3985,2960300
3986,1247900
3987,1480300
3988,1463900
3989,1410800
3990,1663100
3991,2235200
3992,2036300
3993,1868700
3994,1472100
3995,1344800
3996,1154500
3997,5009700
3998,2295400
3999,1362800
4000,1278200
4001,1424800
4002,2211300
4003,1618600
4004,1830500
4005,1750900
4006,1321300
4007,1387700
4008,1117300
4009,981700
4010,1078300
4011,3456100
4012,1552700
4013,1256400
4014,2015400
4015,1481700
4016,1578300
4017,1838700
4018,1828900
4019,1749800
4020,1448000
4021,1704200
4022,1162500
4023,1165300
4024,944200
4025,3572800
4026,2553200
4027,1111900
4028,1430700
4029,1162000
4030,1803300
4031,1689600
4032,1830800
4033,1873300
4034,1629600
4035,1390100
4036,1170300
4037,1567800
4038,1678600
4039,1425500
4040,1224700
4041,1571400
4042,4469200
4043,1501100
4044,1591200
4045,1647300
4046,1669300
4047,2309500
4048,1852800
4049,2368100
4050,1625100
4051,1908300
4052,1213200
4053,1252000
4054,1761300
4055,4135500
4056,1110300
4057,1655400
4058,1475300
4059,1433800
4060,1732300
4061,2100400
4062,1773200
4063,1345300
4064,1532900
4065,1495000
4066,1224800
4067,1363800
4068,1452200
4069,2981700
4070,2005600
4071,1472100
4072,1485600
4073,1539800
4074,2113200
4075,1645500
4076,1696700
4077,1654800
4078,1473400
4079,1458300
4080,1228600
4081,1180800
4082,1248300
4083,3317700
4084,2649900
4085,1582300
4086,2420000
4087,2190800
4088,2494500
4089,1585500
4090,1555400
4091,1197500
4092,1026700
4093,1221500
4094,2739500
4095,3456600
4096,1298600
4097,1920300
4098,1996300
4099,1703700
4100,1463700
4101,1447400
4102,2345900
4103,1504300
4104,1198500
4105,1259100
4106,1062100
4107,951500
4108,1189100
4109,1141400
4110,993900
4111,1118000
4112,1076400
4113,4084600
4114,2103600
4115,1316600
4116,1387500
4117,1594000
4118,1818300
4119,2314500
4120,2070000
4121,1546300
4122,1289300
4123,1297800
4124,1643500
4125,1367300
4126,1223300
4127,1161700
4128,2536400
4129,3327500
4130,1350400
4131,1917800
4132,1947500
4133,2111400
4134,2067600
4135,2223400
4136,1674500
4137,1876200
4138,1243600
4139,1360300
4140,1124200
4141,1231100
4142,3736100
4143,1627300
4144,1394800
4145,1320400
4146,1577800
4147,1397500
4148,2736900
4149,1622000
4150,1638500
4151,1631000
4152,2034100
4153,1382800
4154,1489400
4155,1040800
4156,1463900
4157,2903500
4158,1980400
4159,1129100
4160,1789300
4161,1758100
4162,1929500
4163,1783100
4164,2324300
4165,1506500
4166,1487200
4167,1804800
4168,1332700
4169,1326400
4170,1336800
4171,1222300
4172,1279900
4173,3938400
4174,1535400
4175,1642800
4176,1875800
4177,1530000
4178,1823900
4179,1976500
4180,2207000
4181,1402300
4182,1225700
4183,1641300
4184,1269400
4185,1195400
4186,1060300
4187,4802100
4188,1358800
4189,1486900
4190,1426500
4191,1390300
4192,1703300
4193,2120700
4194,2014400
4195,1752100
4196,1966600
4197,1465300
4198,1221200
4199,1238000
4200,2787000
4201,3133800
4202,1464800
4203,1029500
4204,1816900
4205,1642000
4206,1847800
4207,2150600
4208,1900700
4209,1765500
4210,1814500
4211,1499100
4212,1095900
4213,1347800
4214,1321500
4215,1391000
4216,1015000
4217,2314200
4218,2271900
4219,1612400
4220,1382200
4221,1568700
4222,1739300
4223,2092400
4224,1956600
4225,1800700
4226,1667700
4227,1431600
4228,1472900
4229,1214800
4230,1099900
4231,3137300
4232,2630000
4233,1273200
4234,1823100
4235,1375900
4236,2475900
4237,1808800
4238,2054600
4239,1602100
4240,1582900
4241,1241700
4242,1396000
4243,1174200
4244,1349000
4245,1048200
4246,1024600
4247,1036700
4248,4021400
4249,2350500
4250,2350700
4251,1640900
4252,1407500
4253,2921100
4254,2567300
4255,2327700
4256,1777300
4257,1537300
4258,1496500
4259,1561500
4260,1372000
4261,1211200
4262,1301200
4263,2841800
4264,4031000
4265,1408000
4266,1996700
4267,1685300
4268,1985300
4269,2550600
4270,1930400
4271,1436700
4272,1437400
4273,1682100
4274,1417100
4275,1280500
4276,2950800
4277,3473600
4278,2450000
4279,1952300
4280,1670600
4281,1927400
4282,2579000
4283,1917300
4284,1918700
4285,1587600
4286,1567500
4287,2584200
4288,2097900
4289,2004400
4290,4657200
4291,2435500
4292,1563700
4293,1786500
4294,2608100
4295,2149800
4296,2071600
4297,1858800
4298,1413700
4299,1917200
4300,1871900
4301,1228800
4302,3222100
4303,3443900
4304,1866600
4305,1907400
4306,1762000
4307,2081500
4308,2520400
4309,1928500
4310,1400200
4311,1391000
4312,1254200
4313,1188900
4314,1202500
4315,2014400
4316,3317000
4317,2402100
4318,1796500
4319,1362200
4320,1294400
4321,1575600
4322,1734000
4323,2106000
4324,1796100
4325,1498500
4326,1560800
4327,1112000
4328,1214900
4329,1020800
4330,5760300
4331,1342900
4332,2039900
4333,1587000
4334,1909000
4335,1550400
4336,1654300
4337,1323200
4338,1596200
4339,1556000
4340,2011900
4341,1804100
4342,1924600
4343,1565000
4344,2503500
4345,3443500
4346,1223500
4347,1808200
4348,1876000
4349,1708200
4350,1956900
4351,2024300
4352,2078800
4353,1606500
4354,1543400
4355,1321400
4356,1117200
4357,1043600
4358,3048300
4359,2933600
4360,2039000
4361,1689000
4362,2185600
4363,1712700
4364,1787700
4365,1503700
4366,5965000
4367,1478800
4368,1039500
4369,883200
4370,973200
4371,1001600
4372,1220300
4373,1398400
4374,1593600
4375,1241200
4376,1376200
4377,3431200
4378,2652500
4379,1634000
4380,2006600
4381,1668100
4382,2072800
4383,1929100
4384,2078000
4385,2442600
4386,2309200
4387,1796900
4388,1732000
4389,2115200
4390,1425100
4391,4127500
4392,1560700
4393,1496500
4394,1561000
4395,1557800
4396,1771200
4397,1504700
4398,1839200
4399,2013400
4400,2962800
4401,1490400
4402,1404700
4403,1193300
4404,1077300
4405,1144900
4406,3814000
4407,2142400
4408,1534900
4409,1359200
4410,1469000
4411,1939500
4412,2696300
4413,1977100
4414,1349000
4415,1415200
4416,1256300
4417,1424300
4418,1379400
4419,1434900
4420,1196300
4421,1487100
4422,3356700
4423,1986200
4424,1270400
4425,1887100
4426,1571400
4427,2131200
4428,1777800
4429,1579200
4430,1922300
4431,1613800
4432,1453400
4433,1094000
4434,1313100
4435,3671200
4436,2597700
4437,1556300
4438,1641400
4439,1416900
4440,1902200
4441,1901600
4442,1809100
4443,1684200
4444,1479900
4445,1305400
4446,1331300
4447,1527900
4448,1015500
4449,1180500
4450,1138500
4451,1683300
4452,3586100
4453,1689900
4454,1652800
4455,1619800
4456,1648100
4457,2078600
4458,1973400
4459,2336600
4460,1506600
4461,1718000
4462,1519900
4463,1162800
4464,1086100
4465,3908800
4466,2246900
4467,1514200
4468,1541800
4469,1482300
4470,2185700
4471,2256900
4472,1763800
4473,1698700
4474,1671800
4475,1395600
4476,1198100
4477,1252800
4478,3950500
4479,2143900
4480,1482700
4481,1487300
4482,2408100
4483,2310300
4484,2371500
4485,2598000
4486,2156900
4487,1765100
4488,1483900
4489,1469600
4490,1504800
4491,1521000
4492,4756100
4493,1417600
4494,1501100
4495,1644100
4496,1840600
4497,2183200
4498,2053900
4499,1961100
4500,2082500
4501,1841600
4502,1599400
4503,1197200
4504,1346600
4505,1318900
4506,3572600
4507,1506800
4508,2430900
4509,2048800
4510,2203300
4511,2616800
4512,2240100
4513,1909700
4514,1635000
4515,1361600
4516,1604900
4517,1257800
4518,1102100
4519,1242200
4520,1301700
4521,4855600
4522,1371100
4523,1731900
4524,1557500
4525,1591300
4526,2487600
4527,2016300
4528,2196500
4529,1683600
4530,1589300
4531,1109200
4532,1390000
4533,1223700
4534,4011500
4535,2071400
4536,1492700
4537,1636200
4538,1416200
4539,2182000
4540,1783600
4541,2138000
4542,1437100
4543,1521300
4544,1477700
4545,1414300
4546,1274000
4547,1097200
4548,2583700
4549,3515000
4550,1536100
4551,1485700
4552,1378600
4553,1494300
4554,1996700
4555,2029400
4556,2052500
4557,1813100
4558,1600100
4559,1558200
4560,1434200
4561,1553800
4562,1857000
4563,3533100
4564,1830300
4565,1470400
4566,1384400
4567,1459400
4568,2014200
4569,1967800
4570,1917400
4571,1828300
4572,1670900
4573,1403400
4574,1099800
4575,1053000
4576,1258400
4577,1545400
4578,1745900
4579,1159800
4580,1497700
4581,3414300
4582,2377200
4583,1776000
4584,1763200
4585,1645200
4586,2073800
4587,1757500
4588,1817600
4589,1626700
4590,1477700
4591,1388100
4592,1725800
4593,1308300
4594,1243300
4595,1070600
4596,2268000
4597,2645000
4598,1103000
4599,958500
4600,1146100
4601,985200
4602,1273400
4603,1435600
4604,1566200
4605,2533400
4606,1867300
4607,1544500
4608,1731800
4609,1548300
4610,1411500
4611,1153000
4612,1078400
4613,1284800
4614,3038600
4615,2048500
4616,1838200
4617,1501400
4618,1664200
4619,2057900
4620,2174300
4621,1929200
4622,1884400
4623,1561200
4624,1424800
4625,1269200
4626,1145500
4627,1440100
4628,1819100
4629,1724700
4630,1562900
4631,1331500
4632,1498500
4633,1621200
4634,1672800
4635,1500100
4636,1587900
4637,1480000
4638,1569500
4639,5334300
4640,1631100
4641,2372000
4642,2048000
4643,2229700
4644,2115700
4645,2795000
4646,2084900
4647,2067000
4648,1534700
4649,2210600
4650,2345300
4651,1631200
4652,1317200
4653,3729400
4654,3780300
4655,1678700
4656,1579100
4657,1721000
4658,1664400
4659,2279100
4660,1990500
4661,2128500
4662,2200200
4663,2731800
4664,2415600
4665,1669400
4666,2070700
4667,2055600
4668,4950200
4669,1578000
4670,1890500
4671,1601200
4672,1775000
4673,2188600
4674,1636900
4675,1743700
4676,1918600
4677,1659700
4678,1364700
4679,2114300
4680,1734500
4681,2220900
4682,2420600
4683,4781800
4684,1583900
4685,2302000
4686,1806200
4687,2207600
4688,2480700
4689,2541700
4690,2165700
4691,2080400
4692,1634700
4693,1803600
4694,2159400
4695,2073900
4696,3063800
4697,4170600
4698,1825400
4699,1900700
4700,1653500
4701,2250500
4702,1758500
4703,2906100
4704,2319900
4705,1718100
4706,1579200
4707,1552700
4708,1889400
4709,5155900
4710,2359000
4711,1395000
4712,1951100
4713,1648100
4714,1891900
4715,2424300
4716,2973600
4717,2066100
4718,2052100
4719,1556600
4720,1554600
4721,1938600
4722,4752500
4723,2211600
4724,2166700
4725,2510900
4726,2311000
4727,2134600
4728,2059800
4729,1559000
4730,2023600
4731,1645200
4732,1602300
4733,1527000
4734,1254100
4735,1266000
4736,2134900
4737,3548800
4738,1776400
4739,1562200
4740,1988800
4741,1304400
4742,1325500
4743,1433000
4744,1438700
4745,1327100
4746,1744500
4747,1840100
4748,2111400
4749,2090500
4750,1576300
4751,1458400
4752,1196400
4753,5276900
4754,1391900
4755,1827100
4756,1666200
4757,1499900
4758,2515800
4759,1703600
4760,2275500
4761,1705400
4762,1371000
4763,1399400
4764,1299900
4765,1115000
4766,2447800
4767,2071400
4768,1541000
4769,1774200
4770,1754600
4771,2205700
4772,2091500
4773,2199700
4774,1567500
4775,1575100
4776,1560600
4777,1603500
4778,2044400
4779,1546300
4780,5467600
4781,2001100
4782,1979000
4783,1925200
4784,2207900
4785,2243700
4786,2466600
4787,2216500
4788,1512600
4789,1475000
4790,1481000
4791,1546500
4792,1235900
4793,4032100
4794,2094900
4795,1354900
4796,2383300
4797,2180500
4798,1604400
4799,1908500
4800,2331900
4801,2113100
4802,1590900
4803,1457300
4804,1596500
4805,1218300
4806,2373100
4807,3277600
4808,1336200
4809,1549700
4810,1793100
4811,1574700
4812,2173700
4813,1858100
4814,1764100
4815,1948000
4816,1358600
4817,1283000
4818,1070200
4819,1431200
4820,1131200
4821,1420500
4822,1059800
4823,1143700
4824,3153300
4825,2409500
4826,1783300
4827,2527900
4828,2274300
4829,2043700
4830,2574300
4831,1378000
4832,1242500
4833,1681100
4834,1226000
4835,4432500
4836,1528200
4837,1624400
4838,2435900
4839,2103700
4840,2283000
4841,1676000
4842,1345900
4843,1798500
4844,1747400
4845,4551100
4846,1551100
4847,1388100
4848,1777400
4849,1720500
4850,1676700
4851,2118400
4852,1498800
4853,1317300
4854,1744500
4855,1898500
4856,1377500
4857,1736400
4858,4620100
4859,1930100
4860,2944800
4861,2327000
4862,2255300
4863,2300400
4864,2542800
4865,2072700
4866,1391200
4867,1241100
4868,1337800
4869,1025100
4870,965400
4871,2829600
4872,3011100
4873,1045800
4874,1268900
4875,1207800
4876,1497500
4877,1711600
4878,1552000
4879,2019000
4880,1889300
4881,1578500
4882,1330200
4883,1176100
4884,1006300
4885,1008800
4886,2728500
4887,1863300
4888,1461200
4889,2142900
4890,1474400
4891,2165200
4892,2211700
4893,1721200
4894,1426400
4895,1593700
4896,1189000
4897,1267100
4898,1504500
4899,1226100
4900,1113300
4901,948300
4902,1092600
4903,3028700
4904,2240200
4905,1316500
4906,1379300
4907,1527400
4908,1953100
4909,2200100
4910,2147800
4911,1560800
4912,1597300
4913,1365000
4914,1407300
4915,1177600
4916,1777200
4917,4337300
4918,1495300
4919,1525400
4920,1485800
4921,1424000
4922,1632800
4923,1830400
4924,1920300
4925,1558300
4926,1222600
4927,1360100
4928,1242500
4929,960000
4930,1530600
4931,4226900
4932,1301100
4933,1099900
4934,1227200
4935,1491800
4936,1952000
4937,1916800
4938,1856000
4939,1803400
4940,1877600
4941,1458600
4942,1365200
4943,1279300
4944,1088600
4945,1403300
4946,3186500
4947,1646500
4948,1442800
4949,1806900
4950,2014500
4951,2275600
4952,2369500
4953,1774800
4954,1752200
4955,1340700
4956,1106600
4957,996000
4958,946900
4959,1381300
4960,3216600
4961,1964000
4962,1557300
4963,1647400
4964,2127200
4965,2313600
4966,1998100
4967,1514000
4968,1265800
4969,1451500
4970,1244200
4971,1342900
4972,1219700
4973,3265300
4974,2265700
4975,1414400
4976,1470900
4977,1410000
4978,1548900
4979,1578900
4980,1916800
4981,1845500
4982,1427400
4983,1221300
4984,1445000
4985,1330900
4986,1113100
4987,1026500
4988,1309600
4989,2160200
4990,2960200
4991,1524800
4992,1434500
4993,1750100
4994,1288500
4995,1962700
4996,1762500
4997,2176600
4998,2105100
4999,1571900
5000,1457600
5001,1214900
5002,1367100
5003,4006900
5004,1765800
5005,1780100
5006,1568000
5007,1753200
5008,2003800
5009,2287300
5010,2175500
5011,2289100
5012,1793700
5013,1998500
5014,1388100
5015,1021800
5016,1153300
5017,3654600
5018,1722600
5019,966100
5020,1726400
5021,1592000
5022,1422400
5023,1752600
5024,2238100
5025,1887500
5026,1993500
5027,1371800
5028,1231300
5029,1089500
5030,1168300
5031,1011500
5032,3167300
5033,2789400
5034,1163800
5035,1544000
5036,1715400
5037,1905200
5038,2124900
5039,1884500
5040,1931600
5041,1705200
5042,1345900
5043,1335900
5044,1221900
5045,1015500
5046,1674100
5047,1191900
5048,1172500
5049,1236500
5050,4669800
5051,1900400
5052,1494800
5053,1622100
5054,1888000
5055,1950200
5056,1789200
5057,1858000
5058,1858500
5059,1540700
5060,1448900
5061,1143100
5062,1969500
5063,1480300
5064,1272000
5065,1064300
5066,1207000
5067,2597600
5068,3364600
5069,1362800
5070,1278200
5071,1576500
5072,1500400
5073,1861400
5074,1818100
5075,2526500
5076,1993000
5077,1347000
5078,2164900
5079,1776200
5080,3888100
5081,2162500
5082,1736000
5083,1348400
5084,1558400
5085,2283000
5086,2188500
5087,2162500
5088,1745500
5089,1468200
5090,1411400
5091,1134900
5092,1128600
5093,1311500
5094,3204600
5095,1631400
5096,1691200
5097,1794000
5098,1236100
5099,1899500
5100,1627700
5101,2291500
5102,1619400
5103,1394600
5104,1375200
5105,1273600
5106,1006500
5107,3719200
5108,2576800
5109,1638600
5110,1281300
5111,1629600
5112,1798700
5113,1779900
5114,1633100
5115,1730900
5116,1522600
5117,1327100
5118,1259900
5119,1159100
5120,1116200
5121,3160100
5122,2095900
5123,1157500
5124,1890100
5125,1817300
5126,2166800
5127,1784000
5128,1705500
5129,1668400
5130,1464900
5131,1381000
5132,1279900
5133,1290900
5134,1297100
5135,3071500
5136,1911500
5137,1814000
5138,1602200
5139,1473800
5140,2090700
5141,2146400
5142,1792200
5143,1765400
5144,1685700
5145,1277100
5146,1125500
5147,1469100
5148,1304600
5149,1418700
5150,1398200
5151,3328100
5152,3197100
5153,1957700
5154,2056900
5155,3159700
5156,2704300
5157,2311100
5158,2337400
5159,1717000
5160,2224900
5161,1631700
5162,1253400
5163,1695200
5164,3876800
5165,2114400
5166,1993200
5167,1621400
5168,2557100
5169,2250200
5170,2369900
5171,2040400
5172,1519300
5173,1574700
5174,1417000
5175,1303000
5176,2261800
5177,5016400
5178,1631200
5179,1544900
5180,2213400
5181,2545000
5182,2305600
5183,2165400
5184,1550000
5185,1500600
5186,1724100
5187,1460400
5188,1201400
5189,1104000
5190,2659000
5191,3595300
5192,1263700
5193,2579100
5194,1491200
5195,2974100
5196,2159700
5197,2089500
5198,1957200
5199,1622000
5200,1485300
5201,1328000
5202,1195900
5203,4289300
5204,3149900
5205,1565500
5206,2134300
5207,1604500
5208,2171400
5209,2372600
5210,2365200
5211,2066700
5212,1582300
5213,1844000
5214,1772400
5215,1613300
5216,1505000
5217,1332100
5218,2698000
5219,3878100
5220,1521400
5221,1517300
5222,1623600
5223,1530000
5224,2125100
5225,1582400
5226,1953900
5227,2160900
5228,1732200
5229,1751000
5230,1597800
5231,1406900
5232,2396300
5233,4991500
5234,1707900
5235,1541100
5236,2435700
5237,2019500
5238,1952300
5239,2009800
5240,2134000
5241,1901000
5242,1485900
5243,1250100
5244,1006800
5245,3386500
5246,2778600
5247,1131500
5248,1491200
5249,1379600
5250,1260000
5251,1736300
5252,1871300
5253,1835200
5254,1587800
5255,1779300
5256,1842600
5257,1212000
5258,1326100
5259,1294400
5260,2140300
5261,2935100
5262,1689600
5263,1425900
5264,1296700
5265,1552000
5266,2268300
5267,2665600
5268,1806300
5269,1384700
5270,1752900
5271,1509700
5272,1211200
5273,1408300
5274,1071300
5275,1004200
5276,960500
5277,1087900
5278,3127400
5279,2250700
5280,1470500
5281,1306100
5282,1497500
5283,2697400
5284,2842200
5285,1985300
5286,1922800
5287,1224900
5288,1548300
5289,1719100
5290,1423600
5291,1343500
5292,2149600
5293,4976200
5294,1402400
5295,1631800
5296,1521000
5297,1286200
5298,2192800
5299,2273900
5300,1969000
5301,2219100
5302,1829400
5303,1450600
5304,1284600
5305,1401800
5306,1238600
5307,1201300
5308,2004400
5309,2080900
5310,2329400
5311,2358800
5312,2416000
5313,2475500
5314,2427800
5315,1498000
5316,1762400
5317,1429600
5318,1591300
5319,1312200
5320,1937400
5321,1936800
5322,1543400
5323,2497700
5324,1950300
5325,1610800
5326,2024100
5327,1044100
5328,1214000
5329,1323900
5330,2430400
5331,3462500
5332,1556000
5333,1148200
5334,1518500
5335,2011100
5336,2682500
5337,1830900
5338,1751600
5339,1866200
5340,1777700
5341,1782200
5342,1481700
5343,1073100
5344,3260900
5345,2865600
5346,2280000
5347,2077600
5348,1617000
5349,1387000
5350,1801700
5351,2012600
5352,2252400
5353,1558100
5354,1421000
5355,1641500
5356,1256500
5357,1374500
5358,1293800
5359,4664500
5360,2689100
5361,1965100
5362,1423100
5363,1302800
5364,1787800
5365,1997800
5366,2242700
5367,2418600
5368,1779400
5369,1862200
5370,1470400
5371,1233500
5372,1984300
5373,4355300
5374,2431300
5375,2000400
5376,2090100
5377,2126000
5378,1677600
5379,1942500
5380,2421500
5381,2341100
5382,1807400
5383,1346700
5384,1481200
5385,1510000
5386,2915500
5387,3433000
5388,1550600
5389,1521100
5390,1328200
5391,1860900
5392,1795400
5393,1803600
5394,2321800
5395,1902300
5396,2135400
5397,1593600
5398,1134500
5399,2549300
5400,2847200
5401,1298400
5402,1690000
5403,2211400
5404,2128700
5405,1976600
5406,1648800
5407,1547200
5408,1493200
5409,1490300
5410,1281200
5411,1110800
5412,5109200
5413,1530500
5414,1610500
5415,1672600
5416,1419700
5417,2052700
5418,1706600
5419,2388700
5420,2278700
5421,1507800
5422,1980500
5423,1287000
5424,1083400
5425,1015100
5426,2546200
5427,2935400
5428,1116000
5429,1126800
5430,1069300
5431,1560800
5432,1653500
5433,1540700
5434,1723200
5435,1560100
5436,1306400
5437,1332600
5438,1154400
5439,1487700
5440,1459400
5441,1304200
5442,1781000
5443,3611900
5444,1189100
5445,1450500
5446,1375900
5447,1442400
5448,2141000
5449,2205500
5450,1780600
5451,1364700
5452,1614900
5453,1315800
5454,1164900
5455,958800
5456,2517000
5457,2856500
5458,1261300
5459,1439100
5460,2107100
5461,1955500
5462,1654900
5463,2120000
5464,1838400
5465,1370800
5466,1491200
5467,1214700
5468,1153800
5469,1017200
5470,1390800
5471,3436600
5472,1712000
5473,1334000
5474,1189600
5475,1253100
5476,1916500
5477,1626400
5478,1920400
5479,1983100
5480,1556400
5481,1657600
5482,1213800
5483,1287200
5484,1187400
5485,3857800
5486,2551600
5487,1263800
5488,1848600
5489,1539100
5490,2328600
5491,1658000
5492,2070900
5493,1517400
5494,1480700
5495,1357100
5496,1064700
5497,959900
5498,1229200
5499,1267900
5500,1465400
5501,1697400
5502,3909800
5503,1238300
5504,1277500
5505,1187200
5506,1400900
5507,2001900
5508,1653800
5509,1852900
5510,1800400
5511,1653500
5512,1634600
5513,1682500
5514,1613500
5515,2918600
5516,2863100
5517,1503500
5518,1302700
5519,1553700
5520,2123900
5521,2019100
5522,1989600
5523,1796900
5524,1303500
5525,980200
5526,1259100
5527,1052400
5528,935300
5529,1224000
5530,1664600
5531,3745200
5532,1201700
5533,1592700
5534,1747000
5535,1580300
5536,1798500
5537,1781700
5538,1768100
5539,1539700
5540,1688700
5541,1237700
5542,1006700
5543,888900
5544,1155000
5545,3537700
5546,1650400
5547,1140900
5548,1583900
5549,1335000
5550,1917400
5551,2070200
5552,2018900
5553,2220200
5554,1442100
5555,1486200
5556,1787800
5557,1473900
5558,1361000
5559,1193100
5560,982100
5561,1140000
5562,3930500
5563,1566700
5564,1458200
5565,1615700
5566,1614600
5567,1904100
5568,1957900
5569,1987600
5570,1317700
5571,1636500
5572,1730500
5573,1702700
5574,1409700
5575,1782800
5576,2672000
5577,1421100
5578,1373100
5579,1148100
5580,1284300
5581,1993600
5582,1862500
5583,1652200
5584,1683700
5585,2138600
5586,1557600
5587,1273500
5588,1107400
5589,1153800
5590,930800
5591,3463100
5592,3521800
5593,1682200
5594,1735000
5595,1916200
5596,2191300
5597,1781300
5598,1831300
5599,1399700
5600,1849200
5601,2039900
5602,1630100
5603,1425100
5604,1433300
5605,3285700
5606,1939300
5607,2083800
5608,1567800
5609,1586500
5610,2188500
5611,1914100
5612,1770700
5613,1281900
5614,1366100
5615,2178200
5616,1295200
5617,1098900
5618,993800
5619,5502300
5620,1209600
5621,1056800
5622,1505900
5623,1483400
5624,1229300
5625,1796200
5626,1976800
5627,1829500
5628,1424100
5629,1513800
5630,1164200
5631,1291100
5632,1069400
5633,3123100
5634,1446700
5635,1534200
5636,1655500
5637,1548500
5638,2559700
5639,2084800
5640,1608300
5641,1337500
5642,1588600
5643,1449600
5644,1196300
5645,1086600
5646,2830400
5647,3065400
5648,1517200
5649,1936400
5650,1763100
5651,1753200
5652,2196500
5653,2412200
5654,2129700
5655,1396400
5656,1449100
5657,1153300
5658,1181100
5659,1075000
5660,3731400
5661,2574600
5662,1227700
5663,1393600
5664,1731600
5665,2360800
5666,2025200
5667,1662600
5668,1704400
5669,1786800
5670,1794100
5671,1204900
5672,1272900
5673,3556900
5674,3061700
5675,1491000
5676,1315400
5677,1321500
5678,1745300
5679,2686200
5680,1956200
5681,1575800
5682,1573900
5683,1396900
5684,1177300
5685,926500
5686,1451600
5687,4132300
5688,1376600
5689,1601300
5690,1327600
5691,1871200
5692,2263200
5693,1839000
5694,1501100
5695,1375400
5696,1347900
5697,1323600
5698,1246700
5699,1353100
5700,1740800
5701,3434000
5702,1539500
5703,1409400
5704,1267600
5705,1388800
5706,1259500
5707,1888800
5708,1992500
5709,1558800
5710,1752900
5711,1524900
5712,1276800
5713,1002900
5714,873400
5715,2412700
5716,3281000
5717,1185200
5718,1360300
5719,1348600
5720,1470400
5721,1215400
5722,1520700
5723,1766700
5724,1636400
5725,1505400
5726,1907300
5727,1358600
5728,1481300
5729,1808000
5730,1291300
5731,1171800
5732,1221800
5733,1036200
5734,1004700
5735,2905800
5736,3254100
5737,1777000
5738,1924700
5739,2025200
5740,2558500
5741,1752000
5742,2248500
5743,1464000
5744,1626700
5745,1349200
5746,1321900
5747,3156100
5748,2067800
5749,1585400
5750,1466500
5751,1322200
5752,1968200
5753,2492700
5754,1527100
5755,1670600
5756,1254800
5757,1372100
5758,1063600
5759,1130900
5760,1063500
5761,5019100
5762,1713400
5763,1938500
5764,1593900
5765,2064800
5766,1853200
5767,1727400
5768,2573900
5769,1823600
5770,1794600
5771,1197200
5772,1253600
5773,1328800
5774,3737300
5775,2094400
5776,1210700
5777,1701400
5778,1487300
5779,1425900
5780,2126600
5781,1791000
5782,2072700
5783,1796400
5784,1501800
5785,1645800
5786,1337300
5787,1062300
5788,1050700
5789,941700
5790,4568500
5791,2503300
5792,1225200
5793,1665400
5794,1812200
5795,1623400
5796,2178800
5797,1802200
5798,1796700
5799,1648300
5800,1508900
5801,1525000
5802,1206700
5803,2376200
5804,3827000
5805,1432200
5806,1540500
5807,1547900
5808,2126800
5809,1944100
5810,1833300
5811,1846400
5812,1595200
5813,2459500
5814,2124900
5815,1196200
5816,1824800
5817,3408300
5818,1404200
5819,1655900
5820,1426900
5821,1358100
5822,1916800
5823,1393400
5824,2240900
5825,1978200
5826,1464000
5827,1398600
5828,1250800
5829,1274600
5830,980900
5831,3378100
5832,2874100
5833,1111000
5834,1550600
5835,1531400
5836,1534900
5837,1905700
5838,1751200
5839,1591500
5840,1622900
5841,1218600
5842,1043400
5843,1317200
5844,1329800
5845,1255500
5846,1303000
5847,1207200
5848,3225000
5849,2198400
5850,1359600
5851,1470400
5852,1454100
5853,2343000
5854,2161600
5855,1883200
5856,1667400
5857,1614000
5858,1541800
5859,1171700
5860,1219400
5861,1301500
5862,3412000
5863,1666500
5864,1463800
5865,1533400
5866,1553900
5867,1404800
5868,1817800
5869,1624200
5870,1659900
5871,1558300
5872,1402200
5873,1580200
5874,1141700
5875,1503100
5876,1090300
5877,1665200
5878,3274700
5879,1376200
5880,1229900
5881,1613600
5882,1353700
5883,1632700
5884,1660000
5885,1908900
5886,1878900
5887,1525000
5888,1645400
5889,1147900
5890,1091000
5891,1821700
5892,4094200
5893,1168600
5894,1615900
5895,1625000
5896,1496800
5897,2209700
5898,1657900
5899,2084400
5900,1549200
5901,1544500
5902,1390700
5903,1699500
5904,1048600
5905,1019300
5906,1052800
5907,2809500
5908,2089700
5909,1019600
5910,1213900
5911,1453400
5912,1676500
5913,1902300
5914,2060600
5915,2169600
5916,1893700
5917,1510400
5918,1252700
5919,1339400
5920,1078400
5921,1868500
5922,4153400
5923,1457000
5924,1228200
5925,1616200
5926,1950000
5927,2021900
5928,2493900
5929,1553600
5930,1598100
5931,1262800
5932,1331500
5933,1084000
5934,2958100
5935,2071200
5936,1103400
5937,1667600
5938,1546200
5939,1553900
5940,2133000
5941,1422100
5942,1963400
5943,1526000
5944,1332500
5945,1803300
5946,1241200
5947,1020800
5948,1155500
5949,3796400
5950,2071500
5951,1379400
5952,1501300
5953,1647400
5954,2119600
5955,2457300
5956,1783000
5957,1955500
5958,1331500
5959,1149900
5960,1649800
5961,1501700
5962,1047200
5963,1012400
5964,944400
5965,1458000
5966,1381600
5967,1071800
5968,1207700
5969,2332000
5970,4456800
5971,1542700
5972,1337800
5973,1412500
5974,1935200
5975,2032300
5976,1805400
5977,1731300
5978,1988600
5979,1582400
5980,1091400
5981,1298500
5982,965400
5983,2484800
5984,3885500
5985,1848700
5986,1492700
5987,1421200
5988,1492700
5989,2385400
5990,1659100
5991,1869400
5992,1371700
5993,1582400
5994,1450000
5995,1237300
5996,1212700
5997,956800
5998,3580400
5999,2364500
6000,1156600
6001,1662100
6002,1539300
6003,1221600
6004,2092200
6005,1622000
6006,1980700
6007,1734200
6008,1584900
6009,3594600
6010,2139400
6011,1404000
6012,1343000
6013,1937200
6014,1880300
6015,2268000
6016,1500500
6017,1763300
6018,1638500
6019,1511900
6020,3845500
6021,1566700
6022,1121900
6023,1434200
6024,2192900
6025,2355600
6026,2220800
6027,2127200
6028,1188900
6029,1200500
6030,1199000
6031,2574200
6032,3102500
6033,1487100
6034,1653400
6035,1530800
6036,1921500
6037,1806700
6038,2140200
6039,1456800
6040,1196800
6041,1031100
6042,1520900
6043,1257600
6044,1110200
6045,1064400
6046,4173500
6047,1964500
6048,1446800
6049,1408900
6050,2232300
6051,1564600
6052,1944200
6053,1598800
6054,2029400
6055,1590300
6056,1254800
6057,1175000
6058,2529200
6059,2815600
6060,1473000
6061,1357300
6062,1373300
6063,1525900
6064,1775300
6065,2639200
6066,2019800
6067,1404800
6068,1551400
6069,1176600
6070,1141200
6071,985200
6072,1356000
6073,4797500
6074,1390000
6075,1683100
6076,1355500
6077,1463400
6078,1696900
6079,2138800
6080,2087000
6081,1726600
6082,1704900
6083,1381000
6084,1358100
6085,1003400
6086,2199900
6087,3974200
6088,1279000
6089,1367600
6090,1986700
6091,1470800
6092,1870800
6093,1842500
6094,2628700
6095,1862500
6096,1543700
6097,1387700
6098,1254600
6099,1075400
6100,1715500
6101,3290900
6102,1846000
6103,1636200
6104,1979700
6105,2210900
6106,1665400
6107,1741600
6108,1819400
6109,1526300
6110,1141200
6111,1346700
6112,1168900
6113,1296900
6114,3891600
6115,1402400
6116,1542500
6117,1394400
6118,1410300
6119,2256600
6120,1504100
6121,1628800
6122,1929800
6123,1944100
6124,1553800
6125,1212400
6126,1291000
6127,1406100
6128,1798100
6129,3486300
6130,1691100
6131,1173600
6132,1465900
6133,1524700
6134,1839300
6135,1739100
6136,1808400
6137,1918100
6138,1658500
6139,1545800
6140,1185500
6141,1077300
6142,1731800
6143,1891900
6144,2439100
6145,1984900
6146,1898800
6147,1210700
6148,1581600
6149,2049900
6150,2622200
6151,1910900
6152,2067800
6153,1435000
6154,1474000
6155,1766100
6156,1415800
6157,1281100
6158,3845600
6159,2928600
6160,2148700
6161,1653300
6162,1755400
6163,2322100
6164,2351700
6165,1841100
6166,1850000
6167,1991300
6168,1522200
6169,1379000
6170,1418000
6171,1289800
6172,3558300
6173,1657100
6174,2362300
6175,1627000
6176,2616600
6177,2250600
6178,2014500
6179,1442200
6180,1485800
6181,1299200
6182,1045800
6183,1135300
6184,1419100
6185,1201700
6186,1016200
6187,940300
6188,946100
6189,3625600
6190,2673400
6191,1110000
6192,1803900
6193,1563400
6194,2180500
6195,1721300
6196,2158700
6197,1551200
6198,1536600
6199,1158500
6200,1373600
6201,1237000
6202,1163800
6203,1293800
6204,1497600
6205,3464800
6206,2634000
6207,1214600
6208,1761500
6209,2206200
6210,1966500
6211,2443300
6212,2090800
6213,1720700
6214,1513400
6215,1307200
6216,1774900
6217,1484900
6218,3525600
6219,1952300
6220,1207900
6221,1270400
6222,1795300
6223,1804100
6224,1761400
6225,2109500
6226,2885500
6227,2062700
6228,1633300
6229,1345800
6230,1283800
6231,1096100
6232,995600
6233,3337600
6234,2526400
6235,1564900
6236,1556100
6237,1783200
6238,1724100
6239,1650200
6240,1701300
6241,1975100
6242,1362500
6243,1489000
6244,1112300
6245,1445000
6246,1030500
6247,865300
6248,2627900
6249,1591000
6250,1962300
6251,1499400
6252,1293300
6253,1900900
6254,1659400
6255,1887000
6256,1752100
6257,7016200
6258,1462000
6259,1477800
6260,1395600
6261,1605300
6262,1232500
6263,3339700
6264,3056900
6265,1451700
6266,1697600
6267,1543200
6268,2201300
6269,1932600
6270,2322300
6271,2063400
6272,1470900
6273,2285500
6274,2078800
6275,2146000
6276,4537700
6277,2492500
6278,1800600
6279,1568300
6280,1384600
6281,1883700
6282,2279800
6283,2081000
6284,2006800
6285,1916400
6286,1762100
6287,1806400
6288,1316000
6289,3860600
6290,3369400
6291,2394000
6292,2557400
6293,2210200
6294,2671500
6295,2486100
6296,1632500
6297,1645300
6298,1884700
6299,1344500
6300,1429900
6301,1634900
6302,1339600
6303,3212100
6304,3367000
6305,1411200
6306,1615400
6307,1531600
6308,2037200
6309,2516000
6310,1871500
6311,1696500
6312,1853700
6313,1417700
6314,4242100
6315,3140400
6316,1978400
6317,1872200
6318,2220100
6319,2488000
6320,2344500
6321,1696300
6322,2614200
6323,1566000
6324,1435200
6325,1951400
6326,1592700
6327,1332300
6328,1255800
6329,3968400
6330,2682200
6331,1168200
6332,1643200
6333,1582900
6334,1529200
6335,1590800
6336,1855000
6337,1685800
6338,1450200
6339,1368100
6340,1489300
6341,1110000
6342,1092200
6343,974700
6344,1555400
6345,3732300
6346,1281400
6347,1159600
6348,1586900
6349,1511900
6350,1890500
6351,1658000
6352,2187400
6353,1602600
6354,1543200
6355,1152500
6356,1309200
6357,1002400
6358,2929300
6359,3400600
6360,1118300
6361,1235600
6362,1243000
6363,1781100
6364,2293200
6365,1751600
6366,1700700
6367,1453700
6368,1606200
6369,1155300
6370,3047700
6371,2336300
6372,1083100
6373,1465900
6374,1368500
6375,2306400
6376,2091800
6377,2071600
6378,2017400
6379,1872300
6380,1663800
6381,1272400
6382,1162200
6383,1413200
6384,3436800
6385,1507800
6386,1649400
6387,1835500
6388,1267200
6389,2721700
6390,1799600
6391,1803100
6392,1426400
6393,1281100
6394,1301200
6395,1085900
6396,871800
6397,1413100
6398,3803400
6399,1217000
6400,1098400
6401,1394400
6402,1337800
6403,1869100
6404,1666600
6405,1554500
6406,1746700
6407,1539400
6408,1345100
6409,1086800
6410,1680900
6411,1130300
6412,1092600
6413,990400
6414,956800
6415,912800
6416,3986600
6417,2426200
6418,1323600
6419,1454100
6420,1532200
6421,1944400
6422,1958700
6423,1865100
6424,1508500
6425,1260100
6426,1526300
6427,1378700
6428,1141400
6429,1127400
6430,1065700
6431,1996600
6432,3141200
6433,1235800
6434,1044500
6435,1197200
6436,1601300
6437,1811400
6438,2160400
6439,2308300
6440,1715400
6441,1566000
6442,1378900
6443,1066800
6444,1426100
6445,1149400
6446,2719400
6447,2183800
6448,1188000
6449,2239600
6450,1554900
6451,2381500
6452,2119700
6453,2261100
6454,1582100
6455,1327500
6456,1441400
6457,1551000
6458,1110900
6459,1784100
6460,3951000
6461,1344000
6462,1350700
6463,1368000
6464,1196800
6465,1966500
6466,2070000
6467,1814200
6468,1385200
6469,1499100
6470,1502700
6471,1163300
6472,1059300
6473,1245800
6474,2207800
6475,2800900
6476,1672700
6477,1838700
6478,1278200
6479,1265600
6480,1664300
6481,1798700
6482,1930000
6483,1580800
6484,1633700
6485,1459200
6486,1057100
6487,1091200
6488,908700
6489,950100
6490,1645300
6491,3727700
6492,1827700
6493,2142700
6494,1707100
6495,1615700
6496,2168000
6497,1758700
6498,1964900
6499,1773400
6500,1472500
6501,1141700
6502,1145400
6503,1038200
6504,3294200
6505,1636600
6506,1555200
6507,1988200
6508,2084400
6509,2282200
6510,1989900
6511,1699100
6512,1271500
6513,1394400
6514,1472100
6515,1144700
6516,1371200
6517,1100900
6518,5172300
6519,1223200
6520,1695000
6521,1445300
6522,1648300
6523,2808200
6524,1448000
6525,1768100
6526,1435400
6527,1264900
6528,1168400
6529,1307500
6530,4305000
6531,1651100
6532,1272000
6533,1490700
6534,1630800
6535,1807000
6536,2406600
6537,2036500
6538,1945000
6539,1942600
6540,1506800
6541,1325400
6542,1392800
6543,1814700
6544,2900000
6545,1898200
6546,1207700
6547,1721100
6548,1580300
6549,1846700
6550,1829000
6551,2058100
6552,2159100
6553,1470300
6554,1514800
6555,1212100
6556,1413800
6557,1335200
6558,4928200
6559,1984000
6560,2082700
6561,1713400
6562,1596000
6563,1460300
6564,1792800
6565,2199000
6566,1448400
6567,1627000
6568,1037500
6569,1079300
6570,996100
6571,1868900
6572,4682300
6573,1349800
6574,1930500
6575,1414500
6576,1292800
6577,1422000
6578,1415900
6579,1564500
6580,1755800
6581,1345700
6582,1519200
6583,1600100
6584,1356600
6585,1295000
6586,1508200
6587,3555900
6588,1744800
6589,1005900
6590,1679000
6591,2246700
6592,1520900
6593,1878100
6594,1433100
6595,2071400
6596,1826400
6597,1502000
6598,1635800
6599,1350000
6600,1319300
6601,1106300
6602,1005800
6603,3080700
6604,3352000
6605,1452300
6606,1959900
6607,1750000
6608,1963900
6609,2173100
6610,2234300
6611,2186700
6612,1998000
6613,2685100
6614,1708200
6615,1180300
6616,1243800
6617,1061600
6618,2533500
6619,4063400
6620,2243700
6621,1769600
6622,1721700
6623,2111100
6624,2788200
6625,3018900
6626,3154400
6627,1481000
6628,1940700
6629,1355800
6630,1271600
6631,1213700
6632,1206800
6633,3459600
6634,2640200
6635,1683800
6636,1867800
6637,1586100
6638,1906000
6639,1960500
6640,2108600
6641,1586000
6642,1499900
6643,1923000
6644,1307800
6645,1631400
6646,1669800
6647,1362900
6648,1089300
6649,1597500
6650,3143000
6651,2394600
6652,2115800
6653,2290200
6654,2421400
6655,2462500
6656,2003200
6657,1821700
6658,1258000
6659,1139400
6660,1227800
6661,1106400
6662,1442300
6663,2110600
6664,4343900
6665,1996600
6666,1672400
6667,2024100
6668,1775800
6669,1996000
6670,1781500
6671,1409600
6672,1406100
6673,1731300
6674,1582700
6675,1143700
6676,1698800
6677,2986300
6678,2213000
6679,1453800
6680,1655100
6681,1766300
6682,2359200
6683,2172500
6684,2275000
6685,1511800
6686,2010100
6687,1502100
6688,1276600
6689,3026500
6690,3227900
6691,1623300
6692,1288600
6693,1676000
6694,1593800
6695,2422600
6696,1851400
6697,1713200
6698,2039300
6699,1838500
6700,2782500
6701,1975800
6702,1326600
6703,1287800
6704,1391500
6705,5182600
6706,1973100
6707,1595200
6708,1512000
6709,1816300
6710,1434000
6711,1927900
6712,2115300
6713,2321900
6714,1836700
6715,1319900
6716,1191800
6717,1114800
6718,2637600
6719,2635500
6720,1650100
6721,1656400
6722,1840600
6723,1723800
6724,1881100
6725,2085600
6726,1865300
6727,1411000
6728,2309900
6729,1867900
6730,1701700
6731,4883000
6732,1736000
6733,1511200
6734,1559300
6735,1986400
6736,1996700
6737,1905000
6738,1554300
6739,1661800
6740,1395000
6741,1459100
6742,1225600
6743,2122200
6744,4241000
6745,1336900
6746,1475800
6747,1452800
6748,1498100
6749,2043600
6750,2171000
6751,1780300
6752,1756100
6753,1473800
6754,1714900
6755,1313600
6756,1340000
6757,936800
6758,900800
6759,3140400
6760,2752500
6761,1884600
6762,1921700
6763,1652100
6764,1862800
6765,2226800
6766,1603200
6767,1495000
6768,1362700
6769,1085800
6770,1049600
6771,975800
6772,3530900
6773,1817100
6774,1548300
6775,1579300
6776,1859300
6777,2041400
6778,1753800
6779,1912100
6780,2243700
6781,2148100
6782,1381100
6783,1214200
6784,1298100
6785,1302900
6786,4870100
6787,1403600
6788,1209400
6789,1417300
6790,1592300
6791,1684700
6792,2172600
6793,2349300
6794,2781100
6795,2190800
6796,1923400
6797,1391300
6798,1655300
6799,1604800
6800,1344200
6801,3720000
6802,2941400
6803,1483400
6804,2330500
6805,1838600
6806,2775000
6807,2478900
6808,2127700
6809,1982100
6810,1754900
6811,1223900
6812,1364300
6813,1182900
6814,2004000
6815,4573500
6816,1897900
6817,1265800
6818,1805000
6819,2681300
6820,1992200
6821,1583500
6822,1743200
6823,1786800
6824,1344600
6825,1371400
6826,1447200
6827,1365000
6828,2785900
6829,3188200
6830,1293500
6831,1559900
6832,1574100
6833,1453100
6834,1812400
6835,1973700
6836,2422500
6837,2300500
6838,1495900
6839,1341800
6840,1399600
6841,1293100
6842,1180600
6843,1174200
6844,1046300
6845,1401700
6846,3558200
6847,1537300
6848,1546100
6849,1525400
6850,1398700
6851,2319200
6852,1832300
6853,1987700
6854,1903400
6855,1722800
6856,1275500
6857,1208300
6858,1095500
6859,2167400
6860,3615800
6861,1340300
6862,1433400
6863,1324800
6864,1678200
6865,1878600
6866,2174800
6867,1841600
6868,1541900
6869,1283800
6870,1147300
6871,971600
6872,1130300
6873,1548100
6874,1075300
6875,1039800
6876,936600
6877,1983500
6878,3688500
6879,1352800
6880,1610900
6881,1423400
6882,1473300
6883,1628800
6884,1595100
6885,2320900
6886,1409700
6887,1396400
6888,1617100
6889,1261800
6890,1110500
6891,1108800
6892,3345300
6893,2790400
6894,1225000
6895,2226700
6896,2028500
6897,2554800
6898,2534600
6899,2096300
6900,1633700
6901,1584700
6902,1537000
6903,1292200
6904,1743300
6905,4288200
6906,1916600
6907,1515200
6908,1355200
6909,1338900
6910,2201400
6911,1778300
6912,1764300
6913,1652000
6914,1336400
6915,1494800
6916,1417900
6917,1450700
6918,1209600
6919,3721100
6920,2006100
6921,1611400
6922,1814500
6923,1899700
6924,2786400
6925,2738700
6926,1929300
6927,1862200
6928,1351900
6929,1209500
6930,1851500
6931,1367200
6932,1228300
6933,1186800
6934,1106300
6935,3803700
6936,2743400
6937,1305700
6938,1617200
6939,1677000
6940,1868000
6941,2121700
6942,2000800
6943,2381200
6944,1507200
6945,1359400
6946,1487300
6947,1400400
6948,1196100
6949,3213200
6950,3854100
6951,2014800
6952,2024300
6953,1406100
6954,2801600
6955,1699900
6956,1932300
6957,2211100
6958,1392500
6959,1211000
6960,1150900
6961,2778100
6962,3899200
6963,1312800
6964,1535800
6965,2007000
6966,1563900
6967,1731600
6968,2300800
6969,2207100
6970,1859200
6971,1589100
6972,1745200
6973,1835400
6974,1620300
6975,1478800
6976,1260000
6977,1370400
6978,3840600
6979,2699400
6980,1629300
6981,1578400
6982,1439500
6983,1582000
6984,2181800
6985,2354700
6986,2216300
6987,1863400
6988,2169700
6989,1562500
6990,1403000
6991,1493300
6992,1247200
6993,2456900
6994,3466400
6995,1938000
6996,1831800
6997,1754100
6998,1475600
6999,1578200
7000,2419900
7001,2301200
7002,2696100
7003,1985300
7004,1615500
7005,2178200
7006,1523400
7007,1553100
7008,1618100
7009,5659900
7010,2300900
7011,1710200
7012,2651700
7013,2376100
7014,2927200
7015,2072400
7016,1895400
7017,2018100
7018,1383000
7019,1447400
7020,1601400
7021,1267300
7022,2838200
7023,2548000
7024,1979700
7025,1624700
7026,1385500
7027,2283000
7028,2614000
7029,3013300
7030,2168400
7031,2256400
7032,1458600
7033,1890900
7034,1985900
7035,6201500
7036,2865300
7037,2923300
7038,2549800
7039,2105400
7040,2337700
7041,2333900
7042,1605000
7043,2344600
7044,1747200
7045,1582300
7046,3337700
7047,3416200
7048,1949300
7049,1913400
7050,1450200
7051,2055900
7052,1999100
7053,1794300
7054,1781400
7055,1362700
7056,3116500
7057,2555600
7058,1566500
7059,1497900
7060,1550400
7061,4810300
7062,1563000
7063,1643900
7064,1472000
7065,1552300
7066,2591200
7067,2440800
7068,2390000
7069,1571700
7070,1290600
7071,1935200
7072,2038300
7073,1933000
7074,1387100
7075,1131700
7076,5494500
7077,1458000
7078,1756800
7079,1737100
7080,1367400
7081,1832700
7082,2131600
7083,2437100
7084,1499900
7085,1434500
7086,1466400
7087,1221000
7088,2500700
7089,2701900
7090,1284000
7091,1005900
7092,1485600
7093,1250400
7094,1653900
7095,2293300
7096,1770700
7097,1731600
7098,1232000
7099,1305000
7100,1204000
7101,1052600
7102,1175000
7103,1414300
7104,1141300
7105,1038000
7106,1168000
7107,2668600
7108,1590000
7109,1215700
7110,1626800
7111,1293300
7112,1689900
7113,1705000
7114,1897500
7115,1532700
7116,1325400
7117,1460600
7118,1248800
7119,1102100
7120,1536400
7121,4152500
7122,1497600
7123,1590000
7124,1857500
7125,1378800
7126,1915100
7127,2294100
7128,1770400
7129,1720200
7130,1880000
7131,1284500
7132,1133100
7133,1091700
7134,1303300
7135,3486900
7136,2062100
7137,1493000
7138,1892300
7139,1904000
7140,1567900
7141,2608200
7142,2030700
7143,1860000
7144,1994800
7145,1620700
7146,1417600
7147,1454000
7148,1948000
7149,2572100
7150,3178600
7151,1727600
7152,1697700
7153,2523600
7154,2283700
7155,2737200
7156,1777600
7157,1991000
7158,1700700
7159,1303900
7160,1500800
7161,1955700
7162,1546700
7163,1300500
7164,3212900
7165,4648200
7166,2323000
7167,1989800
7168,1948300
7169,1871600
7170,2915600
7171,2810500
7172,1674000
7173,2857800
7174,1331400
7175,1328400
7176,1123400
7177,1221400
7178,1893800
7179,4346600
7180,3014200
7181,1313400
7182,2318900
7183,1536600
7184,2948800
7185,2063100
7186,2386600
7187,1614500
7188,1769800
7189,1398000
7190,1674300
7191,1245000
7192,1796400
7193,4934500
7194,1552500
7195,1809700
7196,1273800
7197,1801700
7198,1808700
7199,2078500
7200,2391500
7201,2244000
7202,5639900
7203,2089900
7204,1330200
7205,1220400
7206,1095800
7207,3409300
7208,2266800
7209,1483200
7210,1950100
7211,2139100
7212,1793100
7213,1797200
7214,1594200
7215,1304500
7216,1004500
7217,932900
7218,1283900
7219,2667700
7220,2808800
7221,1994600
7222,2109700
7223,2058800
7224,2552000
7225,2493900
7226,1426200
7227,1185000
7228,1474200
7229,1405100
7230,1333000
7231,1222300
7232,1408600
7233,1787400
7234,3560300
7235,1714700
7236,1710200
7237,1408800
7238,1291000
7239,1677600
7240,2100100
7241,1858800
7242,1308800
7243,1430900
7244,1345800
7245,1135800
7246,1003200
7247,1228300
7248,4041800
7249,1726900
7250,1562300
7251,1669200
7252,1254600
7253,1840000
7254,1682400
7255,2142600
7256,1983300
7257,1632600
7258,1845300
7259,1325600
7260,1102000
7261,1922700
7262,4128700
7263,1137300
7264,1447700
7265,2209800
7266,2495100
7267,2555300
7268,2179600
7269,2011500
7270,1556200
7271,1147900
7272,1331000
7273,1122000
7274,1337900
7275,2902500
7276,2109300
7277,1119900
7278,1494000
7279,1193700
7280,1161200
7281,1914600
7282,1940500
7283,1841500
7284,1710000
7285,1348500
7286,1243800
7287,1512000
7288,1319300
7289,1410800
7290,1483500
7291,1624300
7292,4913800
7293,2144800
7294,1748700
7295,1755400
7296,1664200
7297,1732800
7298,1879600
7299,1759500
7300,2398900
7301,1610100
7302,1323100
7303,1357700
7304,1068600
7305,1054200
7306,2036300
7307,3030100
7308,1142600
7309,1309700
7310,1302300
7311,1266700
7312,1691800
7313,2195200
7314,1961500
7315,1524400
7316,1467500
7317,1471200
7318,1210700
7319,1541400
7320,1226600
7321,989900
7322,932600
7323,2632100
7324,1931100
7325,1224400
7326,1672300
7327,1441000
7328,1227900
7329,2054900
7330,1491500
7331,1574900
7332,1838700
7333,1802100
7334,1382100
7335,957600
7336,954200
7337,1025200
7338,1244500
7339,1512900
7340,1478500
7341,1572200
7342,2060400
7343,3219900
7344,1261400
7345,1608500
7346,1975200
7347,1321500
7348,1691600
7349,1542500
7350,1760700
7351,1794600
7352,1610300
7353,1278000
7354,1244100
7355,1060700
7356,1300900
7357,3781400
7358,1724300
7359,1752700
7360,1515000
7361,1736500
7362,1934600
7363,1554000
7364,2028800
7365,1571000
7366,1363200
7367,1542700
7368,1517400
7369,1262900
7370,2057900
7371,3804900
7372,1278400
7373,1499000
7374,1239200
7375,1631000
7376,1902300
7377,1823400
7378,1596300
7379,1752700
7380,1723400
7381,1264200
7382,1189600
7383,1186100
7384,2898800
7385,2692900
7386,1422600
7387,1215100
7388,1346600
7389,1465200
7390,1445800
7391,1819300
7392,1888800
7393,1679100
7394,1807400
7395,1325000
7396,1350800
7397,1170800
7398,1074100
7399,3808800
7400,2243900
7401,1513700
7402,1858500
7403,1705900
7404,2310500
7405,2095000
7406,1692400
7407,1663500
7408,1276500
7409,1345600
7410,1399800
7411,1465900
7412,1245700
7413,1005100
7414,2771000
7415,2839600
7416,1416200
7417,1552300
7418,2021300
7419,1337400
7420,1728200
7421,1843100
7422,2296600
7423,1895200
7424,1770300
7425,1488900
7426,1294200
7427,1114500
7428,1524000
7429,4238500
7430,1645300
7431,1668500
7432,1447400
7433,1978300
7434,2043900
7435,1747500
7436,1557300
7437,1787300
7438,1279600
7439,1613900
7440,1289500
7441,1081300
7442,3787900
7443,2841100
7444,1525600
7445,1305200
7446,1256200
7447,1423200
7448,1774700
7449,1702200
7450,1963600
7451,1583100
7452,1410400
7453,1074300
7454,980900
7455,930600
7456,4226600
7457,2098500
7458,2006100
7459,1645600
7460,1383700
7461,1820800
7462,1981500
7463,2304800
7464,1459700
7465,1243600
7466,1452400
7467,1400500
7468,1162300
7469,1167500
7470,3673500
7471,1770200
7472,976500
7473,1131000
7474,1418900
7475,1454700
7476,1854300
7477,1905700
7478,2226000
7479,1734300
7480,1528300
7481,1543800
7482,1200700
7483,1440800
7484,1056800
7485,1842800
7486,3254900
7487,1611100
7488,1066500
7489,1381100
7490,1377100
7491,1507400
7492,2581900
7493,1965400
7494,1962400
7495,1368500
7496,1452200
7497,1357300
7498,1535600
7499,1217900
7500,1179900
7501,1089200
7502,950000
7503,884000
7504,3208000
7505,3151300
7506,1874700
7507,1962900
7508,1350800
7509,2046900
7510,1575600
7511,1993400
7512,1564200
7513,1215400
7514,1616300
7515,1204400
7516,1191400
7517,1312800
7518,2726100
7519,1197000
7520,1064300
7521,1753400
7522,1507000
7523,1060700
7524,1591400
7525,1514800
7526,1526600
7527,2272300
7528,1604700
7529,1368800
7530,1687000
7531,1159200
7532,1041000
7533,1074200
7534,941700
7535,979200
7536,3664900
7537,1848900
7538,1073700
7539,1950600
7540,1743200
7541,2029700
7542,2272200
7543,2280900
7544,1763800
7545,1513000
7546,1967000
7547,1344700
7548,1170800
7549,1522500
7550,3710800
7551,2146200
7552,1840200
7553,1548900
7554,1668500
7555,1332300
7556,1419000
7557,1870400
7558,1773300
7559,1696900
7560,1686700
7561,1606500
7562,1227100
7563,2263600
7564,3911900
7565,1482500
7566,1536700
7567,1367800
7568,1370200
7569,1906400
7570,1714200
7571,1722600
7572,1628900
7573,1469400
7574,1133600
7575,1071500
7576,1290500
7577,1200500
7578,1125400
7579,1203400
7580,1110700
7581,1966800
7582,3236500
7583,1272700
7584,1142200
7585,1534500
7586,1231700
7587,1468300
7588,2045800
7589,1676600
7590,2057800
7591,2000500
7592,1499100
7593,1422000
7594,1473300
7595,1076100
7596,1085300
7597,1147400
7598,907600
7599,875600
7600,1128000
7601,3198200
7602,1691900
7603,1726300
7604,1300700
7605,1347800
7606,2354200
7607,1879600
7608,1936100
7609,1478400
7610,1294400
7611,1661400
7612,1113700
7613,1158600
7614,949800
7615,2028100
7616,4129600
7617,1586600
7618,2139500
7619,1909400
7620,2604100
7621,2593500
7622,2014800
7623,2052400
7624,1530900
7625,1133100
7626,1296800
7627,1021400
7628,5750700
7629,1487600
7630,1704400
7631,1312500
7632,1703100
7633,1962000
7634,1716600
7635,1734400
7636,1430900
7637,1181600
7638,1498700
7639,1280800
7640,1190300
7641,1062300
7642,3213000
7643,2210400
7644,1239000
7645,1515200
7646,1575700
7647,1314700
7648,1841200
7649,2298700
7650,1771200
7651,2199300
7652,1946400
7653,1586300
7654,1445500
7655,1202300
7656,1556100
7657,3682700
7658,1573300
7659,1751200
7660,1227100
7661,1645500
7662,2129200
7663,2105100
7664,2316700
7665,1517000
7666,1199100
7667,1298000
7668,981500
7669,1126500
7670,970200
7671,1231900
7672,3867100
7673,1609700
7674,1093500
7675,1598000
7676,1377500
7677,1955300
7678,1560400
7679,1970600
7680,2030900
7681,1502200
7682,1503000
7683,1203600
7684,1345700
7685,1231900
7686,1101000
7687,1266900
7688,1122400
7689,1120500
7690,5374500
7691,1803800
7692,1509100
7693,1498100
7694,1897100
7695,2487000
7696,1960800
7697,1834300
7698,1611200
7699,1522000
7700,1220300
7701,1396400
7702,1206500
7703,2542000
7704,3464200
7705,1826700
7706,1825600
7707,1550600
7708,1595800
7709,2473200
7710,2664700
7711,2017000
7712,1697700
7713,1868600
7714,1771000
7715,1495300
7716,1207000
7717,3798800
7718,3052400
7719,1959200
7720,1881600
7721,1445400
7722,2492200
7723,1548000
7724,2047000
7725,2355300
7726,1687900
7727,1641000
7728,1666900
7729,1378000
7730,3301200
7731,3452700
7732,1502200
7733,1858700
7734,1522200
7735,1439600
7736,1693100
7737,1931300
7738,2122700
7739,1913900
7740,1668700
7741,1448700
7742,1286900
7743,1114300
7744,1262800
7745,3986100
7746,1431500
7747,1797400
7748,1572900
7749,1336300
7750,1641400
7751,1672900
7752,1923800
7753,1555000
7754,1656000
7755,1548000
7756,1268000
7757,1904700
7758,2062500
7759,1943900
7760,1516500
7761,5335000
7762,1869300
7763,1915000
7764,1648400
7765,1681500
7766,1678700
7767,1873400
7768,1943600
7769,1717600
7770,1501700
7771,1762600
7772,1269500
7773,1346500
7774,1216500
7775,1334800
7776,2169800
7777,4879000
7778,1677000
7779,1561800
7780,1780000
7781,2656700
7782,2076900
7783,2106400
7784,1600500
7785,1426100
7786,1224300
7787,1367300
7788,1104300
7789,4447300
7790,2364600
7791,2009600
7792,1592800
7793,1501900
7794,1853100
7795,2152600
7796,2360300
7797,1815700
7798,1360000
7799,1530400
7800,1313200
7801,1388400
7802,1196000
7803,3149200
7804,2542100
7805,1176300
7806,2046500
7807,2164300
7808,2095900
7809,1635900
7810,2018900
7811,1791800
7812,1672900
7813,1438000
7814,1294600
7815,1208100
7816,1104200
7817,1427300
7818,1556100
7819,1292100
7820,1195600
7821,3919800
7822,1719900
7823,1642500
7824,1978000
7825,1576800
7826,2067100
7827,1670100
7828,1977900
7829,1934500
7830,1912100
7831,1714200
7832,1632300
7833,1180400
7834,1163000
7835,1131400
7836,5184200
7837,1455500
7838,1564000
7839,2108200
7840,1988300
7841,2394800
7842,2395100
7843,1966700
7844,1717200
7845,2094700
7846,1733000
7847,1446600
7848,2145400
7849,4082000
7850,1418600
7851,1864800
7852,1761300
7853,2034700
7854,1994300
7855,1955500
7856,1562500
7857,2077500
7858,1583900
7859,1658700
7860,1597200
7861,1445100
7862,2001300
7863,4534100
7864,1963400
7865,1878400
7866,2062700
7867,1906300
7868,2466400
7869,2455400
7870,2041500
7871,1926300
7872,1498100
7873,1343900
7874,1217200
7875,1259500
7876,2093000
7877,4132300
7878,1743900
7879,1739800
7880,1762200
7881,1726000
7882,2317300
7883,2073300
7884,2235900
7885,1838500
7886,1608300
7887,1405800
7888,1567200
7889,1207500
7890,1731400
7891,4778700
7892,1237100
7893,1650900
7894,2236700
7895,1779400
7896,2618700
7897,2201500
7898,2251200
7899,1810000
7900,1724700
7901,1452900
7902,1216900
7903,1295500
7904,4862700
7905,1760000
7906,1634100
7907,1557600
7908,1458800
7909,2403500
7910,1445100
7911,2083000
7912,1599800
7913,1865000
7914,1643900
7915,1321600
7916,1583700
7917,1193900
7918,4897600
7919,2112000
7920,1847600
7921,1647600
7922,1991300
7923,2604300
7924,1911200
7925,1820300
7926,1822300
7927,1629800
7928,1239000
7929,1310300
7930,3573100
7931,2077100
7932,1788000
7933,1612000
7934,1594000
7935,2152800
7936,1777200
7937,2214600
7938,1713700
7939,1533500
7940,1348700
7941,1272800
7942,1101300
7943,1812800
7944,3638800
7945,1596200
7946,1662500
7947,1449800
7948,1323100
7949,1581900
7950,1560300
7951,1886400
7952,2206400
7953,1293700
7954,1415000
7955,1198900
7956,1037700
7957,3357800
7958,2484300
7959,1288300
7960,1328900
7961,1466300
7962,1751900
7963,2085000
7964,1844800
7965,1909400
7966,1411000
7967,1718900
7968,1236500
7969,1225900
7970,1726800
7971,4010000
7972,1621000
7973,1461300
7974,1407500
7975,1752600
7976,2047900
7977,1635700
7978,2108900
7979,2281800
7980,1474800
7981,1163600
7982,1283100
7983,1323600
7984,1166200
7985,1513600
7986,3090200
7987,2289700
7988,1561200
7989,1367300
7990,1279200
7991,1613000
7992,2038000
7993,2049800
7994,1510100
7995,1354500
7996,1478300
7997,1314500
7998,1037900
7999,947100
8000,961800
8001,3758700
8002,1996300
8003,1552200
8004,1359200
8005,1512100
8006,1829000
8007,1529700
8008,2014300
8009,1925000
8010,1421000
8011,1449100
8012,1044300
8013,986800
8014,1218200
8015,3500700
8016,2020100
8017,1256200
8018,1310000
8019,1827300
8020,2408900
8021,2459500
8022,1997900
8023,1514600
8024,1425800
8025,1616100
8026,1379600
8027,1169400
8028,1136600
8029,1084500
8030,2638800
8031,1886200
8032,1459900
8033,1731000
8034,1514500
8035,1715900
8036,1899800
8037,1807300
8038,1721100
8039,1614000
8040,1609100
8041,1013800
8042,1037700
8043,1193000
8044,1296600
8045,1118400
8046,983400
8047,850200
8048,840500
8049,936300
8050,949900
8051,945800
8052,831600
8053,900600
8054,821900
8055,829900
8056,1102300
8057,1441700
8058,1197300
8059,1107100
8060,2412500
8061,3613900
8062,1056300
8063,1493200
8064,1263600
8065,1302000
8066,1896700
8067,1735900
8068,1647200
8069,1493300
8070,1700400
8071,1369400
8072,1128600
8073,1487000
8074,1435700
8075,1238800
8076,1135200
8077,1802600
8078,2551000
8079,2391400
8080,1569800
8081,2023900
8082,1663500
8083,1938800
8084,1775400
8085,1453600
8086,1441700
8087,1406200
8088,1241300
8089,1200200
8090,3750700
8091,2071500
8092,1589900
8093,1247300
8094,1339700
8095,1793500
8096,1704700
8097,2290600
8098,1869800
8099,1484500
8100,1597000
8101,1586300
8102,1356200
8103,1640600
8104,1543300
8105,4224300
8106,1798400
8107,1956700
8108,1634400
8109,1991000
8110,2336800
8111,1746900
8112,2230500
8113,2070200
8114,1953200
8115,1862900
8116,1502500
8117,1064800
8118,1223200
8119,1146500
8120,1494000
8121,3660400
8122,1437000
8123,1531800
8124,2044500
8125,2154900
8126,2276800
8127,1707200
8128,2753800
8129,2243900
8130,1332000
8131,1569200
8132,1881500
8133,3805000
8134,1363600
8135,1403400
8136,1793400
8137,1710900
8138,1944500
8139,1763100
8140,1576300
8141,1674600
8142,1510200
8143,1428300
8144,1475500
8145,1114700
8146,2766400
8147,2724800
8148,1726900
8149,1724500
8150,2266300
8151,2014300
8152,1791900
8153,1590400
8154,7339900
8155,1160800
8156,1087700
8157,1325100
8158,1464000
8159,1225400
8160,1270300
8161,1243300
8162,1877400
8163,3223700
8164,1485200
8165,1391800
8166,1149600
8167,1495700
8168,2316400
8169,2225200
8170,1955500
8171,1888500
8172,1645900
8173,1282500
8174,1239600
8175,2631200
8176,3646900
8177,1588500
8178,1396300
8179,1568400
8180,1570800
8181,1668400
8182,2066400
8183,1656600
8184,1318900
8185,1454800
8186,1184600
8187,1022700
8188,1734100
8189,3771300
8190,1253300
8191,1728300
8192,1586900
8193,1476700
8194,1939200
8195,1712700
8196,1798500
8197,1737200
8198,1526900
8199,1608300
8200,1661100
8201,1291500
8202,1117000
8203,942700
8204,2556300
8205,2147000
8206,1482100
8207,1308700
8208,1539900
8209,1634900
8210,2016500
8211,1719000
8212,1631900
8213,1562900
8214,1449800
8215,1094000
8216,1435500
8217,1070300
8218,2924900
8219,2160500
8220,1417500
8221,1458200
8222,1168500
8223,1690900
8224,2397300
8225,2113900
8226,1398100
8227,1401600
8228,1532500
8229,1655600
8230,1371700
8231,1263200
8232,2074000
8233,3730600
8234,1396900
8235,1650800
8236,1760100
8237,1247800
8238,1950400
8239,1475700
8240,2089700
8241,1650400
8242,1409100
8243,1673700
8244,1236800
8245,1964500
8246,1247700
8247,1410400
8248,3604800
8249,1692500
8250,1143300
8251,918900
8252,813100
8253,927600
8254,1203800
8255,1509800
8256,1972700
8257,1968100
8258,1765900
8259,1495200
8260,1457700
8261,1390400
8262,1150400
8263,1015400
8264,1884900
8265,3334300
8266,1783500
8267,1819300
8268,1667800
8269,1491300
8270,1680500
8271,2269500
8272,1800400
8273,1425300
8274,1291200
8275,1313600
8276,1313100
8277,1122000
8278,1572800
8279,3720500
8280,1622100
8281,1036900
8282,1895900
8283,1567100
8284,1863600
8285,2303800
8286,1961100
8287,1478000
8288,1400900
8289,1377200
8290,966800
8291,877700
8292,1155800
8293,1128100
8294,1134100
8295,1020700
8296,1037200
8297,1531200
8298,3062500
8299,3259700
8300,1320700
8301,1573200
8302,2263500
8303,2022400
8304,2264800
8305,1571300
8306,1830000
8307,1628000
8308,1406500
8309,1165800
8310,1256000
8311,1350700
8312,4080500
8313,1647400
8314,1499300
8315,1389800
8316,1371400
8317,1777300
8318,2444900
8319,2031500
8320,1419400
8321,1557300
8322,1776400
8323,1289300
8324,1313500
8325,3523400
8326,1620300
8327,1602100
8328,1460000
8329,1307500
8330,1683200
8331,1740600
8332,2204400
8333,1933700
8334,1593900
8335,1458300
8336,1175100
8337,1043100
8338,1228800
8339,2626800
8340,2730100
8341,1675700
8342,993600
8343,1776700
8344,1482500
8345,1351700
8346,1920100
8347,2054600
8348,1781800
8349,1453700
8350,1328700
8351,1547200
8352,1233600
8353,955300
8354,942700
8355,3621300
8356,2244700
8357,1022500
8358,1477600
8359,1697200
8360,2094300
8361,1722300
8362,1645400
8363,1593600
8364,1559300
8365,1492200
8366,2239900
8367,1808700
8368,1141400
8369,986800
8370,2681500
8371,3409500
8372,1233400
8373,1564600
8374,1886100
8375,1808100
8376,1951500
8377,2002000
8378,1451700
8379,1358200
8380,1749000
8381,1299100
8382,1117200
8383,1677200
8384,2554400
8385,1754200
8386,1077000
8387,1586200
8388,1430800
8389,1276000
8390,2112700
8391,1886800
8392,1772000
8393,1476900
8394,1649100
8395,1229000
8396,1229100
8397,5000200
8398,1656300
8399,1708000
8400,1353100
8401,1529000
8402,1529800
8403,1900900
8404,1263000
8405,2044600
8406,1844600
8407,2008600
8408,1518000
8409,1201300
8410,1335700
8411,1732800
8412,1720900
8413,2651500
8414,1513900
8415,1600500
8416,1504400
8417,1343800
8418,1290200
8419,1349700
8420,1582700
8421,1724400
8422,1591300
8423,1917700
8424,2091300
8425,2330400
8426,1284900
8427,3242500
8428,2928400
8429,1244000
8430,1069400
8431,1787600
8432,1384700
8433,1494900
8434,2067200
8435,1610000
8436,1633200
8437,1465200
8438,1611800
8439,1379600
8440,1170600
8441,946500
8442,1657100
8443,3010800
8444,2008900
8445,1627000
8446,2639000
8447,1619900
8448,2309900
8449,1608900
8450,1704800
8451,1616300
8452,1217400
8453,1619600
8454,1195300
8455,2778900
8456,3233800
8457,1272700
8458,1518500
8459,1421800
8460,1296100
8461,1794900
8462,1549700
8463,2055000
8464,1761900
8465,1449500
8466,1303600
8467,1061600
8468,1054700
8469,1143700
8470,4001200
8471,1937500
8472,1772900
8473,1644300
8474,1784400
8475,2089200
8476,1898400
8477,2059300
8478,1784900
8479,1406500
8480,1318300
8481,3529500
8482,2076800
8483,1496300
8484,1622000
8485,1576600
8486,2228700
8487,2037600
8488,1840500
8489,1709500
8490,1335600
8491,1593800
8492,1307700
8493,2359300
8494,2519500
8495,2512400
8496,1431300
8497,1385000
8498,2037800
8499,2231100
8500,2711400
8501,2015800
8502,1520800
8503,1574400
8504,1277600
8505,3400100
8506,1563000
8507,1468700
8508,1441300
8509,2532700
8510,1921900
8511,1682300
8512,1473400
8513,1139600
8514,935900
8515,944000
8516,828800
8517,900600
8518,911800
8519,884400
8520,1099400
8521,1663000
8522,1161300
8523,2082600
8524,3048000
8525,1590600
8526,1031300
8527,1510300
8528,1605000
8529,2019100
8530,2949500
8531,1403600
8532,1357400
8533,1336300
8534,1260900
8535,1089500
8536,1031100
8537,2108200
8538,3196200
8539,1496000
8540,1481700
8541,1708200
8542,1481800
8543,2001300
8544,2354200
8545,2242500
8546,2313600
8547,1901400
8548,1363400
8549,1840300
8550,1657000
8551,4710900
8552,3115200
8553,1620400
8554,1829100
8555,1557000
8556,1288900
8557,2296700
8558,2171000
8559,1499200
8560,1517700
8561,1953300
8562,1257200
8563,1384700
8564,2530100
8565,3435700
8566,2681800
8567,1906300
8568,1472800
8569,1730700
8570,1664900
8571,1701600
8572,1737200
8573,1578300
8574,1290500
8575,1268600
8576,1392900
8577,1066400
8578,1222600
8579,1334400
8580,3050600
8581,3117700
8582,1822900
8583,1611700
8584,1300000
8585,2007500
8586,2024500
8587,1792700
8588,1449200
8589,1417800
8590,1213900
8591,1069100
8592,910600
8593,2265900
8594,3471400
8595,1157600
8596,1512200
8597,1651400
8598,2168800
8599,1912500
8600,2157500
8601,2037900
8602,1640500
8603,1456300
8604,1708300
8605,1344400
8606,1903200
8607,3786700
8608,1595800
8609,1793500
8610,1691300
8611,2225500
8612,2140900
8613,1983200
8614,1636600
8615,1384800
8616,1527700
8617,1808000
8618,1271000
8619,1014600
8620,954000
8621,2672600
8622,3181200
8623,1604300
8624,1382200
8625,1691700
8626,1696900
8627,1934900
8628,2193100
8629,1701100
8630,1512200
8631,1478500
8632,1186800
8633,1096000
8634,997900
8635,2667300
8636,3370200
8637,1106600
8638,1503700
8639,1449900
8640,2076900
8641,1988100
8642,1679500
8643,1557300
8644,1404300
8645,1411500
8646,1124500
8647,1072100
8648,1538100
8649,3524400
8650,1719600
8651,1669400
8652,1621900
8653,1717300
8654,2177800
8655,1685600
8656,1975000
8657,1952600
8658,1800600
8659,1753500
8660,1250600
8661,1023500
8662,982300
8663,2127000
8664,3341900
8665,1647500
8666,1263000
8667,1460100
8668,1958500
8669,1534300
8670,1756900
8671,1830400
8672,1877000
8673,1742700
8674,1387100
8675,1312200
8676,1482100
8677,1313200
8678,1343600
8679,1598400
8680,3829800
8681,1524100
8682,1375200
8683,1175400
8684,1723500
8685,1748800
8686,1759500
8687,1693300
8688,2462100
8689,2151600
8690,1494700
8691,1634500
8692,1255100
8693,1209400
8694,1088900
8695,1855300
8696,2282000
8697,1729200
8698,1701700
8699,1364900
8700,1330900
8701,1803000
8702,2590800
8703,2239500
8704,1585400
8705,1309300
8706,1154500
8707,1170200
8708,967200
8709,3438500
8710,2882900
8711,1397100
8712,1120700
8713,1315200
8714,1919100
8715,1403200
8716,1735600
8717,1853600
8718,1309800
8719,1455500
8720,1519300
8721,1229500
8722,2129300
8723,3171500
8724,1304100
8725,1488500
8726,1391200
8727,1749800
8728,1777900
8729,2195000
8730,2138700
8731,1623700
8732,1201500
8733,1445600
8734,1267400
8735,1045900
8736,971800
8737,3283300
8738,2689200
8739,2095900
8740,2286500
8741,2104600
8742,1678700
8743,1715900
8744,1678500
8745,1406300
8746,1514300
8747,1309200
8748,1433700
8749,1051800
8750,906200
8751,827800
8752,1234100
8753,1079700
8754,1261300
8755,1045400
8756,3312600
8757,2458200
8758,1226600
8759,1443400
8760,1412300
8761,1419100
8762,1896600
8763,1831000
8764,1676100
8765,1957800
8766,1309400
8767,1406400
8768,1072700
8769,1081800
8770,960800
8771,1089600
8772,2676900
8773,2822900
8774,1273200
8775,1689400
8776,1591800
8777,1406000
8778,1990000
8779,1579900
8780,1774800
8781,1581100
8782,1319400
8783,1287000
8784,1217900
8785,1234200
8786,1027500
8787,3621700
8788,2322100
8789,1469700
8790,1282000
8791,2046900
8792,2357900
8793,2066500
8794,2448600
8795,1415500
8796,1461900
8797,1314000
8798,1195400
8799,1078300
8800,2613500
8801,2482600
8802,1324400
8803,1546900
8804,1854000
8805,2142200
8806,1559200
8807,2209800
8808,2233400
8809,1472900
8810,1354800
8811,1157100
8812,1369200
8813,3338700
8814,2333800
8815,1268500
8816,1514700
8817,1306300
8818,1653800
8819,1733800
8820,2720100
8821,2429500
8822,1640500
8823,1447400
8824,1606100
8825,1251300
8826,1037200
8827,931200
8828,1620400
8829,4009300
8830,1186700
8831,1259700
8832,1590100
8833,2288900
8834,1564600
8835,1872800
8836,2043100
8837,1403000
8838,1300200
8839,1426000
8840,1054600
8841,937200
8842,1139900
8843,1699800
8844,3740300
8845,1566300
8846,1274500
8847,1716400
8848,1498200
8849,1341400
8850,1955600
8851,1666700
8852,1883700
8853,1394900
8854,1183100
8855,1516900
8856,1121800
8857,1029500
8858,1126200
8859,2972200
8860,2449500
8861,1049100
8862,1285300
8863,1568300
8864,1316200
8865,2142700
8866,2380000
8867,2073000
8868,1353100
8869,1565600
8870,1097000
8871,1228700
8872,972900
8873,5034900
8874,1983000
8875,1559100
8876,1693000
8877,2082700
8878,2586100
8879,2146900
8880,2196200
8881,1521900
8882,1104900
8883,1283400
8884,1049400
8885,1430800
8886,3564500
8887,1881100
8888,1652700
8889,1306800
8890,1863100
8891,2020500
8892,1847200
8893,2002200
8894,1507800
8895,1387500
8896,1728900
8897,1188000
8898,1441500
8899,1456900
8900,5871400
8901,1707900
8902,1839000
8903,1537700
8904,1459800
8905,1947500
8906,1925100
8907,2099400
8908,1682900
8909,2200700
8910,2100600
8911,1348500
8912,1129600
8913,1016700
8914,929800
8915,3149700
8916,2487700
8917,1300300
8918,1396800
8919,1604900
8920,1530500
8921,1862700
8922,1430700
8923,2033000
8924,1940300
8925,1330400
8926,1781000
8927,1382100
8928,1091000
8929,1021500
8930,2469000
8931,4031800
8932,1614000
8933,1485000
8934,1348800
8935,1640400
8936,1682800
8937,1780400
8938,1893000
8939,2214600
8940,1685400
8941,1733200
8942,1312400
8943,1378600
8944,1103500
8945,1442900
8946,2547800
8947,1581800
8948,1590300
8949,1369500
8950,1650000
8951,1893800
8952,1564300
8953,1745200
8954,2028200
8955,1483300
8956,1365500
8957,1127400
8958,1058700
8959,1616200
8960,3415300
8961,1427100
8962,1277500
8963,1702400
8964,1371300
8965,1737800
8966,1635400
8967,1591600
8968,1946200
8969,1298200
8970,1409300
8971,1600300
8972,1178300
8973,2425600
8974,2424500
8975,1308100
8976,1335700
8977,1399200
8978,1421900
8979,1646200
8980,1853200
8981,2021000
8982,1909000
8983,1388700
8984,1220800
8985,1334700
8986,1145700
8987,1555900
8988,1215400
8989,1424200
8990,1276800
8991,3814300
8992,2105100
8993,1520600
8994,1383000
8995,1540800
8996,1832300
8997,1806800
8998,1788300
8999,1997000
9000,1545200
9001,1632800
9002,1093000
9003,1016200
9004,895200
9005,1768900
9006,3034600
9007,1306000
9008,1993200
9009,1607900
9010,1272300
9011,1578200
9012,1370500
9013,1776700
9014,1825700
9015,1453200
9016,1542500
9017,1298300
9018,1274000
9019,1241200
9020,955300
9021,864900
9022,2747100
9023,3113500
9024,1096700
9025,1450100
9026,1884300
9027,1631000
9028,1727400
9029,1682000
9030,2173400
9031,2094300
9032,1399400
9033,1338300
9034,1151600
9035,1870700
9036,4595400
9037,1629900
9038,1339300
9039,1394400
9040,1748800
9041,2511200
9042,1694400
9043,1416000
9044,1442600
9045,1612200
9046,1303000
9047,1100100
9048,2860100
9049,2997700
9050,1118100
9051,1402500
9052,1870300
9053,1395300
9054,2276800
9055,2630100
9056,1986500
9057,1534400
9058,1474600
9059,1464600
9060,1334800
9061,1257200
9062,2834100
9063,2000700
9064,1995700
9065,1807700
9066,1422600
9067,2208700
9068,2120100
9069,2184800
9070,2156500
9071,1459100
9072,1625500
9073,1243300
9074,1272400
9075,1370900
9076,4049600
9077,1435200
9078,1334300
9079,1701300
9080,1569000
9081,1773900
9082,1909400
9083,1719100
9084,1388200
9085,1231900
9086,1303900
9087,1222700
9088,1001500
9089,1075800
9090,3141800
9091,2084800
9092,1095800
9093,1451000
9094,1333200
9095,1264700
9096,1646600
9097,2407500
9098,1569800
9099,1470600
9100,1343900
9101,1391900
9102,1264700
9103,1258600
9104,1399200
9105,1257200
9106,1081600
9107,966500
9108,949000
9109,1051600
9110,3201900
9111,1938100
9112,1199700
9113,1614500
9114,6773600
9115,3120200
9116,2021900
9117,1967200
9118,1448400
9119,1737200
9120,1327000
9121,2488300
9122,4042600
9123,1503600
9124,1603500
9125,1964800
9126,2163400
9127,1703700
9128,1953100
9129,2302100
9130,2158900
9131,1896800
9132,1502900
9133,1390400
9134,1096700
9135,1695100
9136,3568400
9137,1742200
9138,1623800
9139,1981600
9140,2529400
9141,2649100
9142,1962000
9143,1911000
9144,2157100
9145,1869600
9146,1922900
9147,2817500
9148,3668800
9149,1288700
9150,2295600
9151,2096100
9152,2501900
9153,2291800
9154,2065800
9155,1451900
9156,1652300
9157,1274600
9158,1133500
9159,4141200
9160,2229200
9161,1735200
9162,1438600
9163,1364500
9164,2120800
9165,2082600
9166,1791300
9167,1653300
9168,2322600
9169,9937300
9170,2917400
9171,1587300
9172,1362700
9173,2549600
9174,2207800
9175,2514300
9176,1961500
9177,1716500
9178,1363900
9179,1143000
9180,1092700
9181,2137600
9182,1560800
9183,1372900
9184,1320900
9185,1236900
9186,1778700
9187,3546800
9188,2239500
9189,1397800
9190,1371200
9191,1180500
9192,1613900
9193,1716400
9194,1848200
9195,1922600
9196,1449900
9197,1201900
9198,1369700
9199,1067200
9200,1239900
9201,917600
9202,3622000
9203,1609500
9204,1468000
9205,1380400
9206,1588800
9207,1822100
9208,2345600
9209,1809900
9210,1389800
9211,1250000
9212,1150900
9213,1175300
9214,964700
9215,1597900
9216,1142700
9217,1296300
9218,1107500
9219,1520200
9220,3535500
9221,1228800
9222,1958800
9223,1534600
9224,1884700
9225,1865300
9226,1760300
9227,1615600
9228,1556800
9229,1328900
9230,979200
9231,1093300
9232,997200
9233,2117500
9234,3062000
9235,1417300
9236,1431400
9237,1318500
9238,1424800
9239,1663300
9240,2083400
9241,2123400
9242,1990400
9243,1624900
9244,2102300
9245,1552400
9246,1071500
9247,947000
9248,2002700
9249,3786800
9250,1105800
9251,1529900
9252,1641300
9253,1565500
9254,2006100
9255,1704300
9256,1655000
9257,1570000
9258,1521400
9259,1226200
9260,1553300
9261,1270200
9262,1062800
9263,2482000
9264,3184600
9265,1319000
9266,2129200
9267,2131000
9268,1632500
9269,2073800
9270,1948600
9271,1382300
9272,1671800
9273,1928500
9274,1192800
9275,1111500
9276,1032600
9277,940800
9278,2012900
9279,3666700
9280,1876900
9281,1518200
9282,1445900
9283,1901100
9284,1946300
9285,2045100
9286,1507900
9287,1561100
9288,1571500
9289,1709100
9290,1303300
9291,1052800
9292,3763800
9293,2375100
9294,1199400
9295,1916300
9296,1970400
9297,1483700
9298,2812600
9299,2457300
9300,1637800
9301,1525700
9302,1901400
9303,1360100
9304,1163400
9305,983700
9306,1300200
9307,4174100
9308,1861200
9309,1801400
9310,1711700
9311,2014700
9312,2054800
9313,2285700
9314,1737400
9315,1761700
9316,1394500
9317,1130500
9318,1105700
9319,1608600
9320,5019300
9321,1575300
9322,1259000
9323,1730200
9324,1641700
9325,1696000
9326,1995300
9327,2064600
9328,1472300
9329,1477700
9330,1294000
9331,1094700
9332,1083600
9333,1947800
9334,3918600
9335,1457500
9336,1706200
9337,1924000
9338,2395000
9339,1787200
9340,1810300
9341,1459100
9342,1441200
9343,1503000
9344,1106100
9345,1155600
9346,1765400
9347,3371200
9348,2277400
9349,1703500
9350,1789600
9351,1212000
9352,1963900
9353,1821100
9354,2036500
9355,1404200
9356,1323800
9357,1137700
9358,1038700
9359,946900
9360,1033100
9361,1251500
9362,3942200
9363,1678700
9364,1622200
9365,1418500
9366,1613500
9367,1995800
9368,2075200
9369,1885900
9370,1706500
9371,1305600
9372,1374400
9373,1186600
9374,987700
9375,2686900
9376,2450200
9377,1236600
9378,970700
9379,1611600
9380,1445300
9381,1454300
9382,1583300
9383,1594800
9384,1625000
9385,1768700
9386,1467100
9387,1527000
9388,1246700
9389,1182600
9390,922600
9391,1839400
9392,3223400
9393,1563500
9394,1682000
9395,1544600
9396,2570300
9397,1713600
9398,2183200
9399,1776100
9400,1398900
9401,1337100
9402,1136000
9403,1172700
9404,1833200
9405,4044900
9406,1602100
9407,1459200
9408,1475900
9409,1597000
9410,1720900
9411,1819300
9412,1649600
9413,1441200
9414,1428200
9415,1128100
9416,1040900
9417,981100
9418,2943700
9419,2067100
9420,1734700
9421,1532800
9422,1320600
9423,1744500
9424,1947400
9425,1714700
9426,1787200
9427,1912700
9428,1552500
9429,1598200
9430,1291300
9431,1135000
9432,1176600
9433,1196900
9434,1097400
9435,1221900
9436,2029200
9437,2787700
9438,1653100
9439,1318800
9440,1678000
9441,1355200
9442,1187100
9443,1376300
9444,2036200
9445,1430600
9446,1516300
9447,1820300
9448,1468500
9449,1348600
9450,1235200
9451,1143100
9452,1597800
9453,1251200
9454,1266600
9455,1002500
9456,1128000
9457,4827900
9458,1157500
9459,1540900
9460,1935400
9461,1378800
9462,1918700
9463,1657300
9464,1788400
9465,1833700
9466,1597900
9467,1496600
9468,1204900
9469,1209700
9470,1708200
9471,4262900
9472,1254500
9473,1348900
9474,1496500
9475,2196700
9476,1713700
9477,2035500
9478,1982500
9479,1529800
9480,1392000
9481,1172900
9482,1227600
9483,1328900
9484,3644300
9485,1490400
9486,1533100
9487,1299300
9488,1279700
9489,1631500
9490,2259300
9491,2091100
9492,1594000
9493,1422500
9494,1234000
9495,1593800
9496,3662200
9497,2783700
9498,1615600
9499,1341900
9500,1436300
9501,1668700
9502,1685900
9503,2029800
9504,1929900
9505,1780000
9506,1483100
9507,1364200
9508,1130700
9509,1018600
9510,1302700
9511,4837000
9512,1310600
9513,1365400
9514,1492600
9515,1244500
9516,2249000
9517,2121600
9518,2162900
9519,1690300
9520,1264500
9521,934800
9522,1050700
9523,1553100
9524,1563700
9525,994200
9526,904900
9527,1112100
9528,3880300
9529,1460300
9530,1462300
9531,2140600
9532,1786100
9533,1654500
9534,1907400
9535,2153400
9536,1459500
9537,1566700
9538,1154000
9539,1068100
9540,1034900
9541,1414400
9542,4970700
9543,1232400
9544,1487400
9545,1129200
9546,2061500
9547,2406800
9548,1968400
9549,1901400
9550,1710300
9551,1502100
9552,1905000
9553,1856100
9554,2953000
9555,3452000
9556,1428900
9557,1295500
9558,1452000
9559,1855900
9560,1897500
9561,2389200
9562,2035700
9563,2028300
9564,1396700
9565,1521700
9566,1181400
9567,1293800
9568,3210700
9569,2028200
9570,1099800
9571,1463900
9572,1427500
9573,1532200
9574,2231100
9575,1828700
9576,1857600
9577,1415700
9578,1288900
9579,1034900
9580,1049300
9581,2262200
9582,3609000
9583,1197300
9584,1764900
9585,1323600
9586,1336900
9587,1610200
9588,1884700
9589,1777200
9590,1718700
9591,1667600
9592,1649300
9593,1036100
9594,1073100
9595,1076500
9596,2301200
9597,3347400
9598,1193500
9599,1410900
9600,1387600
9601,1733900
9602,1933900
9603,2537100
9604,2398800
9605,2224500
9606,1329200
9607,1429100
9608,1340900
9609,1182100
9610,1273700
9611,1149900
9612,1305100
9613,3382900
9614,1858500
9615,1344900
9616,1546900
9617,2156700
9618,2163800
9619,1732700
9620,1867000
9621,1682000
9622,1465100
9623,1401800
9624,1186100
9625,1354800
9626,1582700
9627,3843700
9628,1236000
9629,924700
9630,1529700
9631,1316300
9632,1212700
9633,1883600
9634,1828200
9635,1808500
9636,2149800
9637,1558500
9638,1391400
9639,1511000
9640,1161900
9641,2605200
9642,3888200
9643,1377700
9644,1790500
9645,1651800
9646,1516300
9647,1803800
9648,1741400
9649,2004100
9650,1696200
9651,1381000
9652,1288500
9653,1563500
9654,1211100
9655,1899500
9656,2239400
9657,3870200
9658,2006000
9659,2647700
9660,2140000
9661,2676600
9662,1868700
9663,2223400
9664,1473300
9665,1368200
9666,1563900
9667,1290200
9668,1301700
9669,1618100
9670,2752200
9671,2442400
9672,1260300
9673,1943200
9674,1691800
9675,1724500
9676,1767700
9677,2587400
9678,2401300
9679,2332200
9680,2002800
9681,1645100
9682,1194500
9683,1227600
9684,1395400
9685,1424900
9686,1199200
9687,1088100
9688,3261800
9689,3406900
9690,1657900
9691,1290000
9692,1556200
9693,2542700
9694,2609400
9695,1739900
9696,1887500
9697,1750000
9698,1308600
9699,1494800
9700,1235100
9701,1361800
9702,1328700
9703,1108000
9704,946600
9705,3486800
9706,3097200
9707,1217400
9708,1900300
9709,2387600
9710,2501300
9711,2305100
9712,1803400
9713,1483100
9714,1542500
9715,1165900
9716,4742400
9717,2044800
9718,1410700
9719,1259400
9720,1990200
9721,1442200
9722,1954300
9723,1700800
9724,1661900
9725,1428400
9726,1202100
9727,2752300
9728,2336500
9729,1247700
9730,1634300
9731,2153100
9732,2238800
9733,2185700
9734,1396000
9735,1548500
9736,1124400
9737,4212400
9738,1665000
9739,1538000
9740,1628400
9741,2147200
9742,2198000
9743,1585200
9744,1206000
9745,1140700
9746,2024000
9747,1685300
9748,1175600
9749,3699800
9750,2164800
9751,1358200
9752,1876100
9753,1563400
9754,1585000
9755,1642700
9756,1627100
9757,2005800
9758,1419100
9759,1235800
9760,1725400
9761,1414200
9762,1282100
9763,1901000
9764,2761400
9765,1404400
9766,2398100
9767,1529100
9768,1919500
9769,1774700
9770,2236000
9771,1659500
9772,1872400
9773,1786400
9774,2005000
9775,1429900
9776,1357000
9777,1627300
9778,2130300
9779,3872800
9780,1978800
9781,1588100
9782,1282400
9783,1895600
9784,2346200
9785,1627900
9786,1924900
9787,2145200
9788,1572500
9789,1252900
9790,1776500
9791,1232300
9792,1371200
9793,1061800
9794,1760200
9795,3716200
9796,2474000
9797,1683400
9798,1573800
9799,1817900
9800,1568900
9801,1843500
9802,1686400
9803,1807800
9804,1640400
9805,1638400
9806,1336800
9807,1211800
9808,2730000
9809,3162300
9810,1501600
9811,1426800
9812,1542500
9813,1342700
9814,1863400
9815,1698300
9816,1966400
9817,1767500
9818,1301300
9819,1574100
9820,1289400
9821,1126400
9822,2215500
9823,4022600
9824,1778300
9825,1916400
9826,1940100
9827,2409900
9828,1890300
9829,1806800
9830,1414200
9831,1366200
9832,1430700
9833,1278000
9834,1117900
9835,948800
9836,2592300
9837,2419000
9838,1293300
9839,1520700
9840,1620100
9841,1288900
9842,1812900
9843,1612300
9844,2017400
9845,2224700
9846,1929200
9847,1444700
9848,1119400
9849,1035200
9850,1081700
9851,1610200
9852,2361500
9853,2110200
9854,1146600
9855,1666100
9856,1955600
9857,2013700
9858,1762900
9859,1522100
9860,2977000
9861,1458800
9862,1338600
9863,1640200
9864,1303900
9865,1360200
9866,2841800
9867,4216600
9868,1619600
9869,1725000
9870,1795100
9871,1829200
9872,2414200
9873,2348600
9874,1884000
9875,1747200
9876,1761200
9877,1563200
9878,1227000
9879,1150200
9880,3764700
9881,2588900
9882,1297400
9883,1580800
9884,1511500
9885,1746800
9886,2922200
9887,2236600
9888,2181500
9889,2215100
9890,1634500
9891,1539000
9892,1163600
9893,1249000
9894,2898800
9895,3453600
9896,2033900
9897,1482100
9898,1704900
9899,2543900
9900,2329100
9901,1837100
9902,1688800
9903,1533600
9904,1474300
9905,1440500
9906,1562600
9907,1414500
9908,1466300
9909,991300
9910,3350400
9911,2736200
9912,1107700
9913,1567200
9914,1750500
9915,1250000
9916,1853600
9917,1792200
9918,2272800
9919,2266000
9920,1790000
9921,1703100
9922,1501100
9923,1363300
9924,1192700
9925,3827200
9926,1474300
9927,1642500
9928,2331000
9929,1818300
9930,2341600
9931,2147500
9932,2151300
9933,1519200
9934,1699900
9935,1380800
9936,1761600
9937,1348800
9938,1922500
9939,1865700
9940,4951100
9941,1501900
9942,1800100
9943,1519400
9944,1765900
9945,1999500
9946,2530800
9947,1762600
9948,1289100
9949,1311000
9950,1366100
9951,1043400
9952,938000
9953,1096000
9954,935200
9955,1220800
9956,3624500
9957,1662800
9958,1060100
9959,1644400
9960,1505600
9961,1778500
9962,1904500
9963,1919800
9964,1590500
9965,1352700
9966,1670700
9967,1258700
9968,1100400
9969,1190800
9970,3104800
9971,2712500
9972,1258200
9973,1839400
9974,2325800
9975,1866200
9976,2242000
9977,1905700
9978,1960400
9979,1635000
9980,1525500
9981,1384100
9982,1056200
9983,976500
9984,1955600
9985,4467300
9986,1456500
9987,1269400
9988,1630000
9989,2211100
9990,1927900
9991,1849500
9992,1628900
9993,1319400
9994,1250500
9995,1562600
9996,1244000
9997,1309100
9998,5289400
9999,1537400
10000,2196000
10001,2303300
10002,2325300
10003,1780500
10004,1622900
10005,1390500
10006,1977400
10007,1856400
10008,3122000
10009,2325800
10010,1484200
10011,1542100
10012,1368500
10013,1685800
10014,1763000
10015,2241300
10016,1723600
10017,1891500
10018,1356300
10019,1223600
10020,1832000
10021,1457300
10022,1135300
10023,1337000
10024,1486800
10025,5660400
10026,2301700
10027,1789500
10028,3168500
10029,1736700
10030,2505400
10031,2643800
10032,2515600
10033,2320500
10034,1957700
10035,1847300
10036,2314700
10037,2038800
10038,1458700
10039,5141900
10040,2850400
10041,1467500
10042,1795800
10043,1613000
10044,2118700
10045,2213800
10046,2423100
10047,2069300
10048,2315900
10049,2088800
10050,1505200
10051,1166400
10052,1363900
10053,3137600
10054,3255500
10055,1514600
10056,1871600
10057,2437200
10058,1711200
10059,2556700
10060,1752600
10061,2453600
10062,1781700
10063,2050200
10064,1585300
10065,1678700
10066,1476400
10067,8277000
10068,2909400
10069,1923700
10070,2380800
10071,2516400
10072,1853900
10073,2196700
10074,1733400
10075,2364300
10076,2487300
10077,1610400
10078,1526000
10079,1292000
10080,1361400
10081,1510000
10082,4602000
10083,2567300
10084,1553500
10085,1529400
10086,1410300
10087,2170800
10088,2141100
10089,2260700
10090,1817600
10091,1477000
10092,1338800
10093,1062100
10094,1080500
10095,1566100
10096,1205800
10097,1348300
10098,1131100
10099,1716000
10100,3537900
10101,1513300
10102,1304200
10103,1893600
10104,1962400
10105,2129200
10106,2716000
10107,2300100
10108,1661700
10109,1716700
10110,1445000
10111,1264700
10112,1253900
10113,2095200
10114,3868200
10115,1585500
10116,1406600
10117,1738500
10118,1435900
10119,1297500
10120,2166500
10121,2105300
10122,1897900
10123,1479400
10124,1477100
10125,1440300
10126,1180500
10127,1133600
10128,2433200
10129,4756600
10130,1495600
10131,1826000
10132,1942800
10133,2225800
10134,3199700
10135,3123300
10136,2467700
10137,2413900
10138,1337200
10139,1186100
10140,1325300
10141,1805400
10142,1651500
10143,1539200
10144,1212400
10145,1232700
10146,4843100
10147,2404800
10148,2077000
10149,1882700
10150,1908400
10151,1631800
10152,2567200
10153,1891000
10154,1395500
10155,2158000
10156,1907700
10157,1220400
10158,1295400
10159,3592900
10160,2018900
10161,1360100
10162,1928900
10163,1521800
10164,2243100
10165,1625500
10166,2045500
10167,1797900
10168,1669000
10169,1479200
10170,1381000
10171,1092700
10172,1166700
10173,1097700
10174,4275900
10175,1421800
10176,1458800
10177,1389700
10178,1296300
10179,2001900
10180,1400000
10181,2186200
10182,1821500
10183,1761500
10184,1512200
10185,1599100
10186,1341300
10187,1198400
10188,4032500
10189,1401500
10190,1845200
10191,1912900
10192,2024000
10193,2535200
10194,2788100
10195,1429000
10196,1313400
10197,2072100
10198,1913200
10199,5235100
10200,1780900
10201,1451400
10202,1735400
10203,2205200
10204,2137900
10205,1571900
10206,2487700
10207,2227000
10208,1286500
10209,1169500
10210,1136700
10211,1441800
10212,2975700
10213,1748100
10214,1128500
10215,1356200
10216,1106000
10217,1488100
10218,1738900
10219,1628700
10220,1689700
10221,2169100
10222,2077000
10223,1418000
10224,1499700
10225,1292300
10226,2971000
10227,3029500
10228,1182100
10229,1366000
10230,1679400
10231,1731100
10232,1454500
10233,1553900
10234,1988200
10235,1478100
10236,1327700
10237,1499800
10238,1574700
10239,1051300
10240,1038400
10241,1410500
10242,3351400
10243,1539900
10244,1639900
10245,1410200
10246,2081200
10247,1816300
10248,1613900
10249,1689800
10250,1633600
10251,1352400
10252,1250100
10253,1398700
10254,1145600
10255,1212300
10256,1155900
10257,1316900
10258,4100100
10259,1553400
10260,1825100
10261,1826000
10262,2374100
10263,1509500
10264,1882300
10265,1704700
10266,1526000
10267,1333100
10268,1407200
10269,1144900
10270,1408900
10271,2384400
10272,2210400
10273,1245800
10274,1481400
10275,1398200
10276,1199600
10277,1247000
10278,1153300
10279,1172200
10280,1527300
10281,1753600
10282,2504700
10283,1952800
10284,1537700
10285,2262200
10286,3881000
10287,1641500
10288,1914600
10289,2141000
10290,2295300
10291,2070600
10292,2172900
10293,1606500
10294,1181200
10295,1444100
10296,1440900
10297,1347800
10298,1361700
10299,1418000
10300,4233300
10301,1745900
10302,2257800
10303,1735100
10304,2071800
10305,2930200
10306,1890000
10307,1361400
10308,1521000
10309,1841000
10310,1409100
10311,1324700
10312,1429200
10313,4877600
10314,2261200
10315,1892400
10316,1488700
10317,2420500
10318,2393700
10319,1817800
10320,1338200
10321,1648600
10322,1400400
10323,1063000
10324,1585500
10325,3610700
10326,1383900
10327,1432200
10328,1191500
10329,1280100
10330,1043200
10331,1757400
10332,2238400
10333,2224300
10334,2244900
10335,1452800
10336,1183100
10337,1459600
10338,1206300
10339,1150600
10340,1669900
10341,2890500
10342,3016800
10343,1200200
10344,1495800
10345,1572400
10346,1780900
10347,1596000
10348,2275100
10349,1616700
10350,1477900
10351,1431400
10352,1059500
10353,1153600
10354,3049400
10355,2801300
10356,1291200
10357,1667700
10358,1733800
10359,1747300
10360,2488600
10361,2030900
10362,1953000
10363,1999600
10364,1238400
10365,993800
10366,1004700
10367,1140100
10368,1140300
10369,1083200
10370,1187900
10371,1066800
10372,2960800
10373,1463900
10374,2089400
10375,2006300
10376,2116100
10377,1680200
10378,1517100
10379,1606700
10380,1555100
10381,1603900
10382,1325800
10383,1186700
10384,3612100
10385,3591400
10386,1549700
10387,1684600
10388,1858000
10389,2025000
10390,2546200
10391,2421000
10392,2450800
10393,2472300
10394,1687600
10395,1416500
10396,1677100
10397,3097600
10398,3565500
10399,1903400
10400,1406300
10401,2528900
10402,2552800
10403,2382400
10404,2185100
10405,2782600
10406,1435300
10407,1469600
10408,1428700
10409,1345600
10410,1260800
10411,3882900
10412,2326100
10413,1149600
10414,1537500
10415,1874100
10416,1732900
10417,2602100
10418,2818300
10419,2373700
10420,2130000
10421,1319400
10422,1550500
10423,1704800
10424,1612000
10425,1617600
10426,1723300
10427,1274500
10428,1073800
10429,3235200
10430,2391900
10431,1394000
10432,1259100
10433,1772400
10434,2264000
10435,1869000
10436,2374200
10437,2065500
10438,1635400
10439,2292200
10440,2039000
10441,2081600
10442,3205900
10443,4034900
10444,1541900
10445,2091700
10446,1523700
10447,1933100
10448,2521000
10449,2102400
10450,2420200
10451,1638800
10452,1649600
10453,2254200
10454,1843000
10455,5106800
10456,1493100
10457,1207100
10458,1827000
10459,1314200
10460,1337200
10461,1754300
10462,2068900
10463,2170400
10464,1423200
10465,1419500
10466,1341400
10467,1175900
10468,1255500
10469,2399900
10470,3509300
10471,1388200
10472,1415500
10473,1546300
10474,2296000
10475,2135700
10476,1790900
10477,2287200
10478,1617600
10479,1583900
10480,1247600
10481,2151300
10482,3424300
10483,1834800
10484,1525700
10485,1473700
10486,1225100
10487,2338400
10488,1948600
10489,1969500
10490,1435400
10491,1324700
10492,1221900
10493,1491500
10494,1162900
10495,1339600
10496,1104900
10497,2841100
10498,2341700
10499,1800200
10500,1088800
10501,1566100
10502,1555900
10503,2566900
10504,2188500
10505,1918000
10506,2387000
10507,1678600
10508,1245500
10509,1413900
10510,1788800
10511,1287800
10512,1894800
10513,3211400
10514,1447500
10515,1344100
10516,1164800
10517,1520500
10518,1774700
10519,1732600
10520,1905200
10521,1949300
10522,1669500
10523,1557300
10524,1377700
10525,1257100
10526,1574600
10527,3161600
10528,2032700
10529,1590800
10530,1568400
10531,1350400
10532,1900700
10533,1636400
10534,2033100
10535,1659800
10536,1359500
10537,1384700
10538,1177300
10539,1218000
10540,3615400
10541,3437400
10542,1811000
10543,1452400
10544,1563800
10545,1598800
10546,2289000
10547,2193000
10548,2135700
10549,1495100
10550,1975200
10551,1745400
10552,1739000
10553,1777300
10554,5690800
10555,1595200
10556,1947700
10557,1797500
10558,1766400
10559,1952100
10560,2001400
10561,2308800
10562,1363500
10563,1511400
10564,1513400
10565,1093500
10566,4580100
10567,3025300
10568,1304200
10569,1510500
10570,1715400
10571,1332000
10572,2261900
10573,2253300
10574,1887500
10575,1207500
10576,1203500
10577,1279700
10578,1218400
10579,1305400
10580,1109900
10581,1474700
10582,3367500
10583,1174000
10584,1479600
10585,1675700
10586,1908500
10587,2186300
10588,1755200
10589,1710700
10590,1357800
10591,1303700
10592,1275800
10593,1144400
10594,1381800
10595,1214400
10596,1226800
10597,1180200
10598,1075700
10599,2834200
10600,2349200
10601,1145100
10602,1577400
10603,1535500
10604,1973700
10605,1784800
10606,2093800
10607,1690300
10608,1358600
10609,1681700
10610,1425900
10611,1051100
10612,1141900
10613,961900
10614,3182200
10615,2383000
10616,1252200
10617,1542200
10618,1212400
10619,1619700
10620,2205800
10621,1962100
10622,2244000
10623,1431700
10624,1343100
10625,1543100
10626,1398600
10627,1260900
10628,1082100
10629,1412900
10630,3390500
10631,1679100
10632,1689700
10633,1410200
10634,1386300
10635,2500100
10636,2058800
10637,2243500
10638,1536900
10639,1333900
10640,1171600
10641,1328700
10642,4892100
10643,2382900
10644,2306100
10645,2153200
10646,1680600
10647,2339600
10648,2130500
10649,2084800
10650,2008300
10651,1684100
10652,1389700
10653,1228000
10654,3371500
10655,2732500
10656,1952300
10657,1766600
10658,1380700
10659,2011100
10660,1912000
10661,2080500
10662,1790400
10663,1908300
10664,1335200
10665,1209000
10666,1442600
10667,1350000
10668,1799600
10669,1136300
10670,5000000
10671,2545900
10672,1750900
10673,1763400
10674,2050000
10675,1827100
10676,1924700
10677,2171100
10678,1836500
10679,1401600
10680,2540900
10681,1534900
10682,1237200
10683,2669900
10684,2902900
10685,1367700
10686,1718200
10687,1813200
10688,1562500
10689,2538700
10690,2184400
10691,2012100
10692,1580100
10693,1493600
10694,1359700
10695,1276700
10696,1567600
10697,4266100
10698,1232100
10699,1485900
10700,1600900
10701,1663500
10702,1631800
10703,1880900
10704,2066300
10705,1757800
10706,1578600
10707,1607300
10708,1609700
10709,1270100
10710,1332900
10711,3188600
10712,3123600
10713,1464900
10714,1292300
10715,1601100
10716,1585900
10717,2257800
10718,1994600
10719,2267800
10720,1828900
10721,1489000
10722,1440900
10723,1535700
10724,2604900
10725,3436300
10726,1925400
10727,1499500
10728,1479300
10729,1553500
10730,2276600
10731,1884800
10732,1300200
10733,1171200
10734,1129400
10735,1297500
10736,1097400
10737,1217800
10738,2896500
10739,3675100
10740,1621500
10741,1519900
10742,1933600
10743,1606200
10744,2228000
10745,2427500
10746,2037300
10747,1520700
10748,1275800
10749,1251900
10750,1052800
10751,1477800
10752,3532600
10753,1471700
10754,1437600
10755,2416500
10756,1304800
10757,1933800
10758,1832100
10759,2000000
10760,1401100
10761,1219200
10762,1605900
10763,1371600
10764,1170700
10765,5184100
10766,1623800
10767,1387700
10768,1210600
10769,1536000
10770,1848600
10771,2206900
10772,1757100
10773,1704100
10774,1446800
10775,1609900
10776,1445900
10777,1131400
10778,3010700
10779,3615000
10780,1529500
10781,1312200
10782,1487300
10783,1871600
10784,2384200
10785,2012200
10786,1553000
10787,1737500
10788,1685800
10789,1625900
10790,1267000
10791,1076800
10792,963700
10793,1104400
10794,3438400
10795,2033800
10796,1460300
10797,1326000
10798,1459700
10799,2360200
10800,2440000
10801,2023600
10802,1468800
10803,1366600
10804,1432700
10805,1121400
10806,4164100
10807,2317300
10808,1629300
10809,1779400
10810,1256300
10811,1979500
10812,2782200
10813,1913500
10814,1755500
10815,1871200
10816,1423800
10817,1336800
10818,1149600
10819,1125300
10820,1176900
10821,1206700
10822,1914400
10823,1453900
10824,1537400
10825,1632400
10826,4634700
10827,2471200
10828,1602300
10829,1509900
10830,1379700
10831,1927300
10832,2592800
10833,2241200
10834,1573500
10835,1501000
10836,1429400
10837,1319700
10838,1347900
10839,5155400
10840,2184900
10841,1721400
10842,1730900
10843,1909200
10844,1865700
10845,2162400
10846,1813300
10847,1497800
10848,1567700
10849,1173900
10850,990600
10851,1133600
10852,3634500
10853,1557400
10854,1406900
10855,1631100
10856,1527200
10857,2156400
10858,1958400
10859,1747100
10860,1988700
10861,1483700
10862,1257200
10863,1494300
10864,2079300
10865,3977400
10866,1723500
10867,1580800
10868,1667200
10869,1665900
10870,2458300
10871,2101100
10872,1406400
10873,1280500
10874,1515200
10875,1251700
10876,1224900
10877,1102900
10878,1502300
10879,2947300
10880,1774000
10881,1298700
10882,1290900
10883,1726500
10884,1789900
10885,2257500
10886,2374100
10887,1912000
10888,1502600
10889,1771000
10890,1132700
10891,1207900
10892,1181000
10893,1814000
10894,3745600
10895,1605400
10896,1877200
10897,1313100
10898,1419800
10899,1602200
10900,2077000
10901,2175100
10902,1852500
10903,1451100
10904,1371500
10905,1477500
10906,1394900
10907,1057000
10908,1429000
10909,3232500
10910,1756700
10911,1853800
10912,1484700
10913,1818100
10914,1704100
10915,1699100
10916,1840200
10917,1273600
10918,1519300
10919,1612000
10920,1166300
10921,1042400
